run_id,horizon_ticks,demand_regime,incident_regime,mismatch_regime,seed,gate_multiplier,selected_epsilon_coverage,gate_rate,precision,false_positive_rate,false_negative_rate,abstention_rate,full_ranking_agreement,regret_sign_agreement,mean_choice_value_loss,anchors_total,anchors_comparable,anchors_excluded,tp,fp,fn,tn
calibration-s545-peak-blocked_ew-rate-and-incident-omitted-h20,20,peak,blocked_ew,rate-and-incident-omitted,545,1.0,0.3333333333333333,1.0,0.3333333333333333,1.0,0.0,0.0,0.0,0.3333333333333333,3.949999999999998,3,3,0,1,2,0,0
calibration-s541-peak-blocked_ew-heterogeneity-omitted-h2,2,peak,blocked_ew,heterogeneity-omitted,541,1.0,1.0,0.0,,0.0,,1.0,1.0,1.0,0.4166666666666667,3,3,0,0,0,0,3
calibration-s556-peak-blocked_ew-rate-and-incident-omitted-h2,2,peak,blocked_ew,rate-and-incident-omitted,556,1.0,0.6666666666666666,0.3333333333333333,0.0,0.3333333333333333,,0.6666666666666666,0.6666666666666666,0.0,1.1666666666666667,3,3,0,0,1,0,2
calibration-s560-peak-none-rate-and-incident-omitted-h6,6,peak,none,rate-and-incident-omitted,560,1.0,0.3333333333333333,0.3333333333333333,0.0,0.3333333333333333,,0.6666666666666666,0.3333333333333333,0.0,1.0555555555555565,3,3,0,0,1,0,2
calibration-s551-peak-blocked_ew-heterogeneity-omitted-h6,6,peak,blocked_ew,heterogeneity-omitted,551,1.0,0.6666666666666666,0.3333333333333333,1.0,0.0,0.0,0.6666666666666666,1.0,1.0,1.555555555555556,3,3,0,1,0,0,2
calibration-s559-peak-blocked_ew-rate-and-incident-omitted-h2,2,peak,blocked_ew,rate-and-incident-omitted,559,1.0,0.0,0.3333333333333333,0.0,0.3333333333333333,,0.6666666666666666,0.6666666666666666,0.0,1.5833333333333333,3,3,0,0,1,0,2
calibration-s554-light-none-rate-and-incident-omitted-h20,20,light,none,rate-and-incident-omitted,554,1.0,0.3333333333333333,0.6666666666666666,1.0,0.0,0.0,0.3333333333333333,1.0,1.0,0.20000000000000004,3,3,0,2,0,0,1
calibration-s558-peak-none-aligned-control-h20,20,peak,none,aligned-control,558,1.0,1.0,0.0,,0.0,,1.0,1.0,1.0,2.2000000000000006,3,3,0,0,0,0,3
calibration-s543-light-blocked_ew-heterogeneity-omitted-h6,6,light,blocked_ew,heterogeneity-omitted,543,1.0,0.6666666666666666,0.3333333333333333,1.0,0.0,0.0,0.6666666666666666,1.0,1.0,0.7777777777777786,3,3,0,1,0,0,2
calibration-s547-peak-none-rate-and-incident-omitted-h20,20,peak,none,rate-and-incident-omitted,547,1.0,0.3333333333333333,0.6666666666666666,0.5,0.5,0.0,0.3333333333333333,0.6666666666666666,0.3333333333333333,0.8833333333333329,3,3,0,1,1,0,1
calibration-s544-peak-none-rate-and-incident-omitted-h2,2,peak,none,rate-and-incident-omitted,544,1.0,1.0,0.0,,0.0,,1.0,1.0,0.3333333333333333,0.75,3,3,0,0,0,0,3
calibration-s556-peak-blocked_ew-aligned-control-h20,20,peak,blocked_ew,aligned-control,556,1.0,1.0,0.0,,0.0,,1.0,1.0,1.0,5.433333333333333,3,3,0,0,0,0,3
calibration-s552-light-blocked_ew-rate-and-incident-omitted-h2,2,light,blocked_ew,rate-and-incident-omitted,552,1.0,0.3333333333333333,0.3333333333333333,0.0,0.3333333333333333,,0.6666666666666666,0.3333333333333333,0.0,0.8333333333333334,3,3,0,0,1,0,2
calibration-s559-light-none-rate-and-incident-omitted-h6,6,light,none,rate-and-incident-omitted,559,1.0,0.6666666666666666,0.0,,0.0,,1.0,1.0,0.6666666666666666,1.7777777777777775,3,3,0,0,0,0,3
calibration-s556-light-blocked_ew-aligned-control-h20,20,light,blocked_ew,aligned-control,556,1.0,1.0,0.3333333333333333,1.0,0.0,0.0,0.6666666666666666,1.0,1.0,0.36666666666666653,3,3,0,1,0,0,2
calibration-s555-peak-blocked_ew-aligned-control-h2,2,peak,blocked_ew,aligned-control,555,1.0,1.0,0.0,,0.0,,1.0,1.0,1.0,0.8333333333333334,3,3,0,0,0,0,3
calibration-s553-light-blocked_ew-aligned-control-h2,2,light,blocked_ew,aligned-control,553,1.0,1.0,0.6666666666666666,1.0,0.0,0.0,0.3333333333333333,1.0,1.0,0.16666666666666666,3,3,0,2,0,0,1
calibration-s545-peak-blocked_ew-rate-and-incident-omitted-h2,2,peak,blocked_ew,rate-and-incident-omitted,545,1.0,0.3333333333333333,0.6666666666666666,0.5,0.5,0.0,0.3333333333333333,0.6666666666666666,0.3333333333333333,1.25,3,3,0,1,1,0,1
calibration-s542-light-blocked_ew-rate-and-incident-omitted-h20,20,light,blocked_ew,rate-and-incident-omitted,542,1.0,0.6666666666666666,0.3333333333333333,0.0,1.0,1.0,0.6666666666666666,0.0,0.6666666666666666,0.5833333333333334,3,3,0,0,1,2,0
calibration-s555-light-none-rate-and-incident-omitted-h20,20,light,none,rate-and-incident-omitted,555,1.0,0.0,0.6666666666666666,1.0,0.0,0.0,0.3333333333333333,1.0,0.6666666666666666,0.041666666666666664,3,3,0,2,0,0,1
calibration-s543-peak-blocked_ew-aligned-control-h6,6,peak,blocked_ew,aligned-control,543,1.0,1.0,0.0,,0.0,,1.0,1.0,1.0,2.0000000000000004,3,3,0,0,0,0,3
calibration-s551-light-blocked_ew-aligned-control-h2,2,light,blocked_ew,aligned-control,551,1.0,1.0,0.3333333333333333,1.0,0.0,0.0,0.6666666666666666,1.0,1.0,0.16666666666666666,3,3,0,1,0,0,2
calibration-s550-light-none-rate-and-incident-omitted-h2,2,light,none,rate-and-incident-omitted,550,1.0,1.0,0.0,,0.0,1.0,1.0,0.6666666666666666,1.0,0.75,3,3,0,0,0,1,2
calibration-s553-peak-blocked_ew-rate-and-incident-omitted-h6,6,peak,blocked_ew,rate-and-incident-omitted,553,1.0,0.0,0.3333333333333333,0.0,0.3333333333333333,,0.6666666666666666,0.6666666666666666,0.0,3.472222222222222,3,3,0,0,1,0,2
calibration-s544-peak-blocked_ew-heterogeneity-omitted-h6,6,peak,blocked_ew,heterogeneity-omitted,544,1.0,0.0,0.0,,0.0,,1.0,1.0,1.0,1.833333333333334,3,3,0,0,0,0,3
calibration-s550-peak-none-heterogeneity-omitted-h20,20,peak,none,heterogeneity-omitted,550,1.0,0.6666666666666666,0.3333333333333333,1.0,0.0,0.0,0.6666666666666666,1.0,1.0,1.1833333333333336,3,3,0,1,0,0,2
calibration-s554-light-blocked_ew-aligned-control-h2,2,light,blocked_ew,aligned-control,554,1.0,1.0,0.6666666666666666,1.0,0.0,0.0,0.3333333333333333,1.0,1.0,0.16666666666666666,3,3,0,2,0,0,1
calibration-s554-peak-blocked_ew-heterogeneity-omitted-h20,20,peak,blocked_ew,heterogeneity-omitted,554,1.0,0.6666666666666666,0.3333333333333333,1.0,0.0,0.0,0.6666666666666666,1.0,1.0,3.2333333333333343,3,3,0,1,0,0,2
calibration-s555-peak-none-aligned-control-h6,6,peak,none,aligned-control,555,1.0,1.0,0.0,,0.0,,1.0,1.0,1.0,0.9444444444444441,3,3,0,0,0,0,3
calibration-s555-light-blocked_ew-aligned-control-h2,2,light,blocked_ew,aligned-control,555,1.0,1.0,0.6666666666666666,1.0,0.0,0.0,0.3333333333333333,1.0,1.0,0.16666666666666666,3,3,0,2,0,0,1
calibration-s552-peak-blocked_ew-heterogeneity-omitted-h20,20,peak,blocked_ew,heterogeneity-omitted,552,1.0,0.6666666666666666,0.0,,0.0,,1.0,1.0,1.0,6.866666666666666,3,3,0,0,0,0,3
calibration-s549-light-none-rate-and-incident-omitted-h2,2,light,none,rate-and-incident-omitted,549,1.0,0.3333333333333333,0.6666666666666666,1.0,0.0,0.0,0.3333333333333333,0.3333333333333333,0.6666666666666666,0.5833333333333334,3,3,0,2,0,0,1
calibration-s541-light-blocked_ew-heterogeneity-omitted-h2,2,light,blocked_ew,heterogeneity-omitted,541,1.0,1.0,0.6666666666666666,1.0,0.0,0.0,0.3333333333333333,1.0,1.0,0.08333333333333333,3,3,0,2,0,0,1
calibration-s553-peak-blocked_ew-rate-and-incident-omitted-h2,2,peak,blocked_ew,rate-and-incident-omitted,553,1.0,0.6666666666666666,0.3333333333333333,0.0,0.3333333333333333,,0.6666666666666666,0.6666666666666666,0.0,0.75,3,3,0,0,1,0,2
calibration-s546-light-blocked_ew-heterogeneity-omitted-h20,20,light,blocked_ew,heterogeneity-omitted,546,1.0,1.0,0.6666666666666666,1.0,0.0,0.0,0.3333333333333333,1.0,0.6666666666666666,0.0,3,3,0,2,0,0,1
calibration-s545-light-none-aligned-control-h20,20,light,none,aligned-control,545,1.0,1.0,0.3333333333333333,1.0,0.0,0.0,0.6666666666666666,1.0,1.0,0.9333333333333332,3,3,0,1,0,0,2
calibration-s541-light-none-heterogeneity-omitted-h6,6,light,none,heterogeneity-omitted,541,1.0,0.0,0.3333333333333333,1.0,0.0,0.0,0.6666666666666666,1.0,0.6666666666666666,1.0833333333333333,3,3,0,1,0,0,2
calibration-s553-light-none-aligned-control-h20,20,light,none,aligned-control,553,1.0,1.0,0.3333333333333333,1.0,0.0,0.0,0.6666666666666666,1.0,1.0,1.5666666666666664,3,3,0,1,0,0,2
calibration-s552-peak-none-aligned-control-h20,20,peak,none,aligned-control,552,1.0,1.0,0.0,,0.0,,1.0,1.0,1.0,2.0499999999999994,3,3,0,0,0,0,3
calibration-s544-peak-blocked_ew-aligned-control-h2,2,peak,blocked_ew,aligned-control,544,1.0,1.0,0.0,,0.0,,1.0,1.0,1.0,0.8333333333333334,3,3,0,0,0,0,3
calibration-s553-light-blocked_ew-heterogeneity-omitted-h6,6,light,blocked_ew,heterogeneity-omitted,553,1.0,1.0,0.6666666666666666,1.0,0.0,0.0,0.3333333333333333,1.0,1.0,0.7777777777777786,3,3,0,2,0,0,1
calibration-s542-peak-blocked_ew-rate-and-incident-omitted-h2,2,peak,blocked_ew,rate-and-incident-omitted,542,1.0,0.0,0.6666666666666666,0.5,0.5,0.0,0.3333333333333333,0.6666666666666666,0.3333333333333333,0.9166666666666666,3,3,0,1,1,0,1
calibration-s541-peak-none-heterogeneity-omitted-h20,20,peak,none,heterogeneity-omitted,541,1.0,0.6666666666666666,0.0,,0.0,,1.0,1.0,0.6666666666666666,0.9749999999999991,3,3,0,0,0,0,3
calibration-s557-peak-none-rate-and-incident-omitted-h2,2,peak,none,rate-and-incident-omitted,557,1.0,1.0,0.0,,0.0,,1.0,0.6666666666666666,0.0,0.3333333333333333,3,3,0,0,0,0,3
calibration-s559-peak-none-heterogeneity-omitted-h2,2,peak,none,heterogeneity-omitted,559,1.0,0.6666666666666666,0.3333333333333333,1.0,0.0,0.0,0.6666666666666666,0.6666666666666666,1.0,0.3333333333333333,3,3,0,1,0,0,2
calibration-s558-peak-none-rate-and-incident-omitted-h6,6,peak,none,rate-and-incident-omitted,558,1.0,1.0,0.0,,0.0,,1.0,1.0,0.0,1.3888888888888893,3,3,0,0,0,0,3
calibration-s553-peak-none-rate-and-incident-omitted-h2,2,peak,none,rate-and-incident-omitted,553,1.0,1.0,0.0,,0.0,1.0,1.0,0.6666666666666666,0.3333333333333333,0.25,3,3,0,0,0,1,2
calibration-s542-light-none-aligned-control-h2,2,light,none,aligned-control,542,1.0,1.0,0.3333333333333333,1.0,0.0,0.0,0.6666666666666666,1.0,1.0,0.3333333333333333,3,3,0,1,0,0,2
calibration-s553-peak-none-heterogeneity-omitted-h6,6,peak,none,heterogeneity-omitted,553,1.0,1.0,0.0,,0.0,,1.0,1.0,1.0,1.0833333333333321,3,3,0,0,0,0,3
calibration-s553-peak-none-aligned-control-h2,2,peak,none,aligned-control,553,1.0,1.0,0.0,,0.0,,1.0,1.0,1.0,0.3333333333333333,3,3,0,0,0,0,3
calibration-s552-light-blocked_ew-rate-and-incident-omitted-h6,6,light,blocked_ew,rate-and-incident-omitted,552,1.0,0.6666666666666666,0.3333333333333333,0.0,0.3333333333333333,,0.6666666666666666,0.3333333333333333,0.0,1.111111111111111,3,3,0,0,1,0,2
calibration-s558-light-none-aligned-control-h2,2,light,none,aligned-control,558,1.0,1.0,0.6666666666666666,1.0,0.0,0.0,0.3333333333333333,1.0,1.0,0.0,3,3,0,2,0,0,1
calibration-s543-peak-none-rate-and-incident-omitted-h2,2,peak,none,rate-and-incident-omitted,543,1.0,1.0,0.0,,0.0,,1.0,1.0,0.0,0.25,3,3,0,0,0,0,3
calibration-s551-peak-blocked_ew-aligned-control-h2,2,peak,blocked_ew,aligned-control,551,1.0,1.0,0.3333333333333333,1.0,0.0,0.0,0.6666666666666666,1.0,1.0,0.5,3,3,0,1,0,0,2
calibration-s557-light-none-heterogeneity-omitted-h2,2,light,none,heterogeneity-omitted,557,1.0,1.0,0.0,,0.0,,1.0,1.0,1.0,0.3333333333333333,3,3,0,0,0,0,3
calibration-s557-peak-blocked_ew-rate-and-incident-omitted-h6,6,peak,blocked_ew,rate-and-incident-omitted,557,1.0,0.3333333333333333,0.3333333333333333,1.0,0.0,0.0,0.6666666666666666,0.6666666666666666,0.3333333333333333,3.2777777777777786,3,3,0,1,0,0,2
calibration-s547-light-none-heterogeneity-omitted-h6,6,light,none,heterogeneity-omitted,547,1.0,1.0,0.0,,0.0,1.0,1.0,1.0,0.6666666666666666,0.7777777777777782,3,3,0,0,0,1,2
calibration-s554-peak-none-rate-and-incident-omitted-h6,6,peak,none,rate-and-incident-omitted,554,1.0,1.0,0.0,,0.0,,1.0,1.0,0.0,0.9166666666666679,3,3,0,0,0,0,3
calibration-s552-peak-blocked_ew-aligned-control-h6,6,peak,blocked_ew,aligned-control,552,1.0,1.0,0.0,,0.0,,1.0,1.0,1.0,2.0,3,3,0,0,0,0,3
calibration-s560-light-blocked_ew-aligned-control-h2,2,light,blocked_ew,aligned-control,560,1.0,1.0,0.6666666666666666,1.0,0.0,0.0,0.3333333333333333,1.0,1.0,0.16666666666666666,3,3,0,2,0,0,1
calibration-s546-light-none-heterogeneity-omitted-h20,20,light,none,heterogeneity-omitted,546,1.0,0.6666666666666666,0.6666666666666666,1.0,0.0,0.0,0.3333333333333333,1.0,1.0,0.975,3,3,0,2,0,0,1
calibration-s549-light-none-aligned-control-h6,6,light,none,aligned-control,549,1.0,1.0,0.6666666666666666,1.0,0.0,0.0,0.3333333333333333,1.0,1.0,0.3888888888888887,3,3,0,2,0,0,1
calibration-s543-peak-none-aligned-control-h2,2,peak,none,aligned-control,543,1.0,1.0,0.0,,0.0,,1.0,1.0,1.0,0.5,3,3,0,0,0,0,3
calibration-s557-peak-blocked_ew-rate-and-incident-omitted-h2,2,peak,blocked_ew,rate-and-incident-omitted,557,1.0,0.6666666666666666,0.6666666666666666,0.5,0.5,0.0,0.3333333333333333,0.6666666666666666,0.3333333333333333,0.8333333333333334,3,3,0,1,1,0,1
calibration-s553-light-none-aligned-control-h6,6,light,none,aligned-control,553,1.0,1.0,0.0,,0.0,,1.0,1.0,1.0,2.0000000000000004,3,3,0,0,0,0,3
calibration-s553-peak-none-aligned-control-h6,6,peak,none,aligned-control,553,1.0,1.0,0.0,,0.0,,1.0,1.0,1.0,0.8333333333333357,3,3,0,0,0,0,3
calibration-s550-light-none-aligned-control-h6,6,light,none,aligned-control,550,1.0,1.0,0.3333333333333333,1.0,0.0,0.0,0.6666666666666666,1.0,1.0,1.6111111111111114,3,3,0,1,0,0,2
calibration-s557-peak-blocked_ew-heterogeneity-omitted-h6,6,peak,blocked_ew,heterogeneity-omitted,557,1.0,0.0,0.3333333333333333,1.0,0.0,0.0,0.6666666666666666,1.0,1.0,1.6666666666666667,3,3,0,1,0,0,2
calibration-s552-peak-none-heterogeneity-omitted-h2,2,peak,none,heterogeneity-omitted,552,1.0,1.0,0.0,,0.0,,1.0,1.0,1.0,0.3333333333333333,3,3,0,0,0,0,3
calibration-s558-peak-none-aligned-control-h2,2,peak,none,aligned-control,558,1.0,1.0,0.0,,0.0,,1.0,1.0,1.0,0.5,3,3,0,0,0,0,3
calibration-s550-light-none-rate-and-incident-omitted-h20,20,light,none,rate-and-incident-omitted,550,1.0,0.0,0.6666666666666666,1.0,0.0,0.0,0.3333333333333333,1.0,1.0,1.4416666666666664,3,3,0,2,0,0,1
calibration-s557-light-none-rate-and-incident-omitted-h20,20,light,none,rate-and-incident-omitted,557,1.0,0.3333333333333333,0.6666666666666666,1.0,0.0,0.0,0.3333333333333333,1.0,1.0,0.2583333333333333,3,3,0,2,0,0,1
calibration-s547-light-none-rate-and-incident-omitted-h2,2,light,none,rate-and-incident-omitted,547,1.0,1.0,0.6666666666666666,1.0,0.0,0.0,0.3333333333333333,0.6666666666666666,0.6666666666666666,0.16666666666666666,3,3,0,2,0,0,1
calibration-s547-light-blocked_ew-aligned-control-h6,6,light,blocked_ew,aligned-control,547,1.0,1.0,0.6666666666666666,1.0,0.0,0.0,0.3333333333333333,1.0,1.0,0.6666666666666666,3,3,0,2,0,0,1
calibration-s556-peak-blocked_ew-aligned-control-h6,6,peak,blocked_ew,aligned-control,556,1.0,1.0,0.0,,0.0,,1.0,1.0,1.0,2.0,3,3,0,0,0,0,3
calibration-s558-light-none-heterogeneity-omitted-h2,2,light,none,heterogeneity-omitted,558,1.0,0.0,0.6666666666666666,1.0,0.0,0.0,0.3333333333333333,0.6666666666666666,0.6666666666666666,0.08333333333333333,3,3,0,2,0,0,1
calibration-s547-light-blocked_ew-aligned-control-h20,20,light,blocked_ew,aligned-control,547,1.0,1.0,0.6666666666666666,1.0,0.0,0.0,0.3333333333333333,1.0,1.0,0.0,3,3,0,2,0,0,1
calibration-s548-light-blocked_ew-rate-and-incident-omitted-h6,6,light,blocked_ew,rate-and-incident-omitted,548,1.0,0.3333333333333333,0.3333333333333333,0.0,0.5,1.0,0.6666666666666666,0.3333333333333333,0.3333333333333333,0.7777777777777782,3,3,0,0,1,1,1
calibration-s541-light-blocked_ew-rate-and-incident-omitted-h6,6,light,blocked_ew,rate-and-incident-omitted,541,1.0,0.6666666666666666,0.0,,0.0,1.0,1.0,0.3333333333333333,0.6666666666666666,0.9444444444444441,3,3,0,0,0,2,1
calibration-s552-peak-none-heterogeneity-omitted-h6,6,peak,none,heterogeneity-omitted,552,1.0,1.0,0.0,,0.0,,1.0,1.0,1.0,0.8611111111111102,3,3,0,0,0,0,3
calibration-s544-light-none-aligned-control-h20,20,light,none,aligned-control,544,1.0,1.0,0.6666666666666666,1.0,0.0,0.0,0.3333333333333333,1.0,1.0,0.6833333333333335,3,3,0,2,0,0,1
calibration-s551-peak-none-aligned-control-h2,2,peak,none,aligned-control,551,1.0,1.0,0.0,,0.0,,1.0,1.0,1.0,0.5,3,3,0,0,0,0,3
calibration-s554-light-none-aligned-control-h2,2,light,none,aligned-control,554,1.0,1.0,0.3333333333333333,1.0,0.0,0.0,0.6666666666666666,1.0,1.0,0.16666666666666666,3,3,0,1,0,0,2
calibration-s541-peak-blocked_ew-rate-and-incident-omitted-h6,6,peak,blocked_ew,rate-and-incident-omitted,541,1.0,0.0,0.3333333333333333,0.0,0.3333333333333333,,0.6666666666666666,0.6666666666666666,0.0,3.527777777777777,3,3,0,0,1,0,2
calibration-s548-light-blocked_ew-rate-and-incident-omitted-h20,20,light,blocked_ew,rate-and-incident-omitted,548,1.0,0.3333333333333333,0.6666666666666666,0.0,1.0,1.0,0.3333333333333333,0.0,0.3333333333333333,0.4166666666666667,3,3,0,0,2,1,0
calibration-s558-light-blocked_ew-heterogeneity-omitted-h6,6,light,blocked_ew,heterogeneity-omitted,558,1.0,1.0,0.3333333333333333,1.0,0.0,0.0,0.6666666666666666,1.0,1.0,0.722222222222222,3,3,0,1,0,0,2
calibration-s557-light-blocked_ew-aligned-control-h20,20,light,blocked_ew,aligned-control,557,1.0,1.0,0.6666666666666666,1.0,0.0,0.0,0.3333333333333333,1.0,1.0,0.14999999999999977,3,3,0,2,0,0,1
calibration-s543-light-blocked_ew-rate-and-incident-omitted-h6,6,light,blocked_ew,rate-and-incident-omitted,543,1.0,0.6666666666666666,0.0,,0.0,1.0,1.0,0.3333333333333333,0.3333333333333333,0.9444444444444452,3,3,0,0,0,1,2
calibration-s546-light-none-rate-and-incident-omitted-h20,20,light,none,rate-and-incident-omitted,546,1.0,0.0,0.6666666666666666,1.0,0.0,0.0,0.3333333333333333,1.0,1.0,0.975,3,3,0,2,0,0,1
calibration-s558-peak-blocked_ew-heterogeneity-omitted-h6,6,peak,blocked_ew,heterogeneity-omitted,558,1.0,1.0,0.0,,0.0,,1.0,1.0,1.0,2.1666666666666656,3,3,0,0,0,0,3
calibration-s545-peak-none-aligned-control-h6,6,peak,none,aligned-control,545,1.0,1.0,0.0,,0.0,,1.0,1.0,1.0,0.8888888888888881,3,3,0,0,0,0,3
calibration-s544-peak-none-rate-and-incident-omitted-h20,20,peak,none,rate-and-incident-omitted,544,1.0,0.6666666666666666,0.3333333333333333,0.0,0.3333333333333333,,0.6666666666666666,0.6666666666666666,0.0,0.5583333333333348,3,3,0,0,1,0,2
calibration-s546-peak-none-heterogeneity-omitted-h20,20,peak,none,heterogeneity-omitted,546,1.0,1.0,0.0,,0.0,,1.0,1.0,1.0,1.4833333333333332,3,3,0,0,0,0,3
calibration-s558-light-blocked_ew-rate-and-incident-omitted-h2,2,light,blocked_ew,rate-and-incident-omitted,558,1.0,0.6666666666666666,0.0,,0.0,1.0,1.0,0.0,0.3333333333333333,0.4166666666666667,3,3,0,0,0,1,2
calibration-s558-light-blocked_ew-heterogeneity-omitted-h2,2,light,blocked_ew,heterogeneity-omitted,558,1.0,0.6666666666666666,0.3333333333333333,1.0,0.0,0.0,0.6666666666666666,1.0,1.0,0.25,3,3,0,1,0,0,2
calibration-s556-light-none-aligned-control-h6,6,light,none,aligned-control,556,1.0,1.0,0.3333333333333333,1.0,0.0,0.0,0.6666666666666666,1.0,1.0,0.5555555555555548,3,3,0,1,0,0,2
calibration-s543-light-none-heterogeneity-omitted-h2,2,light,none,heterogeneity-omitted,543,1.0,1.0,0.3333333333333333,1.0,0.0,0.0,0.6666666666666666,1.0,0.3333333333333333,0.08333333333333333,3,3,0,1,0,0,2
calibration-s557-peak-none-aligned-control-h2,2,peak,none,aligned-control,557,1.0,1.0,0.0,,0.0,,1.0,1.0,1.0,0.3333333333333333,3,3,0,0,0,0,3
calibration-s551-light-blocked_ew-rate-and-incident-omitted-h2,2,light,blocked_ew,rate-and-incident-omitted,551,1.0,0.6666666666666666,0.6666666666666666,0.5,0.5,0.0,0.3333333333333333,0.0,0.3333333333333333,0.9166666666666666,3,3,0,1,1,0,1
calibration-s549-peak-blocked_ew-aligned-control-h20,20,peak,blocked_ew,aligned-control,549,1.0,1.0,0.3333333333333333,1.0,0.0,0.0,0.6666666666666666,1.0,1.0,3.433333333333333,3,3,0,1,0,0,2
calibration-s551-peak-none-heterogeneity-omitted-h2,2,peak,none,heterogeneity-omitted,551,1.0,1.0,0.0,,0.0,,1.0,1.0,1.0,0.75,3,3,0,0,0,0,3
calibration-s551-peak-none-rate-and-incident-omitted-h6,6,peak,none,rate-and-incident-omitted,551,1.0,0.3333333333333333,0.3333333333333333,0.0,0.3333333333333333,,0.6666666666666666,0.3333333333333333,0.0,1.2500000000000007,3,3,0,0,1,0,2
calibration-s552-light-blocked_ew-rate-and-incident-omitted-h20,20,light,blocked_ew,rate-and-incident-omitted,552,1.0,0.3333333333333333,0.6666666666666666,0.0,0.6666666666666666,1.0,0.3333333333333333,0.0,0.3333333333333333,1.6333333333333335,3,3,0,0,2,1,0
calibration-s546-light-blocked_ew-aligned-control-h6,6,light,blocked_ew,aligned-control,546,1.0,1.0,0.3333333333333333,1.0,0.0,0.0,0.6666666666666666,1.0,1.0,0.6666666666666666,3,3,0,1,0,0,2
calibration-s554-peak-none-heterogeneity-omitted-h20,20,peak,none,heterogeneity-omitted,554,1.0,1.0,0.0,,0.0,,1.0,1.0,1.0,1.6749999999999996,3,3,0,0,0,0,3
calibration-s550-peak-blocked_ew-rate-and-incident-omitted-h6,6,peak,blocked_ew,rate-and-incident-omitted,550,1.0,0.0,0.6666666666666666,0.0,0.6666666666666666,,0.3333333333333333,0.3333333333333333,0.0,1.5555555555555547,3,3,0,0,2,0,1
calibration-s560-peak-none-rate-and-incident-omitted-h2,2,peak,none,rate-and-incident-omitted,560,1.0,1.0,0.0,,0.0,,1.0,1.0,0.0,0.25,3,3,0,0,0,0,3
calibration-s546-peak-none-aligned-control-h20,20,peak,none,aligned-control,546,1.0,1.0,0.0,,0.0,,1.0,1.0,1.0,1.9166666666666667,3,3,0,0,0,0,3
calibration-s556-light-blocked_ew-heterogeneity-omitted-h20,20,light,blocked_ew,heterogeneity-omitted,556,1.0,1.0,0.3333333333333333,1.0,0.0,0.0,0.6666666666666666,1.0,1.0,0.36666666666666653,3,3,0,1,0,0,2
calibration-s560-light-none-rate-and-incident-omitted-h2,2,light,none,rate-and-incident-omitted,560,1.0,1.0,0.6666666666666666,1.0,0.0,0.0,0.3333333333333333,0.3333333333333333,0.6666666666666666,0.08333333333333333,3,3,0,2,0,0,1
calibration-s560-light-blocked_ew-rate-and-incident-omitted-h20,20,light,blocked_ew,rate-and-incident-omitted,560,1.0,0.6666666666666666,0.6666666666666666,0.5,1.0,0.5,0.3333333333333333,0.0,0.6666666666666666,0.7333333333333334,3,3,0,1,1,1,0
calibration-s546-light-blocked_ew-aligned-control-h20,20,light,blocked_ew,aligned-control,546,1.0,1.0,0.6666666666666666,1.0,0.0,0.0,0.3333333333333333,1.0,1.0,0.0,3,3,0,2,0,0,1
calibration-s546-light-blocked_ew-aligned-control-h2,2,light,blocked_ew,aligned-control,546,1.0,1.0,0.3333333333333333,1.0,0.0,0.0,0.6666666666666666,1.0,1.0,0.16666666666666666,3,3,0,1,0,0,2
calibration-s554-peak-none-aligned-control-h6,6,peak,none,aligned-control,554,1.0,1.0,0.0,,0.0,,1.0,1.0,1.0,0.8333333333333334,3,3,0,0,0,0,3
calibration-s557-light-blocked_ew-rate-and-incident-omitted-h2,2,light,blocked_ew,rate-and-incident-omitted,557,1.0,0.6666666666666666,0.3333333333333333,0.0,1.0,1.0,0.6666666666666666,0.0,0.6666666666666666,0.5,3,3,0,0,1,2,0
calibration-s549-peak-blocked_ew-heterogeneity-omitted-h2,2,peak,blocked_ew,heterogeneity-omitted,549,1.0,0.0,0.3333333333333333,1.0,0.0,0.0,0.6666666666666666,1.0,1.0,0.75,3,3,0,1,0,0,2
calibration-s545-light-blocked_ew-aligned-control-h6,6,light,blocked_ew,aligned-control,545,1.0,1.0,0.6666666666666666,1.0,0.0,0.0,0.3333333333333333,1.0,1.0,0.6666666666666666,3,3,0,2,0,0,1
calibration-s545-peak-blocked_ew-aligned-control-h2,2,peak,blocked_ew,aligned-control,545,1.0,1.0,0.3333333333333333,1.0,0.0,0.0,0.6666666666666666,1.0,1.0,0.5,3,3,0,1,0,0,2
calibration-s545-light-none-heterogeneity-omitted-h20,20,light,none,heterogeneity-omitted,545,1.0,0.0,0.3333333333333333,1.0,0.0,0.0,0.6666666666666666,1.0,1.0,1.175,3,3,0,1,0,0,2
calibration-s560-peak-blocked_ew-heterogeneity-omitted-h20,20,peak,blocked_ew,heterogeneity-omitted,560,1.0,0.6666666666666666,0.0,,0.0,,1.0,1.0,1.0,6.366666666666666,3,3,0,0,0,0,3
calibration-s547-light-none-rate-and-incident-omitted-h20,20,light,none,rate-and-incident-omitted,547,1.0,0.0,1.0,0.6666666666666666,1.0,0.0,0.0,0.6666666666666666,0.6666666666666666,0.25,3,3,0,2,1,0,0
calibration-s552-light-none-heterogeneity-omitted-h2,2,light,none,heterogeneity-omitted,552,1.0,1.0,0.3333333333333333,1.0,0.0,0.0,0.6666666666666666,1.0,1.0,0.16666666666666666,3,3,0,1,0,0,2
calibration-s552-peak-blocked_ew-rate-and-incident-omitted-h2,2,peak,blocked_ew,rate-and-incident-omitted,552,1.0,0.6666666666666666,0.3333333333333333,0.0,0.3333333333333333,,0.6666666666666666,0.6666666666666666,0.0,1.1666666666666667,3,3,0,0,1,0,2
calibration-s550-peak-blocked_ew-rate-and-incident-omitted-h2,2,peak,blocked_ew,rate-and-incident-omitted,550,1.0,0.0,0.3333333333333333,0.0,0.3333333333333333,,0.6666666666666666,0.6666666666666666,0.0,1.75,3,3,0,0,1,0,2
calibration-s550-peak-none-rate-and-incident-omitted-h6,6,peak,none,rate-and-incident-omitted,550,1.0,0.6666666666666666,0.3333333333333333,0.0,0.3333333333333333,,0.6666666666666666,0.6666666666666666,0.0,0.8333333333333327,3,3,0,0,1,0,2
calibration-s557-peak-none-rate-and-incident-omitted-h20,20,peak,none,rate-and-incident-omitted,557,1.0,0.3333333333333333,0.6666666666666666,0.5,0.5,0.0,0.3333333333333333,0.6666666666666666,0.3333333333333333,1.216666666666665,3,3,0,1,1,0,1
calibration-s558-light-blocked_ew-aligned-control-h6,6,light,blocked_ew,aligned-control,558,1.0,1.0,0.3333333333333333,1.0,0.0,0.0,0.6666666666666666,1.0,1.0,0.6666666666666661,3,3,0,1,0,0,2
calibration-s547-light-none-heterogeneity-omitted-h2,2,light,none,heterogeneity-omitted,547,1.0,1.0,0.3333333333333333,1.0,0.0,0.5,0.6666666666666666,0.3333333333333333,1.0,0.3333333333333333,3,3,0,1,0,1,1
calibration-s553-peak-blocked_ew-aligned-control-h20,20,peak,blocked_ew,aligned-control,553,1.0,1.0,0.0,,0.0,,1.0,1.0,1.0,5.183333333333334,3,3,0,0,0,0,3
calibration-s546-light-blocked_ew-heterogeneity-omitted-h6,6,light,blocked_ew,heterogeneity-omitted,546,1.0,0.6666666666666666,0.3333333333333333,1.0,0.0,0.0,0.6666666666666666,1.0,1.0,0.5555555555555554,3,3,0,1,0,0,2
calibration-s560-light-none-heterogeneity-omitted-h6,6,light,none,heterogeneity-omitted,560,1.0,0.6666666666666666,0.3333333333333333,1.0,0.0,0.5,0.6666666666666666,0.6666666666666666,1.0,0.3333333333333333,3,3,0,1,0,1,1
calibration-s544-peak-blocked_ew-rate-and-incident-omitted-h2,2,peak,blocked_ew,rate-and-incident-omitted,544,1.0,0.0,0.3333333333333333,0.0,0.3333333333333333,,0.6666666666666666,0.6666666666666666,0.0,1.75,3,3,0,0,1,0,2
calibration-s560-peak-blocked_ew-aligned-control-h6,6,peak,blocked_ew,aligned-control,560,1.0,1.0,0.0,,0.0,,1.0,1.0,1.0,1.9999999999999993,3,3,0,0,0,0,3
calibration-s554-light-blocked_ew-aligned-control-h20,20,light,blocked_ew,aligned-control,554,1.0,1.0,0.6666666666666666,1.0,0.0,0.0,0.3333333333333333,1.0,1.0,0.6333333333333334,3,3,0,2,0,0,1
calibration-s558-peak-blocked_ew-heterogeneity-omitted-h2,2,peak,blocked_ew,heterogeneity-omitted,558,1.0,0.0,0.0,,0.0,,1.0,1.0,1.0,1.25,3,3,0,0,0,0,3
calibration-s559-light-blocked_ew-aligned-control-h2,2,light,blocked_ew,aligned-control,559,1.0,1.0,0.6666666666666666,1.0,0.0,0.0,0.3333333333333333,1.0,1.0,0.16666666666666666,3,3,0,2,0,0,1
calibration-s549-light-blocked_ew-aligned-control-h2,2,light,blocked_ew,aligned-control,549,1.0,1.0,0.6666666666666666,1.0,0.0,0.0,0.3333333333333333,1.0,1.0,0.16666666666666666,3,3,0,2,0,0,1
calibration-s552-light-none-heterogeneity-omitted-h6,6,light,none,heterogeneity-omitted,552,1.0,0.3333333333333333,0.3333333333333333,1.0,0.0,0.0,0.6666666666666666,1.0,1.0,0.666666666666667,3,3,0,1,0,0,2
calibration-s548-peak-none-rate-and-incident-omitted-h20,20,peak,none,rate-and-incident-omitted,548,1.0,0.0,0.6666666666666666,0.0,0.6666666666666666,,0.3333333333333333,0.3333333333333333,0.0,0.7833333333333332,3,3,0,0,2,0,1
calibration-s544-peak-none-rate-and-incident-omitted-h6,6,peak,none,rate-and-incident-omitted,544,1.0,0.6666666666666666,0.0,,0.0,,1.0,1.0,0.0,0.7500000000000012,3,3,0,0,0,0,3
calibration-s559-light-blocked_ew-heterogeneity-omitted-h20,20,light,blocked_ew,heterogeneity-omitted,559,1.0,1.0,0.6666666666666666,1.0,0.0,0.0,0.3333333333333333,1.0,1.0,0.10000000000000024,3,3,0,2,0,0,1
calibration-s545-peak-none-heterogeneity-omitted-h6,6,peak,none,heterogeneity-omitted,545,1.0,0.6666666666666666,0.0,,0.0,,1.0,1.0,1.0,0.8333333333333321,3,3,0,0,0,0,3
calibration-s545-light-blocked_ew-aligned-control-h20,20,light,blocked_ew,aligned-control,545,1.0,1.0,0.6666666666666666,1.0,0.0,0.0,0.3333333333333333,1.0,1.0,0.06666666666666643,3,3,0,2,0,0,1
calibration-s543-peak-blocked_ew-rate-and-incident-omitted-h2,2,peak,blocked_ew,rate-and-incident-omitted,543,1.0,0.6666666666666666,0.3333333333333333,0.0,0.3333333333333333,,0.6666666666666666,0.6666666666666666,0.0,0.75,3,3,0,0,1,0,2
calibration-s555-peak-blocked_ew-aligned-control-h20,20,peak,blocked_ew,aligned-control,555,1.0,1.0,0.0,,0.0,,1.0,1.0,1.0,5.400000000000001,3,3,0,0,0,0,3
calibration-s543-peak-blocked_ew-heterogeneity-omitted-h6,6,peak,blocked_ew,heterogeneity-omitted,543,1.0,0.0,0.0,,0.0,,1.0,1.0,1.0,2.333333333333334,3,3,0,0,0,0,3
calibration-s544-peak-blocked_ew-heterogeneity-omitted-h20,20,peak,blocked_ew,heterogeneity-omitted,544,1.0,0.0,0.0,,0.0,,1.0,1.0,1.0,3.4166666666666665,3,3,0,0,0,0,3
calibration-s549-light-none-rate-and-incident-omitted-h20,20,light,none,rate-and-incident-omitted,549,1.0,0.0,1.0,1.0,,0.0,0.0,1.0,1.0,0.0,3,3,0,3,0,0,0
calibration-s545-peak-none-rate-and-incident-omitted-h20,20,peak,none,rate-and-incident-omitted,545,1.0,0.0,0.6666666666666666,0.0,0.6666666666666666,,0.3333333333333333,0.3333333333333333,0.0,1.0249999999999986,3,3,0,0,2,0,1
calibration-s555-light-blocked_ew-rate-and-incident-omitted-h2,2,light,blocked_ew,rate-and-incident-omitted,555,1.0,0.6666666666666666,1.0,0.6666666666666666,1.0,0.0,0.0,0.0,0.6666666666666666,0.5833333333333334,3,3,0,2,1,0,0
calibration-s560-light-blocked_ew-rate-and-incident-omitted-h6,6,light,blocked_ew,rate-and-incident-omitted,560,1.0,1.0,0.3333333333333333,1.0,0.0,0.5,0.6666666666666666,0.3333333333333333,0.6666666666666666,0.8333333333333331,3,3,0,1,0,1,1
calibration-s558-light-none-aligned-control-h6,6,light,none,aligned-control,558,1.0,1.0,0.0,,0.0,,1.0,1.0,1.0,0.8888888888888885,3,3,0,0,0,0,3
calibration-s552-peak-none-rate-and-incident-omitted-h6,6,peak,none,rate-and-incident-omitted,552,1.0,0.3333333333333333,0.3333333333333333,0.0,0.3333333333333333,,0.6666666666666666,0.6666666666666666,0.0,0.8611111111111102,3,3,0,0,1,0,2
calibration-s556-light-none-aligned-control-h2,2,light,none,aligned-control,556,1.0,1.0,0.6666666666666666,1.0,0.0,0.0,0.3333333333333333,1.0,1.0,0.0,3,3,0,2,0,0,1
calibration-s542-light-blocked_ew-heterogeneity-omitted-h6,6,light,blocked_ew,heterogeneity-omitted,542,1.0,0.6666666666666666,0.3333333333333333,1.0,0.0,0.0,0.6666666666666666,1.0,1.0,0.7777777777777773,3,3,0,1,0,0,2
calibration-s545-light-blocked_ew-heterogeneity-omitted-h2,2,light,blocked_ew,heterogeneity-omitted,545,1.0,1.0,0.6666666666666666,1.0,0.0,0.0,0.3333333333333333,1.0,1.0,0.25,3,3,0,2,0,0,1
calibration-s554-peak-none-rate-and-incident-omitted-h2,2,peak,none,rate-and-incident-omitted,554,1.0,1.0,0.0,,0.0,,1.0,1.0,0.0,0.5833333333333334,3,3,0,0,0,0,3
calibration-s543-peak-none-aligned-control-h6,6,peak,none,aligned-control,543,1.0,1.0,0.0,,0.0,,1.0,1.0,1.0,0.8888888888888881,3,3,0,0,0,0,3
calibration-s555-light-blocked_ew-heterogeneity-omitted-h2,2,light,blocked_ew,heterogeneity-omitted,555,1.0,0.3333333333333333,0.6666666666666666,1.0,0.0,0.0,0.3333333333333333,1.0,0.6666666666666666,0.08333333333333333,3,3,0,2,0,0,1
calibration-s556-light-none-rate-and-incident-omitted-h20,20,light,none,rate-and-incident-omitted,556,1.0,0.0,1.0,0.6666666666666666,1.0,0.0,0.0,0.6666666666666666,0.6666666666666666,0.5416666666666666,3,3,0,2,1,0,0
calibration-s548-light-blocked_ew-aligned-control-h2,2,light,blocked_ew,aligned-control,548,1.0,1.0,0.3333333333333333,1.0,0.0,0.0,0.6666666666666666,1.0,1.0,0.5,3,3,0,1,0,0,2
calibration-s551-peak-none-aligned-control-h20,20,peak,none,aligned-control,551,1.0,1.0,0.0,,0.0,,1.0,1.0,1.0,1.5499999999999996,3,3,0,0,0,0,3
calibration-s545-peak-none-rate-and-incident-omitted-h6,6,peak,none,rate-and-incident-omitted,545,1.0,1.0,0.0,,0.0,,1.0,1.0,0.0,0.8333333333333321,3,3,0,0,0,0,3
calibration-s547-peak-blocked_ew-aligned-control-h20,20,peak,blocked_ew,aligned-control,547,1.0,1.0,0.0,,0.0,,1.0,1.0,1.0,4.85,3,3,0,0,0,0,3
calibration-s548-peak-none-rate-and-incident-omitted-h6,6,peak,none,rate-and-incident-omitted,548,1.0,0.6666666666666666,0.3333333333333333,0.0,0.3333333333333333,,0.6666666666666666,0.6666666666666666,0.0,0.9444444444444441,3,3,0,0,1,0,2
calibration-s557-peak-none-aligned-control-h6,6,peak,none,aligned-control,557,1.0,1.0,0.0,,0.0,,1.0,1.0,1.0,0.8888888888888893,3,3,0,0,0,0,3
calibration-s552-peak-none-aligned-control-h6,6,peak,none,aligned-control,552,1.0,1.0,0.0,,0.0,,1.0,1.0,1.0,0.9444444444444446,3,3,0,0,0,0,3
calibration-s542-light-blocked_ew-aligned-control-h2,2,light,blocked_ew,aligned-control,542,1.0,1.0,0.3333333333333333,1.0,0.0,0.0,0.6666666666666666,1.0,1.0,0.16666666666666666,3,3,0,1,0,0,2
calibration-s543-light-none-rate-and-incident-omitted-h6,6,light,none,rate-and-incident-omitted,543,1.0,0.6666666666666666,0.3333333333333333,1.0,0.0,0.0,0.6666666666666666,1.0,0.3333333333333333,0.5000000000000006,3,3,0,1,0,0,2
calibration-s549-light-none-heterogeneity-omitted-h6,6,light,none,heterogeneity-omitted,549,1.0,0.0,0.6666666666666666,1.0,0.0,0.0,0.3333333333333333,0.6666666666666666,1.0,0.2499999999999997,3,3,0,2,0,0,1
calibration-s560-peak-blocked_ew-aligned-control-h2,2,peak,blocked_ew,aligned-control,560,1.0,1.0,0.0,,0.0,,1.0,1.0,1.0,0.8333333333333334,3,3,0,0,0,0,3
calibration-s547-light-blocked_ew-rate-and-incident-omitted-h2,2,light,blocked_ew,rate-and-incident-omitted,547,1.0,0.6666666666666666,1.0,0.6666666666666666,1.0,0.0,0.0,0.0,0.6666666666666666,0.8333333333333334,3,3,0,2,1,0,0
calibration-s550-light-blocked_ew-heterogeneity-omitted-h20,20,light,blocked_ew,heterogeneity-omitted,550,1.0,1.0,0.6666666666666666,1.0,0.0,0.0,0.3333333333333333,1.0,1.0,0.35000000000000026,3,3,0,2,0,0,1
calibration-s560-light-none-aligned-control-h2,2,light,none,aligned-control,560,1.0,1.0,0.6666666666666666,1.0,0.0,0.0,0.3333333333333333,1.0,1.0,0.0,3,3,0,2,0,0,1
calibration-s550-peak-none-rate-and-incident-omitted-h2,2,peak,none,rate-and-incident-omitted,550,1.0,1.0,0.0,,0.0,,1.0,1.0,0.0,0.5,3,3,0,0,0,0,3
calibration-s551-light-blocked_ew-heterogeneity-omitted-h6,6,light,blocked_ew,heterogeneity-omitted,551,1.0,0.6666666666666666,0.3333333333333333,1.0,0.0,0.0,0.6666666666666666,1.0,1.0,0.8333333333333334,3,3,0,1,0,0,2
calibration-s554-peak-none-aligned-control-h2,2,peak,none,aligned-control,554,1.0,1.0,0.0,,0.0,,1.0,1.0,1.0,0.3333333333333333,3,3,0,0,0,0,3
calibration-s545-peak-none-heterogeneity-omitted-h20,20,peak,none,heterogeneity-omitted,545,1.0,1.0,0.0,,0.0,,1.0,1.0,0.3333333333333333,1.0249999999999986,3,3,0,0,0,0,3
calibration-s557-light-blocked_ew-aligned-control-h6,6,light,blocked_ew,aligned-control,557,1.0,1.0,0.6666666666666666,1.0,0.0,0.0,0.3333333333333333,1.0,1.0,0.6666666666666666,3,3,0,2,0,0,1
calibration-s548-peak-blocked_ew-aligned-control-h20,20,peak,blocked_ew,aligned-control,548,1.0,1.0,0.0,,0.0,,1.0,1.0,1.0,5.499999999999999,3,3,0,0,0,0,3
calibration-s558-light-none-rate-and-incident-omitted-h20,20,light,none,rate-and-incident-omitted,558,1.0,0.0,0.6666666666666666,1.0,0.0,0.0,0.3333333333333333,1.0,1.0,0.7333333333333333,3,3,0,2,0,0,1
calibration-s551-light-blocked_ew-heterogeneity-omitted-h2,2,light,blocked_ew,heterogeneity-omitted,551,1.0,0.6666666666666666,0.3333333333333333,1.0,0.0,0.0,0.6666666666666666,1.0,1.0,0.25,3,3,0,1,0,0,2
calibration-s559-light-none-aligned-control-h6,6,light,none,aligned-control,559,1.0,1.0,0.0,,0.0,,1.0,1.0,1.0,1.6111111111111114,3,3,0,0,0,0,3
calibration-s560-light-blocked_ew-aligned-control-h20,20,light,blocked_ew,aligned-control,560,1.0,1.0,0.6666666666666666,1.0,0.0,0.0,0.3333333333333333,1.0,1.0,0.2666666666666669,3,3,0,2,0,0,1
calibration-s557-light-none-aligned-control-h6,6,light,none,aligned-control,557,1.0,1.0,0.3333333333333333,1.0,0.0,0.0,0.6666666666666666,1.0,1.0,0.888888888888889,3,3,0,1,0,0,2
calibration-s550-light-blocked_ew-rate-and-incident-omitted-h2,2,light,blocked_ew,rate-and-incident-omitted,550,1.0,0.6666666666666666,0.3333333333333333,0.0,0.5,1.0,0.6666666666666666,0.0,0.3333333333333333,0.75,3,3,0,0,1,1,1
calibration-s550-light-blocked_ew-rate-and-incident-omitted-h20,20,light,blocked_ew,rate-and-incident-omitted,550,1.0,0.6666666666666666,0.3333333333333333,0.0,0.5,1.0,0.6666666666666666,0.0,0.6666666666666666,0.8000000000000004,3,3,0,0,1,2,0
calibration-s545-peak-blocked_ew-aligned-control-h20,20,peak,blocked_ew,aligned-control,545,1.0,1.0,0.3333333333333333,1.0,0.0,0.0,0.6666666666666666,1.0,1.0,3.066666666666665,3,3,0,1,0,0,2
calibration-s556-light-blocked_ew-heterogeneity-omitted-h2,2,light,blocked_ew,heterogeneity-omitted,556,1.0,1.0,0.3333333333333333,1.0,0.0,0.0,0.6666666666666666,1.0,1.0,0.3333333333333333,3,3,0,1,0,0,2
calibration-s547-peak-blocked_ew-rate-and-incident-omitted-h20,20,peak,blocked_ew,rate-and-incident-omitted,547,1.0,0.0,1.0,0.0,1.0,,0.0,0.0,0.0,4.1000000000000005,3,3,0,0,3,0,0
calibration-s550-light-none-aligned-control-h20,20,light,none,aligned-control,550,1.0,1.0,0.6666666666666666,1.0,0.0,0.0,0.3333333333333333,1.0,1.0,1.5,3,3,0,2,0,0,1
calibration-s555-light-none-aligned-control-h20,20,light,none,aligned-control,555,1.0,1.0,0.6666666666666666,1.0,0.0,0.0,0.3333333333333333,1.0,1.0,0.04999999999999997,3,3,0,2,0,0,1
calibration-s546-peak-blocked_ew-rate-and-incident-omitted-h6,6,peak,blocked_ew,rate-and-incident-omitted,546,1.0,0.3333333333333333,0.0,,0.0,,1.0,1.0,0.0,1.6666666666666654,3,3,0,0,0,0,3
calibration-s547-peak-none-aligned-control-h20,20,peak,none,aligned-control,547,1.0,1.0,0.0,,0.0,,1.0,1.0,1.0,1.1666666666666679,3,3,0,0,0,0,3
calibration-s554-light-blocked_ew-heterogeneity-omitted-h2,2,light,blocked_ew,heterogeneity-omitted,554,1.0,1.0,0.6666666666666666,1.0,0.0,0.0,0.3333333333333333,1.0,1.0,0.25,3,3,0,2,0,0,1
calibration-s545-light-blocked_ew-rate-and-incident-omitted-h20,20,light,blocked_ew,rate-and-incident-omitted,545,1.0,0.6666666666666666,0.6666666666666666,0.5,1.0,0.5,0.3333333333333333,0.0,0.6666666666666666,0.5166666666666665,3,3,0,1,1,1,0
calibration-s545-light-none-rate-and-incident-omitted-h2,2,light,none,rate-and-incident-omitted,545,1.0,1.0,0.0,,0.0,1.0,1.0,0.6666666666666666,1.0,0.4166666666666667,3,3,0,0,0,1,2
calibration-s545-peak-blocked_ew-aligned-control-h6,6,peak,blocked_ew,aligned-control,545,1.0,1.0,0.3333333333333333,1.0,0.0,0.0,0.6666666666666666,1.0,1.0,1.3333333333333333,3,3,0,1,0,0,2
calibration-s549-light-blocked_ew-rate-and-incident-omitted-h2,2,light,blocked_ew,rate-and-incident-omitted,549,1.0,0.6666666666666666,0.0,,0.0,1.0,1.0,0.0,0.6666666666666666,0.4166666666666667,3,3,0,0,0,2,1
calibration-s547-peak-blocked_ew-aligned-control-h6,6,peak,blocked_ew,aligned-control,547,1.0,1.0,0.0,,0.0,,1.0,1.0,1.0,2.0,3,3,0,0,0,0,3
calibration-s550-peak-blocked_ew-rate-and-incident-omitted-h20,20,peak,blocked_ew,rate-and-incident-omitted,550,1.0,0.0,1.0,0.0,1.0,,0.0,0.0,0.0,3.383333333333335,3,3,0,0,3,0,0
calibration-s559-light-blocked_ew-aligned-control-h6,6,light,blocked_ew,aligned-control,559,1.0,1.0,0.6666666666666666,1.0,0.0,0.0,0.3333333333333333,1.0,1.0,0.6666666666666666,3,3,0,2,0,0,1
calibration-s547-peak-none-rate-and-incident-omitted-h2,2,peak,none,rate-and-incident-omitted,547,1.0,1.0,0.0,,0.0,,1.0,1.0,0.0,0.5,3,3,0,0,0,0,3
calibration-s559-light-blocked_ew-rate-and-incident-omitted-h6,6,light,blocked_ew,rate-and-incident-omitted,559,1.0,0.6666666666666666,0.3333333333333333,1.0,0.0,0.5,0.6666666666666666,0.3333333333333333,0.6666666666666666,0.888888888888889,3,3,0,1,0,1,1
calibration-s543-light-none-rate-and-incident-omitted-h2,2,light,none,rate-and-incident-omitted,543,1.0,0.6666666666666666,0.3333333333333333,0.0,0.5,1.0,0.6666666666666666,0.0,0.3333333333333333,0.08333333333333333,3,3,0,0,1,1,1
calibration-s557-peak-blocked_ew-heterogeneity-omitted-h20,20,peak,blocked_ew,heterogeneity-omitted,557,1.0,0.6666666666666666,0.3333333333333333,1.0,0.0,0.0,0.6666666666666666,1.0,1.0,3.9666666666666672,3,3,0,1,0,0,2
calibration-s556-peak-blocked_ew-heterogeneity-omitted-h6,6,peak,blocked_ew,heterogeneity-omitted,556,1.0,1.0,0.0,,0.0,,1.0,1.0,1.0,2.1666666666666683,3,3,0,0,0,0,3
calibration-s546-peak-blocked_ew-aligned-control-h2,2,peak,blocked_ew,aligned-control,546,1.0,1.0,0.0,,0.0,,1.0,1.0,1.0,0.8333333333333334,3,3,0,0,0,0,3
calibration-s557-peak-blocked_ew-aligned-control-h2,2,peak,blocked_ew,aligned-control,557,1.0,1.0,0.3333333333333333,1.0,0.0,0.0,0.6666666666666666,1.0,1.0,0.5,3,3,0,1,0,0,2
calibration-s542-peak-blocked_ew-rate-and-incident-omitted-h20,20,peak,blocked_ew,rate-and-incident-omitted,542,1.0,0.3333333333333333,0.6666666666666666,0.5,0.5,0.0,0.3333333333333333,0.3333333333333333,0.3333333333333333,4.083333333333333,3,3,0,1,1,0,1
calibration-s559-light-blocked_ew-heterogeneity-omitted-h6,6,light,blocked_ew,heterogeneity-omitted,559,1.0,1.0,0.6666666666666666,1.0,0.0,0.0,0.3333333333333333,1.0,1.0,0.777777777777778,3,3,0,2,0,0,1
calibration-s543-light-blocked_ew-heterogeneity-omitted-h2,2,light,blocked_ew,heterogeneity-omitted,543,1.0,1.0,0.3333333333333333,1.0,0.0,0.0,0.6666666666666666,1.0,1.0,0.08333333333333333,3,3,0,1,0,0,2
calibration-s543-peak-none-heterogeneity-omitted-h20,20,peak,none,heterogeneity-omitted,543,1.0,0.0,0.0,,0.0,,1.0,1.0,1.0,1.0833333333333346,3,3,0,0,0,0,3
calibration-s543-light-none-rate-and-incident-omitted-h20,20,light,none,rate-and-incident-omitted,543,1.0,0.0,0.6666666666666666,1.0,0.0,0.0,0.3333333333333333,1.0,1.0,0.5166666666666666,3,3,0,2,0,0,1
calibration-s551-light-blocked_ew-aligned-control-h20,20,light,blocked_ew,aligned-control,551,1.0,1.0,0.6666666666666666,1.0,0.0,0.0,0.3333333333333333,1.0,1.0,0.3333333333333333,3,3,0,2,0,0,1
calibration-s549-peak-none-aligned-control-h20,20,peak,none,aligned-control,549,1.0,1.0,0.6666666666666666,1.0,0.0,0.0,0.3333333333333333,1.0,1.0,0.75,3,3,0,2,0,0,1
calibration-s550-peak-none-heterogeneity-omitted-h2,2,peak,none,heterogeneity-omitted,550,1.0,1.0,0.0,,0.0,,1.0,0.6666666666666666,0.6666666666666666,0.75,3,3,0,0,0,0,3
calibration-s553-light-blocked_ew-aligned-control-h20,20,light,blocked_ew,aligned-control,553,1.0,1.0,0.6666666666666666,1.0,0.0,0.0,0.3333333333333333,1.0,1.0,0.2833333333333338,3,3,0,2,0,0,1
calibration-s546-peak-none-rate-and-incident-omitted-h20,20,peak,none,rate-and-incident-omitted,546,1.0,0.3333333333333333,0.3333333333333333,0.0,0.3333333333333333,,0.6666666666666666,0.6666666666666666,0.0,1.4833333333333332,3,3,0,0,1,0,2
calibration-s555-peak-blocked_ew-heterogeneity-omitted-h20,20,peak,blocked_ew,heterogeneity-omitted,555,1.0,1.0,0.0,,0.0,,1.0,1.0,1.0,4.700000000000002,3,3,0,0,0,0,3
calibration-s546-light-none-heterogeneity-omitted-h6,6,light,none,heterogeneity-omitted,546,1.0,0.6666666666666666,0.3333333333333333,1.0,0.0,0.0,0.6666666666666666,1.0,1.0,1.5833333333333333,3,3,0,1,0,0,2
calibration-s552-light-none-aligned-control-h2,2,light,none,aligned-control,552,1.0,1.0,0.3333333333333333,1.0,0.0,0.0,0.6666666666666666,1.0,1.0,0.16666666666666666,3,3,0,1,0,0,2
calibration-s542-light-blocked_ew-rate-and-incident-omitted-h6,6,light,blocked_ew,rate-and-incident-omitted,542,1.0,0.6666666666666666,0.0,,0.0,1.0,1.0,0.3333333333333333,0.3333333333333333,0.9444444444444441,3,3,0,0,0,1,2
calibration-s555-peak-none-rate-and-incident-omitted-h2,2,peak,none,rate-and-incident-omitted,555,1.0,1.0,0.0,,0.0,,1.0,0.6666666666666666,0.0,0.16666666666666666,3,3,0,0,0,0,3
calibration-s554-peak-none-heterogeneity-omitted-h6,6,peak,none,heterogeneity-omitted,554,1.0,1.0,0.0,,0.0,,1.0,1.0,1.0,0.9166666666666679,3,3,0,0,0,0,3
calibration-s544-light-none-rate-and-incident-omitted-h2,2,light,none,rate-and-incident-omitted,544,1.0,0.6666666666666666,0.3333333333333333,1.0,0.0,0.0,0.6666666666666666,1.0,1.0,0.75,3,3,0,1,0,0,2
calibration-s557-peak-none-heterogeneity-omitted-h2,2,peak,none,heterogeneity-omitted,557,1.0,1.0,0.0,,0.0,,1.0,1.0,1.0,0.3333333333333333,3,3,0,0,0,0,3
calibration-s546-peak-blocked_ew-heterogeneity-omitted-h6,6,peak,blocked_ew,heterogeneity-omitted,546,1.0,0.0,0.0,,0.0,,1.0,1.0,1.0,1.6666666666666654,3,3,0,0,0,0,3
calibration-s556-peak-none-aligned-control-h20,20,peak,none,aligned-control,556,1.0,1.0,0.3333333333333333,1.0,0.0,0.0,0.6666666666666666,1.0,1.0,1.1666666666666679,3,3,0,1,0,0,2
calibration-s553-light-none-heterogeneity-omitted-h2,2,light,none,heterogeneity-omitted,553,1.0,1.0,0.0,,0.0,,1.0,1.0,0.6666666666666666,0.6666666666666666,3,3,0,0,0,0,3
calibration-s546-peak-none-aligned-control-h2,2,peak,none,aligned-control,546,1.0,1.0,0.0,,0.0,,1.0,1.0,1.0,0.3333333333333333,3,3,0,0,0,0,3
calibration-s548-peak-blocked_ew-aligned-control-h2,2,peak,blocked_ew,aligned-control,548,1.0,1.0,0.0,,0.0,,1.0,1.0,1.0,0.8333333333333334,3,3,0,0,0,0,3
calibration-s556-peak-blocked_ew-heterogeneity-omitted-h20,20,peak,blocked_ew,heterogeneity-omitted,556,1.0,1.0,0.0,,0.0,,1.0,1.0,1.0,5.066666666666667,3,3,0,0,0,0,3
calibration-s551-light-none-aligned-control-h2,2,light,none,aligned-control,551,1.0,1.0,0.3333333333333333,1.0,0.0,0.0,0.6666666666666666,1.0,1.0,0.5,3,3,0,1,0,0,2
calibration-s550-light-blocked_ew-aligned-control-h6,6,light,blocked_ew,aligned-control,550,1.0,1.0,0.3333333333333333,1.0,0.0,0.0,0.6666666666666666,1.0,1.0,0.6666666666666661,3,3,0,1,0,0,2
calibration-s560-peak-blocked_ew-rate-and-incident-omitted-h2,2,peak,blocked_ew,rate-and-incident-omitted,560,1.0,0.6666666666666666,0.3333333333333333,0.0,0.3333333333333333,,0.6666666666666666,0.6666666666666666,0.0,0.9166666666666666,3,3,0,0,1,0,2
calibration-s556-light-blocked_ew-rate-and-incident-omitted-h6,6,light,blocked_ew,rate-and-incident-omitted,556,1.0,0.3333333333333333,0.3333333333333333,0.0,0.5,1.0,0.6666666666666666,0.3333333333333333,0.3333333333333333,0.8888888888888887,3,3,0,0,1,1,1
calibration-s553-peak-none-aligned-control-h20,20,peak,none,aligned-control,553,1.0,1.0,0.0,,0.0,,1.0,1.0,1.0,1.4333333333333347,3,3,0,0,0,0,3
calibration-s547-peak-blocked_ew-heterogeneity-omitted-h6,6,peak,blocked_ew,heterogeneity-omitted,547,1.0,1.0,0.0,,0.0,,1.0,1.0,1.0,2.1111111111111094,3,3,0,0,0,0,3
calibration-s541-peak-blocked_ew-aligned-control-h2,2,peak,blocked_ew,aligned-control,541,1.0,1.0,0.0,,0.0,,1.0,1.0,1.0,0.8333333333333334,3,3,0,0,0,0,3
calibration-s546-peak-none-heterogeneity-omitted-h2,2,peak,none,heterogeneity-omitted,546,1.0,1.0,0.0,,0.0,,1.0,0.6666666666666666,1.0,0.5833333333333334,3,3,0,0,0,0,3
calibration-s554-peak-blocked_ew-heterogeneity-omitted-h6,6,peak,blocked_ew,heterogeneity-omitted,554,1.0,0.6666666666666666,0.3333333333333333,1.0,0.0,0.0,0.6666666666666666,1.0,1.0,1.4444444444444435,3,3,0,1,0,0,2
calibration-s544-peak-none-aligned-control-h6,6,peak,none,aligned-control,544,1.0,1.0,0.0,,0.0,,1.0,1.0,1.0,0.8888888888888893,3,3,0,0,0,0,3
calibration-s548-light-none-heterogeneity-omitted-h20,20,light,none,heterogeneity-omitted,548,1.0,1.0,0.3333333333333333,1.0,0.0,0.0,0.6666666666666666,1.0,1.0,1.5833333333333333,3,3,0,1,0,0,2
calibration-s548-peak-blocked_ew-rate-and-incident-omitted-h20,20,peak,blocked_ew,rate-and-incident-omitted,548,1.0,0.0,1.0,0.0,1.0,,0.0,0.0,0.0,5.25,3,3,0,0,3,0,0
calibration-s559-light-none-heterogeneity-omitted-h2,2,light,none,heterogeneity-omitted,559,1.0,1.0,0.0,,0.0,,1.0,0.6666666666666666,0.6666666666666666,0.4166666666666667,3,3,0,0,0,0,3
calibration-s552-light-blocked_ew-aligned-control-h20,20,light,blocked_ew,aligned-control,552,1.0,1.0,0.3333333333333333,1.0,0.0,0.0,0.6666666666666666,1.0,1.0,1.3000000000000005,3,3,0,1,0,0,2
calibration-s547-light-none-aligned-control-h6,6,light,none,aligned-control,547,1.0,1.0,0.3333333333333333,1.0,0.0,0.0,0.6666666666666666,1.0,1.0,0.5555555555555557,3,3,0,1,0,0,2
calibration-s553-peak-blocked_ew-rate-and-incident-omitted-h20,20,peak,blocked_ew,rate-and-incident-omitted,553,1.0,0.0,1.0,0.0,1.0,,0.0,0.0,0.0,5.683333333333333,3,3,0,0,3,0,0
calibration-s560-light-none-rate-and-incident-omitted-h6,6,light,none,rate-and-incident-omitted,560,1.0,1.0,0.3333333333333333,1.0,0.0,0.5,0.6666666666666666,0.6666666666666666,0.6666666666666666,0.3333333333333333,3,3,0,1,0,1,1
calibration-s542-peak-none-heterogeneity-omitted-h2,2,peak,none,heterogeneity-omitted,542,1.0,0.0,0.0,,0.0,,1.0,0.6666666666666666,0.0,0.5833333333333334,3,3,0,0,0,0,3
calibration-s546-peak-blocked_ew-heterogeneity-omitted-h2,2,peak,blocked_ew,heterogeneity-omitted,546,1.0,1.0,0.0,,0.0,,1.0,1.0,1.0,1.25,3,3,0,0,0,0,3
calibration-s558-peak-blocked_ew-rate-and-incident-omitted-h6,6,peak,blocked_ew,rate-and-incident-omitted,558,1.0,0.0,0.0,,0.0,,1.0,1.0,0.0,2.1666666666666656,3,3,0,0,0,0,3
calibration-s554-peak-none-rate-and-incident-omitted-h20,20,peak,none,rate-and-incident-omitted,554,1.0,0.0,0.6666666666666666,0.0,0.6666666666666666,,0.3333333333333333,0.3333333333333333,0.0,1.6749999999999996,3,3,0,0,2,0,1
calibration-s553-peak-blocked_ew-heterogeneity-omitted-h20,20,peak,blocked_ew,heterogeneity-omitted,553,1.0,0.6666666666666666,0.0,,0.0,,1.0,1.0,1.0,5.683333333333333,3,3,0,0,0,0,3
calibration-s548-light-none-heterogeneity-omitted-h6,6,light,none,heterogeneity-omitted,548,1.0,1.0,0.0,,0.0,,1.0,1.0,1.0,1.888888888888889,3,3,0,0,0,0,3
calibration-s541-light-none-rate-and-incident-omitted-h2,2,light,none,rate-and-incident-omitted,541,1.0,0.6666666666666666,0.3333333333333333,1.0,0.0,0.0,0.6666666666666666,0.3333333333333333,0.3333333333333333,0.25,3,3,0,1,0,0,2
calibration-s544-light-blocked_ew-aligned-control-h6,6,light,blocked_ew,aligned-control,544,1.0,1.0,0.0,,0.0,,1.0,1.0,1.0,1.222222222222222,3,3,0,0,0,0,3
calibration-s544-light-none-heterogeneity-omitted-h2,2,light,none,heterogeneity-omitted,544,1.0,0.6666666666666666,0.0,,0.0,1.0,1.0,0.6666666666666666,0.6666666666666666,0.75,3,3,0,0,0,1,2
calibration-s559-peak-blocked_ew-rate-and-incident-omitted-h6,6,peak,blocked_ew,rate-and-incident-omitted,559,1.0,0.0,0.0,,0.0,,1.0,1.0,0.0,2.3333333333333344,3,3,0,0,0,0,3
calibration-s559-light-blocked_ew-aligned-control-h20,20,light,blocked_ew,aligned-control,559,1.0,1.0,0.6666666666666666,1.0,0.0,0.0,0.3333333333333333,1.0,1.0,0.10000000000000024,3,3,0,2,0,0,1
calibration-s558-peak-blocked_ew-rate-and-incident-omitted-h20,20,peak,blocked_ew,rate-and-incident-omitted,558,1.0,0.0,0.6666666666666666,0.0,0.6666666666666666,,0.3333333333333333,0.3333333333333333,0.0,4.366666666666668,3,3,0,0,2,0,1
calibration-s546-light-none-aligned-control-h2,2,light,none,aligned-control,546,1.0,1.0,0.3333333333333333,1.0,0.0,0.0,0.6666666666666666,1.0,1.0,0.3333333333333333,3,3,0,1,0,0,2
calibration-s560-light-none-heterogeneity-omitted-h20,20,light,none,heterogeneity-omitted,560,1.0,0.3333333333333333,0.6666666666666666,1.0,0.0,0.0,0.3333333333333333,1.0,1.0,0.2666666666666666,3,3,0,2,0,0,1
calibration-s543-light-blocked_ew-rate-and-incident-omitted-h20,20,light,blocked_ew,rate-and-incident-omitted,543,1.0,0.6666666666666666,0.3333333333333333,0.0,1.0,1.0,0.6666666666666666,0.0,0.6666666666666666,0.2499999999999997,3,3,0,0,1,2,0
calibration-s544-light-blocked_ew-aligned-control-h20,20,light,blocked_ew,aligned-control,544,1.0,1.0,0.0,,0.0,,1.0,1.0,1.0,0.4000000000000001,3,3,0,0,0,0,3
calibration-s542-peak-none-aligned-control-h20,20,peak,none,aligned-control,542,1.0,1.0,0.0,,0.0,,1.0,1.0,1.0,1.5333333333333339,3,3,0,0,0,0,3
calibration-s549-light-blocked_ew-heterogeneity-omitted-h2,2,light,blocked_ew,heterogeneity-omitted,549,1.0,0.6666666666666666,0.6666666666666666,1.0,0.0,0.0,0.3333333333333333,1.0,1.0,0.25,3,3,0,2,0,0,1
calibration-s553-light-none-aligned-control-h2,2,light,none,aligned-control,553,1.0,1.0,0.0,,0.0,,1.0,1.0,1.0,0.6666666666666666,3,3,0,0,0,0,3
calibration-s551-light-none-rate-and-incident-omitted-h20,20,light,none,rate-and-incident-omitted,551,1.0,0.0,0.6666666666666666,1.0,0.0,0.0,0.3333333333333333,1.0,1.0,1.5916666666666668,3,3,0,2,0,0,1
calibration-s554-peak-blocked_ew-heterogeneity-omitted-h2,2,peak,blocked_ew,heterogeneity-omitted,554,1.0,0.6666666666666666,0.3333333333333333,1.0,0.0,0.0,0.6666666666666666,1.0,1.0,0.75,3,3,0,1,0,0,2
calibration-s541-peak-none-heterogeneity-omitted-h6,6,peak,none,heterogeneity-omitted,541,1.0,0.0,0.0,,0.0,,1.0,1.0,1.0,1.3055555555555565,3,3,0,0,0,0,3
calibration-s543-peak-blocked_ew-aligned-control-h20,20,peak,blocked_ew,aligned-control,543,1.0,1.0,0.0,,0.0,,1.0,1.0,1.0,4.983333333333333,3,3,0,0,0,0,3
calibration-s543-light-none-heterogeneity-omitted-h20,20,light,none,heterogeneity-omitted,543,1.0,0.3333333333333333,0.6666666666666666,1.0,0.0,0.0,0.3333333333333333,1.0,1.0,0.5166666666666666,3,3,0,2,0,0,1
calibration-s549-peak-none-rate-and-incident-omitted-h2,2,peak,none,rate-and-incident-omitted,549,1.0,1.0,0.0,,0.0,,1.0,1.0,0.0,0.75,3,3,0,0,0,0,3
calibration-s544-peak-blocked_ew-aligned-control-h6,6,peak,blocked_ew,aligned-control,544,1.0,1.0,0.0,,0.0,,1.0,1.0,1.0,1.9999999999999993,3,3,0,0,0,0,3
calibration-s545-light-blocked_ew-heterogeneity-omitted-h6,6,light,blocked_ew,heterogeneity-omitted,545,1.0,0.6666666666666666,0.6666666666666666,1.0,0.0,0.0,0.3333333333333333,1.0,1.0,0.6111111111111107,3,3,0,2,0,0,1
calibration-s551-peak-blocked_ew-heterogeneity-omitted-h20,20,peak,blocked_ew,heterogeneity-omitted,551,1.0,0.3333333333333333,0.3333333333333333,1.0,0.0,0.0,0.6666666666666666,1.0,1.0,2.766666666666668,3,3,0,1,0,0,2
calibration-s551-peak-blocked_ew-heterogeneity-omitted-h2,2,peak,blocked_ew,heterogeneity-omitted,551,1.0,0.6666666666666666,0.3333333333333333,1.0,0.0,0.0,0.6666666666666666,1.0,1.0,0.75,3,3,0,1,0,0,2
calibration-s555-light-blocked_ew-heterogeneity-omitted-h20,20,light,blocked_ew,heterogeneity-omitted,555,1.0,0.0,0.6666666666666666,1.0,0.0,0.0,0.3333333333333333,1.0,1.0,0.2333333333333337,3,3,0,2,0,0,1
calibration-s541-peak-none-rate-and-incident-omitted-h20,20,peak,none,rate-and-incident-omitted,541,1.0,0.3333333333333333,0.3333333333333333,0.0,0.3333333333333333,,0.6666666666666666,0.6666666666666666,0.0,0.9749999999999991,3,3,0,0,1,0,2
calibration-s556-light-blocked_ew-heterogeneity-omitted-h6,6,light,blocked_ew,heterogeneity-omitted,556,1.0,1.0,0.3333333333333333,1.0,0.0,0.0,0.6666666666666666,1.0,1.0,0.8888888888888887,3,3,0,1,0,0,2
calibration-s560-peak-blocked_ew-heterogeneity-omitted-h6,6,peak,blocked_ew,heterogeneity-omitted,560,1.0,1.0,0.0,,0.0,,1.0,1.0,1.0,1.9999999999999993,3,3,0,0,0,0,3
calibration-s556-peak-none-heterogeneity-omitted-h6,6,peak,none,heterogeneity-omitted,556,1.0,1.0,0.3333333333333333,1.0,0.0,0.0,0.6666666666666666,1.0,1.0,0.8611111111111119,3,3,0,1,0,0,2
calibration-s553-peak-none-rate-and-incident-omitted-h6,6,peak,none,rate-and-incident-omitted,553,1.0,1.0,0.0,,0.0,,1.0,1.0,0.0,1.0833333333333321,3,3,0,0,0,0,3
calibration-s544-light-blocked_ew-rate-and-incident-omitted-h20,20,light,blocked_ew,rate-and-incident-omitted,544,1.0,0.0,1.0,0.0,1.0,,0.0,0.0,0.0,0.40000000000000036,3,3,0,0,3,0,0
calibration-s545-light-none-aligned-control-h2,2,light,none,aligned-control,545,1.0,1.0,0.3333333333333333,1.0,0.0,0.0,0.6666666666666666,1.0,1.0,0.16666666666666666,3,3,0,1,0,0,2
calibration-s551-light-none-heterogeneity-omitted-h20,20,light,none,heterogeneity-omitted,551,1.0,1.0,0.3333333333333333,1.0,0.0,0.5,0.6666666666666666,1.0,1.0,1.5916666666666668,3,3,0,1,0,1,1
calibration-s555-light-blocked_ew-heterogeneity-omitted-h6,6,light,blocked_ew,heterogeneity-omitted,555,1.0,0.0,0.6666666666666666,1.0,0.0,0.0,0.3333333333333333,1.0,1.0,0.8333333333333327,3,3,0,2,0,0,1
calibration-s548-light-none-rate-and-incident-omitted-h20,20,light,none,rate-and-incident-omitted,548,1.0,0.0,0.3333333333333333,1.0,0.0,0.0,0.6666666666666666,1.0,1.0,1.5833333333333333,3,3,0,1,0,0,2
calibration-s555-light-none-aligned-control-h2,2,light,none,aligned-control,555,1.0,1.0,0.3333333333333333,1.0,0.0,0.0,0.6666666666666666,1.0,1.0,0.16666666666666666,3,3,0,1,0,0,2
calibration-s542-peak-blocked_ew-heterogeneity-omitted-h20,20,peak,blocked_ew,heterogeneity-omitted,542,1.0,0.6666666666666666,0.3333333333333333,1.0,0.0,0.0,0.6666666666666666,1.0,1.0,3.1666666666666665,3,3,0,1,0,0,2
calibration-s543-light-blocked_ew-aligned-control-h20,20,light,blocked_ew,aligned-control,543,1.0,1.0,0.6666666666666666,1.0,0.0,0.0,0.3333333333333333,1.0,1.0,0.10000000000000024,3,3,0,2,0,0,1
calibration-s555-peak-none-rate-and-incident-omitted-h6,6,peak,none,rate-and-incident-omitted,555,1.0,0.6666666666666666,0.3333333333333333,0.0,0.3333333333333333,,0.6666666666666666,0.6666666666666666,0.0,1.25,3,3,0,0,1,0,2
calibration-s545-peak-none-aligned-control-h20,20,peak,none,aligned-control,545,1.0,1.0,0.0,,0.0,,1.0,1.0,1.0,1.3166666666666664,3,3,0,0,0,0,3
calibration-s559-light-none-heterogeneity-omitted-h20,20,light,none,heterogeneity-omitted,559,1.0,0.3333333333333333,0.3333333333333333,1.0,0.0,0.5,0.6666666666666666,1.0,0.6666666666666666,1.0166666666666666,3,3,0,1,0,1,1
calibration-s541-peak-blocked_ew-rate-and-incident-omitted-h2,2,peak,blocked_ew,rate-and-incident-omitted,541,1.0,0.6666666666666666,0.3333333333333333,0.0,0.3333333333333333,,0.6666666666666666,0.6666666666666666,0.0,0.75,3,3,0,0,1,0,2
calibration-s543-peak-blocked_ew-heterogeneity-omitted-h20,20,peak,blocked_ew,heterogeneity-omitted,543,1.0,0.3333333333333333,0.0,,0.0,,1.0,1.0,1.0,4.549999999999998,3,3,0,0,0,0,3
calibration-s551-peak-blocked_ew-aligned-control-h20,20,peak,blocked_ew,aligned-control,551,1.0,1.0,0.3333333333333333,1.0,0.0,0.0,0.6666666666666666,1.0,1.0,2.7833333333333337,3,3,0,1,0,0,2
calibration-s547-peak-blocked_ew-aligned-control-h2,2,peak,blocked_ew,aligned-control,547,1.0,1.0,0.0,,0.0,,1.0,1.0,1.0,0.8333333333333334,3,3,0,0,0,0,3
calibration-s552-light-none-heterogeneity-omitted-h20,20,light,none,heterogeneity-omitted,552,1.0,0.0,0.6666666666666666,1.0,,0.3333333333333333,0.3333333333333333,0.6666666666666666,0.6666666666666666,0.0,3,3,0,2,0,1,0
calibration-s551-light-none-aligned-control-h6,6,light,none,aligned-control,551,1.0,1.0,0.3333333333333333,1.0,0.0,0.0,0.6666666666666666,1.0,1.0,1.7222222222222225,3,3,0,1,0,0,2
calibration-s554-peak-blocked_ew-aligned-control-h2,2,peak,blocked_ew,aligned-control,554,1.0,1.0,0.3333333333333333,1.0,0.0,0.0,0.6666666666666666,1.0,1.0,0.5,3,3,0,1,0,0,2
calibration-s543-light-blocked_ew-aligned-control-h6,6,light,blocked_ew,aligned-control,543,1.0,1.0,0.3333333333333333,1.0,0.0,0.0,0.6666666666666666,1.0,1.0,0.6666666666666666,3,3,0,1,0,0,2
calibration-s550-light-none-heterogeneity-omitted-h20,20,light,none,heterogeneity-omitted,550,1.0,0.6666666666666666,0.6666666666666666,1.0,0.0,0.0,0.3333333333333333,1.0,1.0,1.4416666666666664,3,3,0,2,0,0,1
calibration-s553-light-blocked_ew-rate-and-incident-omitted-h6,6,light,blocked_ew,rate-and-incident-omitted,553,1.0,0.6666666666666666,0.0,,0.0,1.0,1.0,0.3333333333333333,0.6666666666666666,0.7777777777777786,3,3,0,0,0,2,1
calibration-s555-light-none-rate-and-incident-omitted-h6,6,light,none,rate-and-incident-omitted,555,1.0,0.6666666666666666,0.3333333333333333,1.0,0.0,0.0,0.6666666666666666,1.0,0.6666666666666666,0.9444444444444442,3,3,0,1,0,0,2
calibration-s559-peak-blocked_ew-aligned-control-h2,2,peak,blocked_ew,aligned-control,559,1.0,1.0,0.0,,0.0,,1.0,1.0,1.0,0.8333333333333334,3,3,0,0,0,0,3
calibration-s543-peak-none-aligned-control-h20,20,peak,none,aligned-control,543,1.0,1.0,0.0,,0.0,,1.0,1.0,1.0,1.4333333333333336,3,3,0,0,0,0,3
calibration-s541-light-none-heterogeneity-omitted-h2,2,light,none,heterogeneity-omitted,541,1.0,1.0,0.3333333333333333,1.0,0.0,0.0,0.6666666666666666,0.6666666666666666,0.6666666666666666,0.16666666666666666,3,3,0,1,0,0,2
calibration-s554-light-blocked_ew-rate-and-incident-omitted-h2,2,light,blocked_ew,rate-and-incident-omitted,554,1.0,0.6666666666666666,0.6666666666666666,0.5,1.0,0.5,0.3333333333333333,0.0,0.6666666666666666,0.75,3,3,0,1,1,1,0
calibration-s547-light-blocked_ew-heterogeneity-omitted-h20,20,light,blocked_ew,heterogeneity-omitted,547,1.0,0.6666666666666666,0.6666666666666666,1.0,0.0,0.0,0.3333333333333333,1.0,0.6666666666666666,0.0,3,3,0,2,0,0,1
calibration-s555-peak-none-heterogeneity-omitted-h2,2,peak,none,heterogeneity-omitted,555,1.0,1.0,0.0,,0.0,,1.0,1.0,0.0,0.16666666666666666,3,3,0,0,0,0,3
calibration-s551-light-none-heterogeneity-omitted-h6,6,light,none,heterogeneity-omitted,551,1.0,1.0,0.3333333333333333,1.0,0.0,0.0,0.6666666666666666,1.0,1.0,2.166666666666667,3,3,0,1,0,0,2
calibration-s543-peak-blocked_ew-heterogeneity-omitted-h2,2,peak,blocked_ew,heterogeneity-omitted,543,1.0,1.0,0.0,,0.0,,1.0,1.0,1.0,0.4166666666666667,3,3,0,0,0,0,3
calibration-s548-peak-blocked_ew-rate-and-incident-omitted-h2,2,peak,blocked_ew,rate-and-incident-omitted,548,1.0,0.6666666666666666,0.3333333333333333,0.0,0.3333333333333333,,0.6666666666666666,0.6666666666666666,0.0,1.3333333333333333,3,3,0,0,1,0,2
calibration-s555-peak-blocked_ew-heterogeneity-omitted-h2,2,peak,blocked_ew,heterogeneity-omitted,555,1.0,1.0,0.0,,0.0,,1.0,1.0,0.0,0.4166666666666667,3,3,0,0,0,0,3
calibration-s553-light-blocked_ew-rate-and-incident-omitted-h20,20,light,blocked_ew,rate-and-incident-omitted,553,1.0,0.6666666666666666,0.3333333333333333,0.0,1.0,1.0,0.6666666666666666,0.0,0.6666666666666666,0.38333333333333375,3,3,0,0,1,2,0
calibration-s543-light-blocked_ew-heterogeneity-omitted-h20,20,light,blocked_ew,heterogeneity-omitted,543,1.0,1.0,0.6666666666666666,1.0,0.0,0.0,0.3333333333333333,1.0,1.0,0.09999999999999964,3,3,0,2,0,0,1
calibration-s550-light-none-rate-and-incident-omitted-h6,6,light,none,rate-and-incident-omitted,550,1.0,0.3333333333333333,0.3333333333333333,0.0,0.3333333333333333,,0.6666666666666666,0.6666666666666666,0.3333333333333333,1.777777777777778,3,3,0,0,1,0,2
calibration-s550-light-none-heterogeneity-omitted-h6,6,light,none,heterogeneity-omitted,550,1.0,0.6666666666666666,0.0,,0.0,,1.0,0.6666666666666666,0.6666666666666666,1.777777777777778,3,3,0,0,0,0,3
calibration-s544-peak-blocked_ew-aligned-control-h20,20,peak,blocked_ew,aligned-control,544,1.0,1.0,0.0,,0.0,,1.0,1.0,1.0,4.8500000000000005,3,3,0,0,0,0,3
calibration-s541-peak-blocked_ew-heterogeneity-omitted-h20,20,peak,blocked_ew,heterogeneity-omitted,541,1.0,0.6666666666666666,0.0,,0.0,,1.0,1.0,1.0,3.683333333333333,3,3,0,0,0,0,3
calibration-s547-light-none-aligned-control-h20,20,light,none,aligned-control,547,1.0,1.0,0.6666666666666666,1.0,0.0,0.0,0.3333333333333333,1.0,1.0,0.20000000000000018,3,3,0,2,0,0,1
calibration-s555-peak-none-heterogeneity-omitted-h20,20,peak,none,heterogeneity-omitted,555,1.0,0.6666666666666666,0.0,,0.0,,1.0,1.0,0.3333333333333333,1.3666666666666671,3,3,0,0,0,0,3
calibration-s542-light-none-rate-and-incident-omitted-h2,2,light,none,rate-and-incident-omitted,542,1.0,0.6666666666666666,0.3333333333333333,1.0,0.0,0.0,0.6666666666666666,0.6666666666666666,0.6666666666666666,0.5,3,3,0,1,0,0,2
calibration-s547-peak-none-heterogeneity-omitted-h20,20,peak,none,heterogeneity-omitted,547,1.0,0.3333333333333333,0.0,,0.0,1.0,1.0,0.6666666666666666,0.6666666666666666,0.8833333333333329,3,3,0,0,0,1,2
calibration-s559-light-none-rate-and-incident-omitted-h2,2,light,none,rate-and-incident-omitted,559,1.0,1.0,0.0,,0.0,,1.0,0.6666666666666666,0.3333333333333333,0.4166666666666667,3,3,0,0,0,0,3
calibration-s560-peak-blocked_ew-rate-and-incident-omitted-h20,20,peak,blocked_ew,rate-and-incident-omitted,560,1.0,0.0,0.3333333333333333,0.0,0.3333333333333333,,0.6666666666666666,0.6666666666666666,0.0,6.366666666666666,3,3,0,0,1,0,2
calibration-s553-peak-blocked_ew-aligned-control-h2,2,peak,blocked_ew,aligned-control,553,1.0,1.0,0.0,,0.0,,1.0,1.0,1.0,0.8333333333333334,3,3,0,0,0,0,3
calibration-s553-light-blocked_ew-aligned-control-h6,6,light,blocked_ew,aligned-control,553,1.0,1.0,0.6666666666666666,1.0,0.0,0.0,0.3333333333333333,1.0,1.0,0.6666666666666666,3,3,0,2,0,0,1
calibration-s555-peak-blocked_ew-rate-and-incident-omitted-h6,6,peak,blocked_ew,rate-and-incident-omitted,555,1.0,0.0,0.0,,0.0,,1.0,1.0,0.0,3.0277777777777763,3,3,0,0,0,0,3
calibration-s548-light-none-rate-and-incident-omitted-h2,2,light,none,rate-and-incident-omitted,548,1.0,1.0,0.0,,0.0,,1.0,0.6666666666666666,0.3333333333333333,0.6666666666666666,3,3,0,0,0,0,3
calibration-s549-peak-none-aligned-control-h6,6,peak,none,aligned-control,549,1.0,1.0,0.0,,0.0,,1.0,1.0,1.0,0.9999999999999994,3,3,0,0,0,0,3
calibration-s559-peak-none-heterogeneity-omitted-h6,6,peak,none,heterogeneity-omitted,559,1.0,1.0,0.0,,0.0,,1.0,0.6666666666666666,1.0,0.7500000000000018,3,3,0,0,0,0,3
calibration-s558-light-blocked_ew-rate-and-incident-omitted-h20,20,light,blocked_ew,rate-and-incident-omitted,558,1.0,0.6666666666666666,0.3333333333333333,0.0,0.5,1.0,0.6666666666666666,0.0,0.6666666666666666,0.6166666666666668,3,3,0,0,1,2,0
calibration-s549-peak-none-heterogeneity-omitted-h6,6,peak,none,heterogeneity-omitted,549,1.0,0.3333333333333333,0.0,,0.0,,1.0,1.0,1.0,0.6666666666666661,3,3,0,0,0,0,3
calibration-s545-light-blocked_ew-heterogeneity-omitted-h20,20,light,blocked_ew,heterogeneity-omitted,545,1.0,1.0,0.6666666666666666,1.0,0.0,0.0,0.3333333333333333,1.0,0.6666666666666666,0.06666666666666643,3,3,0,2,0,0,1
calibration-s548-light-none-aligned-control-h20,20,light,none,aligned-control,548,1.0,1.0,0.3333333333333333,1.0,0.0,0.0,0.6666666666666666,1.0,1.0,1.5,3,3,0,1,0,0,2
calibration-s551-light-none-rate-and-incident-omitted-h6,6,light,none,rate-and-incident-omitted,551,1.0,0.3333333333333333,0.3333333333333333,1.0,0.0,0.0,0.6666666666666666,1.0,1.0,2.166666666666667,3,3,0,1,0,0,2
calibration-s541-peak-none-aligned-control-h2,2,peak,none,aligned-control,541,1.0,1.0,0.0,,0.0,,1.0,1.0,1.0,0.3333333333333333,3,3,0,0,0,0,3
calibration-s555-light-none-heterogeneity-omitted-h6,6,light,none,heterogeneity-omitted,555,1.0,0.3333333333333333,0.3333333333333333,1.0,0.0,0.0,0.6666666666666666,1.0,1.0,0.9444444444444442,3,3,0,1,0,0,2
calibration-s544-peak-none-heterogeneity-omitted-h20,20,peak,none,heterogeneity-omitted,544,1.0,0.0,0.0,,0.0,,1.0,1.0,1.0,0.5583333333333348,3,3,0,0,0,0,3
calibration-s554-light-none-aligned-control-h6,6,light,none,aligned-control,554,1.0,1.0,0.3333333333333333,1.0,0.0,0.0,0.6666666666666666,1.0,1.0,0.7777777777777778,3,3,0,1,0,0,2
calibration-s552-peak-none-rate-and-incident-omitted-h2,2,peak,none,rate-and-incident-omitted,552,1.0,1.0,0.0,,0.0,,1.0,0.6666666666666666,0.0,0.3333333333333333,3,3,0,0,0,0,3
calibration-s547-peak-none-heterogeneity-omitted-h6,6,peak,none,heterogeneity-omitted,547,1.0,1.0,0.0,,0.0,,1.0,1.0,1.0,1.1111111111111107,3,3,0,0,0,0,3
calibration-s550-peak-none-rate-and-incident-omitted-h20,20,peak,none,rate-and-incident-omitted,550,1.0,0.0,0.6666666666666666,0.5,0.5,0.0,0.3333333333333333,0.3333333333333333,0.3333333333333333,1.1833333333333336,3,3,0,1,1,0,1
calibration-s552-light-blocked_ew-aligned-control-h2,2,light,blocked_ew,aligned-control,552,1.0,1.0,0.0,,0.0,,1.0,1.0,1.0,0.5,3,3,0,0,0,0,3
calibration-s557-light-blocked_ew-rate-and-incident-omitted-h6,6,light,blocked_ew,rate-and-incident-omitted,557,1.0,0.6666666666666666,0.0,,0.0,1.0,1.0,0.3333333333333333,0.6666666666666666,0.8333333333333334,3,3,0,0,0,2,1
calibration-s560-peak-none-heterogeneity-omitted-h6,6,peak,none,heterogeneity-omitted,560,1.0,0.6666666666666666,0.0,,0.0,,1.0,1.0,1.0,1.0555555555555565,3,3,0,0,0,0,3
calibration-s556-light-none-heterogeneity-omitted-h2,2,light,none,heterogeneity-omitted,556,1.0,1.0,0.6666666666666666,1.0,0.0,0.0,0.3333333333333333,1.0,1.0,0.0,3,3,0,2,0,0,1
calibration-s560-light-blocked_ew-aligned-control-h6,6,light,blocked_ew,aligned-control,560,1.0,1.0,0.6666666666666666,1.0,0.0,0.0,0.3333333333333333,1.0,1.0,0.6666666666666666,3,3,0,2,0,0,1
calibration-s543-peak-blocked_ew-rate-and-incident-omitted-h20,20,peak,blocked_ew,rate-and-incident-omitted,543,1.0,0.0,1.0,0.0,1.0,,0.0,0.0,0.0,4.549999999999998,3,3,0,0,3,0,0
calibration-s551-light-blocked_ew-rate-and-incident-omitted-h6,6,light,blocked_ew,rate-and-incident-omitted,551,1.0,0.6666666666666666,0.3333333333333333,1.0,0.0,0.0,0.6666666666666666,0.3333333333333333,0.3333333333333333,0.8333333333333334,3,3,0,1,0,0,2
calibration-s554-light-blocked_ew-rate-and-incident-omitted-h6,6,light,blocked_ew,rate-and-incident-omitted,554,1.0,0.6666666666666666,0.0,,0.0,1.0,1.0,0.3333333333333333,0.6666666666666666,1.0555555555555547,3,3,0,0,0,2,1
calibration-s541-peak-none-heterogeneity-omitted-h2,2,peak,none,heterogeneity-omitted,541,1.0,1.0,0.0,,0.0,,1.0,1.0,0.0,0.16666666666666666,3,3,0,0,0,0,3
calibration-s559-peak-none-rate-and-incident-omitted-h2,2,peak,none,rate-and-incident-omitted,559,1.0,0.6666666666666666,0.3333333333333333,1.0,0.0,0.0,0.6666666666666666,0.6666666666666666,0.3333333333333333,0.5833333333333334,3,3,0,1,0,0,2
calibration-s542-peak-blocked_ew-aligned-control-h6,6,peak,blocked_ew,aligned-control,542,1.0,1.0,0.3333333333333333,1.0,0.0,0.0,0.6666666666666666,1.0,1.0,1.3333333333333333,3,3,0,1,0,0,2
calibration-s558-peak-none-aligned-control-h6,6,peak,none,aligned-control,558,1.0,1.0,0.0,,0.0,,1.0,1.0,1.0,1.2222222222222214,3,3,0,0,0,0,3
calibration-s559-peak-blocked_ew-rate-and-incident-omitted-h20,20,peak,blocked_ew,rate-and-incident-omitted,559,1.0,0.0,1.0,0.0,1.0,,0.0,0.0,0.0,5.449999999999998,3,3,0,0,3,0,0
calibration-s549-light-none-aligned-control-h2,2,light,none,aligned-control,549,1.0,1.0,0.6666666666666666,1.0,0.0,0.0,0.3333333333333333,1.0,1.0,0.0,3,3,0,2,0,0,1
calibration-s541-peak-blocked_ew-heterogeneity-omitted-h6,6,peak,blocked_ew,heterogeneity-omitted,541,1.0,0.0,0.0,,0.0,,1.0,1.0,1.0,2.8333333333333317,3,3,0,0,0,0,3
calibration-s556-peak-none-aligned-control-h2,2,peak,none,aligned-control,556,1.0,1.0,0.3333333333333333,1.0,0.0,0.0,0.6666666666666666,1.0,1.0,0.16666666666666666,3,3,0,1,0,0,2
calibration-s549-peak-none-rate-and-incident-omitted-h20,20,peak,none,rate-and-incident-omitted,549,1.0,0.0,0.6666666666666666,1.0,0.0,0.0,0.3333333333333333,1.0,0.6666666666666666,0.7666666666666669,3,3,0,2,0,0,1
calibration-s552-light-none-rate-and-incident-omitted-h2,2,light,none,rate-and-incident-omitted,552,1.0,1.0,0.3333333333333333,1.0,0.0,0.0,0.6666666666666666,0.3333333333333333,0.3333333333333333,0.16666666666666666,3,3,0,1,0,0,2
calibration-s548-peak-blocked_ew-rate-and-incident-omitted-h6,6,peak,blocked_ew,rate-and-incident-omitted,548,1.0,0.0,0.0,,0.0,,1.0,0.6666666666666666,0.0,3.3888888888888906,3,3,0,0,0,0,3
calibration-s546-peak-blocked_ew-heterogeneity-omitted-h20,20,peak,blocked_ew,heterogeneity-omitted,546,1.0,0.6666666666666666,0.0,,0.0,,1.0,1.0,1.0,5.05,3,3,0,0,0,0,3
calibration-s558-light-blocked_ew-aligned-control-h20,20,light,blocked_ew,aligned-control,558,1.0,1.0,0.6666666666666666,1.0,0.0,0.0,0.3333333333333333,1.0,1.0,0.6000000000000002,3,3,0,2,0,0,1
calibration-s552-light-none-aligned-control-h6,6,light,none,aligned-control,552,1.0,1.0,0.3333333333333333,1.0,0.0,0.0,0.6666666666666666,1.0,1.0,0.6666666666666666,3,3,0,1,0,0,2
calibration-s547-light-blocked_ew-heterogeneity-omitted-h6,6,light,blocked_ew,heterogeneity-omitted,547,1.0,0.6666666666666666,0.6666666666666666,1.0,0.0,0.0,0.3333333333333333,1.0,1.0,0.722222222222222,3,3,0,2,0,0,1
calibration-s542-peak-blocked_ew-aligned-control-h2,2,peak,blocked_ew,aligned-control,542,1.0,1.0,0.3333333333333333,1.0,0.0,0.0,0.6666666666666666,1.0,1.0,0.5,3,3,0,1,0,0,2
calibration-s549-peak-blocked_ew-heterogeneity-omitted-h20,20,peak,blocked_ew,heterogeneity-omitted,549,1.0,1.0,0.3333333333333333,1.0,0.0,0.0,0.6666666666666666,1.0,1.0,3.4499999999999997,3,3,0,1,0,0,2
calibration-s543-light-none-heterogeneity-omitted-h6,6,light,none,heterogeneity-omitted,543,1.0,0.3333333333333333,0.3333333333333333,1.0,0.0,0.0,0.6666666666666666,1.0,1.0,0.5000000000000006,3,3,0,1,0,0,2
calibration-s557-peak-blocked_ew-aligned-control-h20,20,peak,blocked_ew,aligned-control,557,1.0,1.0,0.3333333333333333,1.0,0.0,0.0,0.6666666666666666,1.0,1.0,3.6666666666666665,3,3,0,1,0,0,2
calibration-s541-light-none-heterogeneity-omitted-h20,20,light,none,heterogeneity-omitted,541,1.0,0.0,1.0,1.0,,0.0,0.0,1.0,1.0,0.0,3,3,0,3,0,0,0
calibration-s557-light-none-heterogeneity-omitted-h6,6,light,none,heterogeneity-omitted,557,1.0,0.0,0.3333333333333333,1.0,0.0,0.0,0.6666666666666666,1.0,1.0,0.9166666666666666,3,3,0,1,0,0,2
calibration-s559-peak-none-aligned-control-h20,20,peak,none,aligned-control,559,1.0,1.0,0.0,,0.0,,1.0,1.0,1.0,0.8499999999999991,3,3,0,0,0,0,3
calibration-s558-peak-blocked_ew-aligned-control-h6,6,peak,blocked_ew,aligned-control,558,1.0,1.0,0.0,,0.0,,1.0,1.0,1.0,2.0,3,3,0,0,0,0,3
calibration-s545-light-none-heterogeneity-omitted-h6,6,light,none,heterogeneity-omitted,545,1.0,0.6666666666666666,0.0,,0.0,,1.0,1.0,1.0,1.7222222222222225,3,3,0,0,0,0,3
calibration-s541-light-none-rate-and-incident-omitted-h20,20,light,none,rate-and-incident-omitted,541,1.0,0.0,1.0,1.0,,0.0,0.0,1.0,1.0,0.0,3,3,0,3,0,0,0
calibration-s543-light-blocked_ew-rate-and-incident-omitted-h2,2,light,blocked_ew,rate-and-incident-omitted,543,1.0,0.6666666666666666,0.3333333333333333,0.0,0.5,1.0,0.6666666666666666,0.0,0.3333333333333333,0.4166666666666667,3,3,0,0,1,1,1
calibration-s556-light-none-heterogeneity-omitted-h6,6,light,none,heterogeneity-omitted,556,1.0,0.6666666666666666,0.3333333333333333,1.0,0.0,0.0,0.6666666666666666,1.0,1.0,0.6388888888888893,3,3,0,1,0,0,2
calibration-s549-peak-none-rate-and-incident-omitted-h6,6,peak,none,rate-and-incident-omitted,549,1.0,0.3333333333333333,0.6666666666666666,0.0,0.6666666666666666,,0.3333333333333333,0.3333333333333333,0.0,0.6666666666666661,3,3,0,0,2,0,1
calibration-s556-light-none-rate-and-incident-omitted-h6,6,light,none,rate-and-incident-omitted,556,1.0,0.6666666666666666,0.3333333333333333,1.0,0.0,0.0,0.6666666666666666,0.6666666666666666,0.3333333333333333,0.6388888888888893,3,3,0,1,0,0,2
calibration-s553-light-blocked_ew-heterogeneity-omitted-h2,2,light,blocked_ew,heterogeneity-omitted,553,1.0,1.0,0.6666666666666666,1.0,0.0,0.0,0.3333333333333333,1.0,1.0,0.08333333333333333,3,3,0,2,0,0,1
calibration-s542-peak-blocked_ew-heterogeneity-omitted-h6,6,peak,blocked_ew,heterogeneity-omitted,542,1.0,0.0,0.3333333333333333,1.0,0.0,0.0,0.6666666666666666,1.0,1.0,1.555555555555556,3,3,0,1,0,0,2
calibration-s552-peak-blocked_ew-heterogeneity-omitted-h6,6,peak,blocked_ew,heterogeneity-omitted,552,1.0,1.0,0.0,,0.0,,1.0,1.0,1.0,1.8333333333333357,3,3,0,0,0,0,3
calibration-s553-peak-blocked_ew-heterogeneity-omitted-h6,6,peak,blocked_ew,heterogeneity-omitted,553,1.0,0.3333333333333333,0.0,,0.0,,1.0,1.0,1.0,2.333333333333334,3,3,0,0,0,0,3
calibration-s550-peak-blocked_ew-heterogeneity-omitted-h6,6,peak,blocked_ew,heterogeneity-omitted,550,1.0,0.0,0.0,,0.0,,1.0,1.0,1.0,1.5555555555555547,3,3,0,0,0,0,3
calibration-s548-peak-none-aligned-control-h2,2,peak,none,aligned-control,548,1.0,1.0,0.0,,0.0,,1.0,1.0,1.0,0.3333333333333333,3,3,0,0,0,0,3
calibration-s545-peak-none-rate-and-incident-omitted-h2,2,peak,none,rate-and-incident-omitted,545,1.0,1.0,0.0,,0.0,,1.0,1.0,0.0,0.5833333333333334,3,3,0,0,0,0,3
calibration-s546-light-none-rate-and-incident-omitted-h6,6,light,none,rate-and-incident-omitted,546,1.0,0.3333333333333333,0.3333333333333333,1.0,0.0,0.0,0.6666666666666666,1.0,0.6666666666666666,1.5833333333333333,3,3,0,1,0,0,2
calibration-s555-peak-none-aligned-control-h20,20,peak,none,aligned-control,555,1.0,1.0,0.0,,0.0,,1.0,1.0,1.0,1.5,3,3,0,0,0,0,3
calibration-s548-peak-none-aligned-control-h20,20,peak,none,aligned-control,548,1.0,1.0,0.0,,0.0,,1.0,1.0,1.0,1.4166666666666667,3,3,0,0,0,0,3
calibration-s547-light-blocked_ew-rate-and-incident-omitted-h20,20,light,blocked_ew,rate-and-incident-omitted,547,1.0,0.6666666666666666,1.0,0.6666666666666666,1.0,0.0,0.0,0.0,0.6666666666666666,0.5666666666666664,3,3,0,2,1,0,0
calibration-s554-light-blocked_ew-aligned-control-h6,6,light,blocked_ew,aligned-control,554,1.0,1.0,0.6666666666666666,1.0,0.0,0.0,0.3333333333333333,1.0,1.0,0.6666666666666666,3,3,0,2,0,0,1
calibration-s558-light-none-rate-and-incident-omitted-h6,6,light,none,rate-and-incident-omitted,558,1.0,0.3333333333333333,0.0,,0.0,,1.0,0.6666666666666666,0.3333333333333333,1.0555555555555551,3,3,0,0,0,0,3
calibration-s542-light-blocked_ew-aligned-control-h6,6,light,blocked_ew,aligned-control,542,1.0,1.0,0.3333333333333333,1.0,0.0,0.0,0.6666666666666666,1.0,1.0,0.6666666666666666,3,3,0,1,0,0,2
calibration-s549-peak-blocked_ew-heterogeneity-omitted-h6,6,peak,blocked_ew,heterogeneity-omitted,549,1.0,0.3333333333333333,0.3333333333333333,1.0,0.0,0.0,0.6666666666666666,1.0,1.0,0.8888888888888887,3,3,0,1,0,0,2
calibration-s548-peak-none-aligned-control-h6,6,peak,none,aligned-control,548,1.0,1.0,0.0,,0.0,,1.0,1.0,1.0,0.8888888888888887,3,3,0,0,0,0,3
calibration-s560-light-blocked_ew-heterogeneity-omitted-h2,2,light,blocked_ew,heterogeneity-omitted,560,1.0,0.6666666666666666,0.6666666666666666,1.0,0.0,0.0,0.3333333333333333,1.0,1.0,0.08333333333333333,3,3,0,2,0,0,1
calibration-s558-light-blocked_ew-rate-and-incident-omitted-h6,6,light,blocked_ew,rate-and-incident-omitted,558,1.0,1.0,0.0,,0.0,1.0,1.0,0.3333333333333333,0.3333333333333333,0.7777777777777773,3,3,0,0,0,1,2
calibration-s550-light-none-aligned-control-h2,2,light,none,aligned-control,550,1.0,1.0,0.3333333333333333,1.0,0.0,0.0,0.6666666666666666,1.0,1.0,0.5,3,3,0,1,0,0,2
calibration-s541-light-blocked_ew-rate-and-incident-omitted-h20,20,light,blocked_ew,rate-and-incident-omitted,541,1.0,0.6666666666666666,0.6666666666666666,0.5,1.0,0.5,0.3333333333333333,0.0,0.6666666666666666,0.23333333333333264,3,3,0,1,1,1,0
calibration-s547-light-blocked_ew-rate-and-incident-omitted-h6,6,light,blocked_ew,rate-and-incident-omitted,547,1.0,0.6666666666666666,0.6666666666666666,1.0,0.0,0.0,0.3333333333333333,0.3333333333333333,0.6666666666666666,0.8888888888888887,3,3,0,2,0,0,1
calibration-s559-light-blocked_ew-heterogeneity-omitted-h2,2,light,blocked_ew,heterogeneity-omitted,559,1.0,1.0,0.6666666666666666,1.0,0.0,0.0,0.3333333333333333,1.0,1.0,0.25,3,3,0,2,0,0,1
calibration-s556-peak-blocked_ew-rate-and-incident-omitted-h6,6,peak,blocked_ew,rate-and-incident-omitted,556,1.0,0.0,0.3333333333333333,0.0,0.3333333333333333,,0.6666666666666666,0.3333333333333333,0.0,2.1666666666666683,3,3,0,0,1,0,2
calibration-s544-light-blocked_ew-heterogeneity-omitted-h20,20,light,blocked_ew,heterogeneity-omitted,544,1.0,1.0,0.0,,0.0,,1.0,1.0,1.0,0.40000000000000036,3,3,0,0,0,0,3
calibration-s560-peak-none-heterogeneity-omitted-h2,2,peak,none,heterogeneity-omitted,560,1.0,0.0,0.0,,0.0,,1.0,1.0,1.0,0.25,3,3,0,0,0,0,3
calibration-s554-peak-none-aligned-control-h20,20,peak,none,aligned-control,554,1.0,1.0,0.0,,0.0,,1.0,1.0,1.0,1.5500000000000018,3,3,0,0,0,0,3
calibration-s548-peak-none-heterogeneity-omitted-h6,6,peak,none,heterogeneity-omitted,548,1.0,1.0,0.0,,0.0,,1.0,1.0,1.0,0.9444444444444441,3,3,0,0,0,0,3
calibration-s543-peak-none-heterogeneity-omitted-h6,6,peak,none,heterogeneity-omitted,543,1.0,0.0,0.0,,0.0,,1.0,1.0,0.3333333333333333,1.0833333333333333,3,3,0,0,0,0,3
calibration-s557-light-blocked_ew-aligned-control-h2,2,light,blocked_ew,aligned-control,557,1.0,1.0,0.6666666666666666,1.0,0.0,0.0,0.3333333333333333,1.0,1.0,0.16666666666666666,3,3,0,2,0,0,1
calibration-s550-light-blocked_ew-rate-and-incident-omitted-h6,6,light,blocked_ew,rate-and-incident-omitted,550,1.0,0.6666666666666666,0.0,,0.0,1.0,1.0,0.3333333333333333,0.3333333333333333,0.6111111111111107,3,3,0,0,0,1,2
calibration-s546-light-none-heterogeneity-omitted-h2,2,light,none,heterogeneity-omitted,546,1.0,1.0,0.3333333333333333,1.0,0.0,0.0,0.6666666666666666,0.6666666666666666,1.0,0.4166666666666667,3,3,0,1,0,0,2
calibration-s559-peak-blocked_ew-heterogeneity-omitted-h6,6,peak,blocked_ew,heterogeneity-omitted,559,1.0,1.0,0.0,,0.0,,1.0,1.0,1.0,2.3333333333333344,3,3,0,0,0,0,3
calibration-s544-peak-blocked_ew-heterogeneity-omitted-h2,2,peak,blocked_ew,heterogeneity-omitted,544,1.0,1.0,0.0,,0.0,,1.0,1.0,1.0,1.25,3,3,0,0,0,0,3
calibration-s555-peak-blocked_ew-rate-and-incident-omitted-h2,2,peak,blocked_ew,rate-and-incident-omitted,555,1.0,0.6666666666666666,0.3333333333333333,0.0,0.3333333333333333,,0.6666666666666666,0.6666666666666666,0.0,0.5833333333333334,3,3,0,0,1,0,2
calibration-s560-peak-blocked_ew-aligned-control-h20,20,peak,blocked_ew,aligned-control,560,1.0,1.0,0.0,,0.0,,1.0,1.0,1.0,5.500000000000001,3,3,0,0,0,0,3
calibration-s557-light-blocked_ew-rate-and-incident-omitted-h20,20,light,blocked_ew,rate-and-incident-omitted,557,1.0,0.6666666666666666,0.3333333333333333,0.0,1.0,1.0,0.6666666666666666,0.0,0.6666666666666666,0.46666666666666706,3,3,0,0,1,2,0
calibration-s554-peak-blocked_ew-aligned-control-h6,6,peak,blocked_ew,aligned-control,554,1.0,1.0,0.3333333333333333,1.0,0.0,0.0,0.6666666666666666,1.0,1.0,1.3333333333333333,3,3,0,1,0,0,2
calibration-s544-light-blocked_ew-heterogeneity-omitted-h6,6,light,blocked_ew,heterogeneity-omitted,544,1.0,0.6666666666666666,0.0,,0.0,,1.0,1.0,1.0,1.1666666666666663,3,3,0,0,0,0,3
calibration-s548-light-blocked_ew-rate-and-incident-omitted-h2,2,light,blocked_ew,rate-and-incident-omitted,548,1.0,0.3333333333333333,0.6666666666666666,0.0,1.0,1.0,0.3333333333333333,0.0,0.3333333333333333,1.1666666666666667,3,3,0,0,2,1,0
calibration-s543-peak-blocked_ew-rate-and-incident-omitted-h6,6,peak,blocked_ew,rate-and-incident-omitted,543,1.0,0.0,0.3333333333333333,0.0,0.3333333333333333,,0.6666666666666666,0.6666666666666666,0.0,3.027777777777777,3,3,0,0,1,0,2
calibration-s550-light-blocked_ew-heterogeneity-omitted-h6,6,light,blocked_ew,heterogeneity-omitted,550,1.0,0.6666666666666666,0.3333333333333333,1.0,0.0,0.0,0.6666666666666666,1.0,1.0,0.6111111111111107,3,3,0,1,0,0,2
calibration-s557-peak-blocked_ew-rate-and-incident-omitted-h20,20,peak,blocked_ew,rate-and-incident-omitted,557,1.0,0.3333333333333333,0.6666666666666666,0.5,0.5,0.0,0.3333333333333333,0.3333333333333333,0.3333333333333333,5.95,3,3,0,1,1,0,1
calibration-s560-light-blocked_ew-heterogeneity-omitted-h6,6,light,blocked_ew,heterogeneity-omitted,560,1.0,1.0,0.6666666666666666,1.0,0.0,0.0,0.3333333333333333,1.0,1.0,0.6666666666666666,3,3,0,2,0,0,1
calibration-s557-light-none-heterogeneity-omitted-h20,20,light,none,heterogeneity-omitted,557,1.0,0.0,0.6666666666666666,1.0,0.0,0.0,0.3333333333333333,1.0,1.0,0.2583333333333333,3,3,0,2,0,0,1
calibration-s560-peak-blocked_ew-rate-and-incident-omitted-h6,6,peak,blocked_ew,rate-and-incident-omitted,560,1.0,0.3333333333333333,0.0,,0.0,,1.0,1.0,0.0,1.9999999999999993,3,3,0,0,0,0,3
calibration-s558-light-none-heterogeneity-omitted-h6,6,light,none,heterogeneity-omitted,558,1.0,0.3333333333333333,0.0,,0.0,,1.0,1.0,1.0,1.0555555555555551,3,3,0,0,0,0,3
calibration-s556-light-blocked_ew-aligned-control-h2,2,light,blocked_ew,aligned-control,556,1.0,1.0,0.3333333333333333,1.0,0.0,0.0,0.6666666666666666,1.0,1.0,0.3333333333333333,3,3,0,1,0,0,2
calibration-s548-light-blocked_ew-heterogeneity-omitted-h6,6,light,blocked_ew,heterogeneity-omitted,548,1.0,1.0,0.3333333333333333,1.0,0.0,0.0,0.6666666666666666,1.0,1.0,0.7777777777777782,3,3,0,1,0,0,2
calibration-s560-light-none-heterogeneity-omitted-h2,2,light,none,heterogeneity-omitted,560,1.0,0.3333333333333333,0.6666666666666666,1.0,0.0,0.0,0.3333333333333333,0.6666666666666666,0.6666666666666666,0.08333333333333333,3,3,0,2,0,0,1
calibration-s554-light-blocked_ew-heterogeneity-omitted-h20,20,light,blocked_ew,heterogeneity-omitted,554,1.0,0.6666666666666666,0.6666666666666666,1.0,0.0,0.0,0.3333333333333333,1.0,1.0,0.558333333333333,3,3,0,2,0,0,1
calibration-s556-light-blocked_ew-rate-and-incident-omitted-h2,2,light,blocked_ew,rate-and-incident-omitted,556,1.0,0.3333333333333333,0.6666666666666666,0.0,1.0,1.0,0.3333333333333333,0.0,0.3333333333333333,0.6666666666666666,3,3,0,0,2,1,0
calibration-s549-peak-blocked_ew-rate-and-incident-omitted-h20,20,peak,blocked_ew,rate-and-incident-omitted,549,1.0,0.3333333333333333,0.6666666666666666,0.5,0.5,0.0,0.3333333333333333,0.3333333333333333,0.3333333333333333,4.716666666666667,3,3,0,1,1,0,1
calibration-s546-peak-none-aligned-control-h6,6,peak,none,aligned-control,546,1.0,1.0,0.0,,0.0,,1.0,1.0,1.0,0.8888888888888905,3,3,0,0,0,0,3
calibration-s541-light-none-aligned-control-h20,20,light,none,aligned-control,541,1.0,1.0,1.0,1.0,,0.0,0.0,1.0,1.0,0.0,3,3,0,3,0,0,0
calibration-s558-light-blocked_ew-heterogeneity-omitted-h20,20,light,blocked_ew,heterogeneity-omitted,558,1.0,0.6666666666666666,0.6666666666666666,1.0,0.0,0.0,0.3333333333333333,1.0,1.0,0.2833333333333332,3,3,0,2,0,0,1
calibration-s545-peak-none-aligned-control-h2,2,peak,none,aligned-control,545,1.0,1.0,0.0,,0.0,,1.0,1.0,1.0,0.3333333333333333,3,3,0,0,0,0,3
calibration-s545-light-none-rate-and-incident-omitted-h6,6,light,none,rate-and-incident-omitted,545,1.0,0.3333333333333333,0.0,,0.0,,1.0,1.0,0.6666666666666666,1.7222222222222225,3,3,0,0,0,0,3
calibration-s544-light-blocked_ew-rate-and-incident-omitted-h2,2,light,blocked_ew,rate-and-incident-omitted,544,1.0,0.0,1.0,0.0,1.0,,0.0,0.0,0.0,1.0833333333333333,3,3,0,0,3,0,0
calibration-s558-light-none-rate-and-incident-omitted-h2,2,light,none,rate-and-incident-omitted,558,1.0,1.0,0.0,,0.0,1.0,1.0,0.3333333333333333,0.6666666666666666,0.08333333333333333,3,3,0,0,0,2,1
calibration-s541-peak-none-rate-and-incident-omitted-h2,2,peak,none,rate-and-incident-omitted,541,1.0,1.0,0.0,,0.0,,1.0,0.6666666666666666,0.0,0.16666666666666666,3,3,0,0,0,0,3
calibration-s552-peak-none-heterogeneity-omitted-h20,20,peak,none,heterogeneity-omitted,552,1.0,1.0,0.0,,0.0,,1.0,1.0,1.0,2.791666666666666,3,3,0,0,0,0,3
calibration-s550-light-blocked_ew-heterogeneity-omitted-h2,2,light,blocked_ew,heterogeneity-omitted,550,1.0,1.0,0.3333333333333333,1.0,0.0,0.0,0.6666666666666666,1.0,1.0,0.25,3,3,0,1,0,0,2
calibration-s551-light-none-rate-and-incident-omitted-h2,2,light,none,rate-and-incident-omitted,551,1.0,1.0,0.0,,0.0,1.0,1.0,0.6666666666666666,1.0,0.75,3,3,0,0,0,1,2
calibration-s555-light-blocked_ew-aligned-control-h20,20,light,blocked_ew,aligned-control,555,1.0,1.0,0.6666666666666666,1.0,0.0,0.0,0.3333333333333333,1.0,1.0,0.2333333333333331,3,3,0,2,0,0,1
calibration-s552-light-blocked_ew-aligned-control-h6,6,light,blocked_ew,aligned-control,552,1.0,1.0,0.0,,0.0,,1.0,1.0,1.0,1.2222222222222223,3,3,0,0,0,0,3
calibration-s544-peak-none-aligned-control-h2,2,peak,none,aligned-control,544,1.0,1.0,0.0,,0.0,,1.0,1.0,1.0,0.5,3,3,0,0,0,0,3
calibration-s559-peak-none-heterogeneity-omitted-h20,20,peak,none,heterogeneity-omitted,559,1.0,1.0,0.0,,0.0,,1.0,1.0,1.0,0.9750000000000002,3,3,0,0,0,0,3
calibration-s557-light-none-aligned-control-h20,20,light,none,aligned-control,557,1.0,1.0,0.6666666666666666,1.0,0.0,0.0,0.3333333333333333,1.0,1.0,0.3333333333333333,3,3,0,2,0,0,1
calibration-s546-light-blocked_ew-rate-and-incident-omitted-h6,6,light,blocked_ew,rate-and-incident-omitted,546,1.0,0.6666666666666666,0.3333333333333333,1.0,0.0,0.0,0.6666666666666666,0.3333333333333333,0.3333333333333333,0.6111111111111108,3,3,0,1,0,0,2
calibration-s560-light-none-rate-and-incident-omitted-h20,20,light,none,rate-and-incident-omitted,560,1.0,0.6666666666666666,0.6666666666666666,1.0,0.0,0.0,0.3333333333333333,1.0,0.6666666666666666,0.2666666666666666,3,3,0,2,0,0,1
calibration-s549-peak-blocked_ew-rate-and-incident-omitted-h2,2,peak,blocked_ew,rate-and-incident-omitted,549,1.0,0.0,0.6666666666666666,0.5,0.5,0.0,0.3333333333333333,0.6666666666666666,0.3333333333333333,0.9166666666666666,3,3,0,1,1,0,1
calibration-s556-light-none-rate-and-incident-omitted-h2,2,light,none,rate-and-incident-omitted,556,1.0,1.0,0.3333333333333333,1.0,0.0,0.5,0.6666666666666666,0.3333333333333333,0.6666666666666666,0.0,3,3,0,1,0,1,1
calibration-s544-light-none-aligned-control-h2,2,light,none,aligned-control,544,1.0,1.0,0.0,,0.0,,1.0,1.0,1.0,0.6666666666666666,3,3,0,0,0,0,3
calibration-s542-light-blocked_ew-heterogeneity-omitted-h2,2,light,blocked_ew,heterogeneity-omitted,542,1.0,0.6666666666666666,0.3333333333333333,1.0,0.0,0.0,0.6666666666666666,1.0,1.0,0.25,3,3,0,1,0,0,2
calibration-s542-light-none-heterogeneity-omitted-h6,6,light,none,heterogeneity-omitted,542,1.0,0.6666666666666666,0.0,,0.0,1.0,1.0,0.6666666666666666,1.0,1.583333333333334,3,3,0,0,0,1,2
calibration-s556-peak-none-heterogeneity-omitted-h20,20,peak,none,heterogeneity-omitted,556,1.0,1.0,0.3333333333333333,1.0,0.0,0.0,0.6666666666666666,1.0,1.0,0.9583333333333334,3,3,0,1,0,0,2
calibration-s554-light-none-rate-and-incident-omitted-h6,6,light,none,rate-and-incident-omitted,554,1.0,0.3333333333333333,0.3333333333333333,1.0,0.0,0.0,0.6666666666666666,1.0,0.6666666666666666,0.8888888888888888,3,3,0,1,0,0,2
calibration-s549-light-none-heterogeneity-omitted-h20,20,light,none,heterogeneity-omitted,549,1.0,0.3333333333333333,1.0,1.0,,0.0,0.0,1.0,1.0,0.0,3,3,0,3,0,0,0
calibration-s555-peak-blocked_ew-heterogeneity-omitted-h6,6,peak,blocked_ew,heterogeneity-omitted,555,1.0,0.0,0.0,,0.0,,1.0,1.0,0.3333333333333333,2.5,3,3,0,0,0,0,3
calibration-s552-peak-none-rate-and-incident-omitted-h20,20,peak,none,rate-and-incident-omitted,552,1.0,0.0,0.6666666666666666,0.0,0.6666666666666666,,0.3333333333333333,0.3333333333333333,0.0,2.791666666666666,3,3,0,0,2,0,1
calibration-s544-light-none-rate-and-incident-omitted-h20,20,light,none,rate-and-incident-omitted,544,1.0,0.0,0.6666666666666666,1.0,0.0,0.0,0.3333333333333333,1.0,1.0,0.7833333333333332,3,3,0,2,0,0,1
calibration-s556-peak-none-rate-and-incident-omitted-h2,2,peak,none,rate-and-incident-omitted,556,1.0,0.6666666666666666,0.3333333333333333,1.0,0.0,0.0,0.6666666666666666,0.6666666666666666,0.3333333333333333,0.16666666666666666,3,3,0,1,0,0,2
calibration-s554-light-blocked_ew-heterogeneity-omitted-h6,6,light,blocked_ew,heterogeneity-omitted,554,1.0,1.0,0.6666666666666666,1.0,0.0,0.0,0.3333333333333333,1.0,1.0,0.7222222222222214,3,3,0,2,0,0,1
calibration-s542-light-none-heterogeneity-omitted-h2,2,light,none,heterogeneity-omitted,542,1.0,0.3333333333333333,0.3333333333333333,1.0,0.0,0.0,0.6666666666666666,0.6666666666666666,0.6666666666666666,0.25,3,3,0,1,0,0,2
calibration-s560-peak-none-aligned-control-h20,20,peak,none,aligned-control,560,1.0,1.0,0.3333333333333333,1.0,0.0,0.0,0.6666666666666666,1.0,1.0,1.5499999999999996,3,3,0,1,0,0,2
calibration-s560-peak-none-aligned-control-h2,2,peak,none,aligned-control,560,1.0,1.0,0.0,,0.0,,1.0,1.0,1.0,0.5,3,3,0,0,0,0,3
calibration-s559-peak-blocked_ew-heterogeneity-omitted-h20,20,peak,blocked_ew,heterogeneity-omitted,559,1.0,0.6666666666666666,0.0,,0.0,,1.0,1.0,1.0,5.449999999999998,3,3,0,0,0,0,3
calibration-s541-light-none-aligned-control-h2,2,light,none,aligned-control,541,1.0,1.0,0.3333333333333333,1.0,0.0,0.0,0.6666666666666666,1.0,1.0,0.3333333333333333,3,3,0,1,0,0,2
calibration-s550-peak-none-aligned-control-h6,6,peak,none,aligned-control,550,1.0,1.0,0.0,,0.0,,1.0,1.0,1.0,0.8888888888888881,3,3,0,0,0,0,3
calibration-s546-peak-none-rate-and-incident-omitted-h6,6,peak,none,rate-and-incident-omitted,546,1.0,1.0,0.0,,0.0,,1.0,1.0,0.0,0.6666666666666679,3,3,0,0,0,0,3
calibration-s542-peak-none-rate-and-incident-omitted-h20,20,peak,none,rate-and-incident-omitted,542,1.0,0.3333333333333333,0.6666666666666666,0.0,0.6666666666666666,,0.3333333333333333,0.3333333333333333,0.0,0.9916666666666671,3,3,0,0,2,0,1
calibration-s544-peak-none-heterogeneity-omitted-h2,2,peak,none,heterogeneity-omitted,544,1.0,1.0,0.0,,0.0,,1.0,1.0,1.0,0.75,3,3,0,0,0,0,3
calibration-s549-light-blocked_ew-rate-and-incident-omitted-h6,6,light,blocked_ew,rate-and-incident-omitted,549,1.0,1.0,0.0,,0.0,1.0,1.0,0.3333333333333333,0.6666666666666666,0.44444444444444403,3,3,0,0,0,2,1
calibration-s556-light-none-heterogeneity-omitted-h20,20,light,none,heterogeneity-omitted,556,1.0,0.0,0.6666666666666666,1.0,0.0,0.0,0.3333333333333333,1.0,1.0,0.5416666666666666,3,3,0,2,0,0,1
calibration-s555-peak-blocked_ew-aligned-control-h6,6,peak,blocked_ew,aligned-control,555,1.0,1.0,0.0,,0.0,,1.0,1.0,1.0,2.0,3,3,0,0,0,0,3
calibration-s548-light-blocked_ew-aligned-control-h6,6,light,blocked_ew,aligned-control,548,1.0,1.0,0.3333333333333333,1.0,0.0,0.0,0.6666666666666666,1.0,1.0,0.7222222222222222,3,3,0,1,0,0,2
calibration-s557-peak-none-rate-and-incident-omitted-h6,6,peak,none,rate-and-incident-omitted,557,1.0,0.6666666666666666,0.0,,0.0,,1.0,1.0,0.0,1.1388888888888904,3,3,0,0,0,0,3
calibration-s560-peak-none-aligned-control-h6,6,peak,none,aligned-control,560,1.0,1.0,0.0,,0.0,,1.0,1.0,1.0,1.055555555555556,3,3,0,0,0,0,3
calibration-s552-light-none-rate-and-incident-omitted-h6,6,light,none,rate-and-incident-omitted,552,1.0,0.3333333333333333,0.3333333333333333,1.0,0.0,0.0,0.6666666666666666,1.0,0.6666666666666666,0.666666666666667,3,3,0,1,0,0,2
calibration-s554-light-none-heterogeneity-omitted-h6,6,light,none,heterogeneity-omitted,554,1.0,0.6666666666666666,0.3333333333333333,1.0,0.0,0.0,0.6666666666666666,1.0,1.0,0.8888888888888888,3,3,0,1,0,0,2
calibration-s556-peak-none-rate-and-incident-omitted-h20,20,peak,none,rate-and-incident-omitted,556,1.0,0.3333333333333333,0.6666666666666666,0.5,0.5,0.0,0.3333333333333333,0.6666666666666666,0.3333333333333333,0.9583333333333334,3,3,0,1,1,0,1
calibration-s549-peak-none-heterogeneity-omitted-h2,2,peak,none,heterogeneity-omitted,549,1.0,0.0,0.0,,0.0,,1.0,1.0,0.3333333333333333,0.75,3,3,0,0,0,0,3
calibration-s547-light-blocked_ew-heterogeneity-omitted-h2,2,light,blocked_ew,heterogeneity-omitted,547,1.0,0.6666666666666666,0.6666666666666666,1.0,0.0,0.0,0.3333333333333333,1.0,1.0,0.16666666666666666,3,3,0,2,0,0,1
calibration-s546-peak-blocked_ew-aligned-control-h20,20,peak,blocked_ew,aligned-control,546,1.0,1.0,0.0,,0.0,,1.0,1.0,1.0,5.366666666666667,3,3,0,0,0,0,3
calibration-s558-peak-blocked_ew-aligned-control-h2,2,peak,blocked_ew,aligned-control,558,1.0,1.0,0.0,,0.0,,1.0,1.0,1.0,0.8333333333333334,3,3,0,0,0,0,3
calibration-s558-peak-none-heterogeneity-omitted-h20,20,peak,none,heterogeneity-omitted,558,1.0,0.0,0.0,,0.0,,1.0,1.0,1.0,1.724999999999999,3,3,0,0,0,0,3
calibration-s542-light-blocked_ew-heterogeneity-omitted-h20,20,light,blocked_ew,heterogeneity-omitted,542,1.0,0.6666666666666666,0.6666666666666666,1.0,0.0,0.0,0.3333333333333333,1.0,1.0,0.4499999999999999,3,3,0,2,0,0,1
calibration-s547-light-none-rate-and-incident-omitted-h6,6,light,none,rate-and-incident-omitted,547,1.0,0.3333333333333333,0.3333333333333333,1.0,0.0,0.0,0.6666666666666666,1.0,0.3333333333333333,0.7777777777777782,3,3,0,1,0,0,2
calibration-s559-light-blocked_ew-rate-and-incident-omitted-h2,2,light,blocked_ew,rate-and-incident-omitted,559,1.0,0.6666666666666666,0.6666666666666666,0.5,1.0,0.5,0.3333333333333333,0.0,0.6666666666666666,0.9166666666666666,3,3,0,1,1,1,0
calibration-s542-light-blocked_ew-rate-and-incident-omitted-h2,2,light,blocked_ew,rate-and-incident-omitted,542,1.0,0.6666666666666666,0.3333333333333333,0.0,0.5,1.0,0.6666666666666666,0.0,0.3333333333333333,0.4166666666666667,3,3,0,0,1,1,1
calibration-s548-peak-blocked_ew-aligned-control-h6,6,peak,blocked_ew,aligned-control,548,1.0,1.0,0.0,,0.0,,1.0,1.0,1.0,2.0,3,3,0,0,0,0,3
calibration-s558-light-none-aligned-control-h20,20,light,none,aligned-control,558,1.0,1.0,0.6666666666666666,1.0,0.0,0.0,0.3333333333333333,1.0,1.0,0.65,3,3,0,2,0,0,1
calibration-s558-peak-none-heterogeneity-omitted-h2,2,peak,none,heterogeneity-omitted,558,1.0,0.0,0.0,,0.0,,1.0,1.0,0.3333333333333333,0.75,3,3,0,0,0,0,3
calibration-s553-peak-blocked_ew-aligned-control-h6,6,peak,blocked_ew,aligned-control,553,1.0,1.0,0.0,,0.0,,1.0,1.0,1.0,2.0,3,3,0,0,0,0,3
calibration-s560-peak-blocked_ew-heterogeneity-omitted-h2,2,peak,blocked_ew,heterogeneity-omitted,560,1.0,0.0,0.0,,0.0,,1.0,1.0,1.0,0.4166666666666667,3,3,0,0,0,0,3
calibration-s549-light-none-aligned-control-h20,20,light,none,aligned-control,549,1.0,1.0,1.0,1.0,,0.0,0.0,1.0,1.0,0.0,3,3,0,3,0,0,0
calibration-s557-peak-none-aligned-control-h20,20,peak,none,aligned-control,557,1.0,1.0,0.3333333333333333,1.0,0.0,0.0,0.6666666666666666,1.0,1.0,0.966666666666665,3,3,0,1,0,0,2
calibration-s548-peak-blocked_ew-heterogeneity-omitted-h20,20,peak,blocked_ew,heterogeneity-omitted,548,1.0,0.0,0.0,,0.0,,1.0,1.0,1.0,5.25,3,3,0,0,0,0,3
calibration-s556-light-blocked_ew-aligned-control-h6,6,light,blocked_ew,aligned-control,556,1.0,1.0,0.3333333333333333,1.0,0.0,0.0,0.6666666666666666,1.0,1.0,0.8333333333333334,3,3,0,1,0,0,2
calibration-s550-light-blocked_ew-aligned-control-h2,2,light,blocked_ew,aligned-control,550,1.0,1.0,0.3333333333333333,1.0,0.0,0.0,0.6666666666666666,1.0,1.0,0.16666666666666666,3,3,0,1,0,0,2
calibration-s551-peak-none-rate-and-incident-omitted-h20,20,peak,none,rate-and-incident-omitted,551,1.0,0.3333333333333333,0.0,,0.0,,1.0,0.6666666666666666,0.0,1.3999999999999986,3,3,0,0,0,0,3
calibration-s547-peak-blocked_ew-heterogeneity-omitted-h2,2,peak,blocked_ew,heterogeneity-omitted,547,1.0,1.0,0.0,,0.0,,1.0,1.0,1.0,0.8333333333333334,3,3,0,0,0,0,3
calibration-s557-light-blocked_ew-heterogeneity-omitted-h2,2,light,blocked_ew,heterogeneity-omitted,557,1.0,1.0,0.6666666666666666,1.0,0.0,0.0,0.3333333333333333,1.0,1.0,0.16666666666666666,3,3,0,2,0,0,1
calibration-s551-peak-blocked_ew-rate-and-incident-omitted-h20,20,peak,blocked_ew,rate-and-incident-omitted,551,1.0,0.3333333333333333,0.6666666666666666,0.5,0.5,0.0,0.3333333333333333,0.3333333333333333,0.3333333333333333,4.300000000000002,3,3,0,1,1,0,1
calibration-s559-light-blocked_ew-rate-and-incident-omitted-h20,20,light,blocked_ew,rate-and-incident-omitted,559,1.0,0.6666666666666666,0.6666666666666666,0.5,1.0,0.5,0.3333333333333333,0.0,0.6666666666666666,0.48333333333333367,3,3,0,1,1,1,0
calibration-s554-light-none-rate-and-incident-omitted-h2,2,light,none,rate-and-incident-omitted,554,1.0,1.0,0.3333333333333333,1.0,0.0,0.0,0.6666666666666666,0.6666666666666666,0.3333333333333333,0.25,3,3,0,1,0,0,2
calibration-s556-peak-blocked_ew-aligned-control-h2,2,peak,blocked_ew,aligned-control,556,1.0,1.0,0.0,,0.0,,1.0,1.0,1.0,0.8333333333333334,3,3,0,0,0,0,3
calibration-s550-peak-blocked_ew-aligned-control-h20,20,peak,blocked_ew,aligned-control,550,1.0,1.0,0.0,,0.0,,1.0,1.0,1.0,3.483333333333332,3,3,0,0,0,0,3
calibration-s544-light-blocked_ew-rate-and-incident-omitted-h6,6,light,blocked_ew,rate-and-incident-omitted,544,1.0,0.0,0.6666666666666666,0.0,0.6666666666666666,,0.3333333333333333,0.3333333333333333,0.0,1.1666666666666663,3,3,0,0,2,0,1
calibration-s541-peak-none-rate-and-incident-omitted-h6,6,peak,none,rate-and-incident-omitted,541,1.0,0.3333333333333333,0.3333333333333333,0.0,0.3333333333333333,,0.6666666666666666,0.6666666666666666,0.0,1.3055555555555565,3,3,0,0,1,0,2
calibration-s541-peak-blocked_ew-aligned-control-h20,20,peak,blocked_ew,aligned-control,541,1.0,1.0,0.0,,0.0,,1.0,1.0,1.0,4.666666666666667,3,3,0,0,0,0,3
calibration-s557-light-blocked_ew-heterogeneity-omitted-h6,6,light,blocked_ew,heterogeneity-omitted,557,1.0,0.6666666666666666,0.6666666666666666,1.0,0.0,0.0,0.3333333333333333,1.0,1.0,0.8333333333333334,3,3,0,2,0,0,1
calibration-s543-peak-blocked_ew-aligned-control-h2,2,peak,blocked_ew,aligned-control,543,1.0,1.0,0.0,,0.0,,1.0,1.0,1.0,0.8333333333333334,3,3,0,0,0,0,3
calibration-s560-peak-none-rate-and-incident-omitted-h20,20,peak,none,rate-and-incident-omitted,560,1.0,0.0,0.6666666666666666,0.5,0.5,0.0,0.3333333333333333,0.6666666666666666,0.3333333333333333,1.9833333333333332,3,3,0,1,1,0,1
calibration-s542-light-none-rate-and-incident-omitted-h20,20,light,none,rate-and-incident-omitted,542,1.0,0.0,0.6666666666666666,0.5,0.5,0.0,0.3333333333333333,0.6666666666666666,0.6666666666666666,1.5999999999999999,3,3,0,1,1,0,1
calibration-s547-peak-none-aligned-control-h6,6,peak,none,aligned-control,547,1.0,1.0,0.0,,0.0,,1.0,1.0,1.0,1.0555555555555547,3,3,0,0,0,0,3
calibration-s542-peak-none-rate-and-incident-omitted-h2,2,peak,none,rate-and-incident-omitted,542,1.0,1.0,0.0,,0.0,,1.0,1.0,0.0,0.5833333333333334,3,3,0,0,0,0,3
calibration-s542-light-none-aligned-control-h6,6,light,none,aligned-control,542,1.0,1.0,0.0,,0.0,,1.0,1.0,1.0,1.7222222222222225,3,3,0,0,0,0,3
calibration-s553-light-none-rate-and-incident-omitted-h20,20,light,none,rate-and-incident-omitted,553,1.0,0.6666666666666666,0.3333333333333333,1.0,0.0,0.0,0.6666666666666666,1.0,1.0,1.4750000000000003,3,3,0,1,0,0,2
calibration-s549-light-blocked_ew-heterogeneity-omitted-h20,20,light,blocked_ew,heterogeneity-omitted,549,1.0,1.0,0.6666666666666666,1.0,0.0,0.0,0.3333333333333333,1.0,1.0,0.25,3,3,0,2,0,0,1
calibration-s541-light-blocked_ew-heterogeneity-omitted-h20,20,light,blocked_ew,heterogeneity-omitted,541,1.0,1.0,0.6666666666666666,1.0,0.0,0.0,0.3333333333333333,1.0,1.0,0.14999999999999977,3,3,0,2,0,0,1
calibration-s543-light-none-aligned-control-h2,2,light,none,aligned-control,543,1.0,1.0,0.3333333333333333,1.0,0.0,0.0,0.6666666666666666,1.0,1.0,0.16666666666666666,3,3,0,1,0,0,2
calibration-s542-peak-blocked_ew-rate-and-incident-omitted-h6,6,peak,blocked_ew,rate-and-incident-omitted,542,1.0,0.3333333333333333,0.3333333333333333,1.0,0.0,0.0,0.6666666666666666,0.6666666666666666,0.3333333333333333,2.111111111111111,3,3,0,1,0,0,2
calibration-s541-light-none-rate-and-incident-omitted-h6,6,light,none,rate-and-incident-omitted,541,1.0,0.6666666666666666,0.6666666666666666,0.5,0.5,0.0,0.3333333333333333,0.6666666666666666,0.3333333333333333,1.0833333333333333,3,3,0,1,1,0,1
calibration-s547-peak-none-aligned-control-h2,2,peak,none,aligned-control,547,1.0,1.0,0.0,,0.0,,1.0,1.0,1.0,0.5,3,3,0,0,0,0,3
calibration-s555-peak-none-aligned-control-h2,2,peak,none,aligned-control,555,1.0,1.0,0.0,,0.0,,1.0,1.0,1.0,0.3333333333333333,3,3,0,0,0,0,3
calibration-s556-peak-blocked_ew-rate-and-incident-omitted-h20,20,peak,blocked_ew,rate-and-incident-omitted,556,1.0,0.0,0.6666666666666666,0.0,0.6666666666666666,,0.3333333333333333,0.3333333333333333,0.0,5.066666666666667,3,3,0,0,2,0,1
calibration-s547-peak-blocked_ew-heterogeneity-omitted-h20,20,peak,blocked_ew,heterogeneity-omitted,547,1.0,0.3333333333333333,0.0,,0.0,,1.0,1.0,1.0,4.1000000000000005,3,3,0,0,0,0,3
calibration-s549-peak-none-heterogeneity-omitted-h20,20,peak,none,heterogeneity-omitted,549,1.0,0.6666666666666666,0.6666666666666666,1.0,0.0,0.0,0.3333333333333333,1.0,1.0,0.7666666666666669,3,3,0,2,0,0,1
calibration-s551-light-blocked_ew-rate-and-incident-omitted-h20,20,light,blocked_ew,rate-and-incident-omitted,551,1.0,0.6666666666666666,0.6666666666666666,0.5,1.0,0.5,0.3333333333333333,0.0,0.6666666666666666,0.36666666666666714,3,3,0,1,1,1,0
calibration-s545-peak-blocked_ew-rate-and-incident-omitted-h6,6,peak,blocked_ew,rate-and-incident-omitted,545,1.0,0.3333333333333333,0.6666666666666666,0.5,0.5,0.0,0.3333333333333333,0.3333333333333333,0.3333333333333333,2.361111111111111,3,3,0,1,1,0,1
calibration-s549-light-blocked_ew-aligned-control-h6,6,light,blocked_ew,aligned-control,549,1.0,1.0,0.6666666666666666,1.0,0.0,0.0,0.3333333333333333,1.0,1.0,0.6666666666666673,3,3,0,2,0,0,1
calibration-s551-peak-none-heterogeneity-omitted-h20,20,peak,none,heterogeneity-omitted,551,1.0,0.0,0.0,,0.0,,1.0,1.0,1.0,1.3999999999999986,3,3,0,0,0,0,3
calibration-s541-light-blocked_ew-heterogeneity-omitted-h6,6,light,blocked_ew,heterogeneity-omitted,541,1.0,0.6666666666666666,0.6666666666666666,1.0,0.0,0.0,0.3333333333333333,1.0,1.0,0.9444444444444441,3,3,0,2,0,0,1
calibration-s559-peak-none-aligned-control-h6,6,peak,none,aligned-control,559,1.0,1.0,0.3333333333333333,1.0,0.0,0.0,0.6666666666666666,1.0,1.0,0.5555555555555559,3,3,0,1,0,0,2
calibration-s548-light-none-rate-and-incident-omitted-h6,6,light,none,rate-and-incident-omitted,548,1.0,0.6666666666666666,0.0,,0.0,,1.0,1.0,0.6666666666666666,1.888888888888889,3,3,0,0,0,0,3
calibration-s544-light-none-heterogeneity-omitted-h20,20,light,none,heterogeneity-omitted,544,1.0,0.0,0.3333333333333333,1.0,0.0,0.5,0.6666666666666666,1.0,0.6666666666666666,0.7833333333333332,3,3,0,1,0,1,1
calibration-s552-light-blocked_ew-heterogeneity-omitted-h6,6,light,blocked_ew,heterogeneity-omitted,552,1.0,1.0,0.0,,0.0,,1.0,1.0,1.0,1.111111111111111,3,3,0,0,0,0,3
calibration-s545-peak-blocked_ew-heterogeneity-omitted-h20,20,peak,blocked_ew,heterogeneity-omitted,545,1.0,0.3333333333333333,0.3333333333333333,1.0,0.0,0.0,0.6666666666666666,1.0,1.0,2.816666666666665,3,3,0,1,0,0,2
calibration-s555-peak-blocked_ew-rate-and-incident-omitted-h20,20,peak,blocked_ew,rate-and-incident-omitted,555,1.0,0.0,0.6666666666666666,0.0,0.6666666666666666,,0.3333333333333333,0.3333333333333333,0.0,4.700000000000002,3,3,0,0,2,0,1
calibration-s554-peak-blocked_ew-rate-and-incident-omitted-h6,6,peak,blocked_ew,rate-and-incident-omitted,554,1.0,0.3333333333333333,0.6666666666666666,0.5,0.5,0.0,0.3333333333333333,0.0,0.3333333333333333,2.861111111111111,3,3,0,1,1,0,1
calibration-s551-light-none-heterogeneity-omitted-h2,2,light,none,heterogeneity-omitted,551,1.0,1.0,0.0,,0.0,1.0,1.0,0.6666666666666666,1.0,0.8333333333333334,3,3,0,0,0,1,2
calibration-s546-light-blocked_ew-rate-and-incident-omitted-h20,20,light,blocked_ew,rate-and-incident-omitted,546,1.0,0.6666666666666666,0.6666666666666666,0.5,1.0,0.5,0.3333333333333333,0.0,0.6666666666666666,0.13333333333333316,3,3,0,1,1,1,0
calibration-s548-peak-blocked_ew-heterogeneity-omitted-h6,6,peak,blocked_ew,heterogeneity-omitted,548,1.0,1.0,0.0,,0.0,,1.0,1.0,1.0,2.166666666666669,3,3,0,0,0,0,3
calibration-s552-light-none-aligned-control-h20,20,light,none,aligned-control,552,1.0,1.0,0.6666666666666666,1.0,0.0,0.0,0.3333333333333333,1.0,1.0,0.03333333333333336,3,3,0,2,0,0,1
calibration-s551-peak-none-heterogeneity-omitted-h6,6,peak,none,heterogeneity-omitted,551,1.0,1.0,0.0,,0.0,,1.0,1.0,1.0,1.2500000000000007,3,3,0,0,0,0,3
calibration-s547-light-none-aligned-control-h2,2,light,none,aligned-control,547,1.0,1.0,0.6666666666666666,1.0,0.0,0.0,0.3333333333333333,1.0,1.0,0.16666666666666666,3,3,0,2,0,0,1
calibration-s555-light-none-aligned-control-h6,6,light,none,aligned-control,555,1.0,1.0,0.3333333333333333,1.0,0.0,0.0,0.6666666666666666,1.0,1.0,1.055555555555556,3,3,0,1,0,0,2
calibration-s550-peak-none-aligned-control-h2,2,peak,none,aligned-control,550,1.0,1.0,0.0,,0.0,,1.0,1.0,1.0,0.3333333333333333,3,3,0,0,0,0,3
calibration-s541-peak-none-aligned-control-h6,6,peak,none,aligned-control,541,1.0,1.0,0.0,,0.0,,1.0,1.0,1.0,0.8333333333333327,3,3,0,0,0,0,3
calibration-s547-peak-none-rate-and-incident-omitted-h6,6,peak,none,rate-and-incident-omitted,547,1.0,0.6666666666666666,0.3333333333333333,0.0,0.3333333333333333,,0.6666666666666666,0.6666666666666666,0.0,1.1111111111111107,3,3,0,0,1,0,2
calibration-s544-light-blocked_ew-aligned-control-h2,2,light,blocked_ew,aligned-control,544,1.0,1.0,0.0,,0.0,,1.0,1.0,1.0,0.8333333333333334,3,3,0,0,0,0,3
calibration-s548-light-none-aligned-control-h2,2,light,none,aligned-control,548,1.0,1.0,0.0,,0.0,,1.0,1.0,1.0,0.3333333333333333,3,3,0,0,0,0,3
calibration-s559-light-none-aligned-control-h20,20,light,none,aligned-control,559,1.0,1.0,0.6666666666666666,1.0,0.0,0.0,0.3333333333333333,1.0,1.0,1.05,3,3,0,2,0,0,1
calibration-s553-light-none-heterogeneity-omitted-h6,6,light,none,heterogeneity-omitted,553,1.0,0.6666666666666666,0.0,,0.0,,1.0,1.0,1.0,2.0277777777777777,3,3,0,0,0,0,3
calibration-s557-peak-none-heterogeneity-omitted-h20,20,peak,none,heterogeneity-omitted,557,1.0,1.0,0.0,,0.0,1.0,1.0,1.0,1.0,1.216666666666665,3,3,0,0,0,1,2
calibration-s550-peak-blocked_ew-heterogeneity-omitted-h20,20,peak,blocked_ew,heterogeneity-omitted,550,1.0,0.3333333333333333,0.0,,0.0,,1.0,1.0,1.0,3.383333333333335,3,3,0,0,0,0,3
calibration-s542-peak-none-heterogeneity-omitted-h20,20,peak,none,heterogeneity-omitted,542,1.0,1.0,0.0,,0.0,,1.0,1.0,0.3333333333333333,0.9916666666666671,3,3,0,0,0,0,3
calibration-s551-peak-none-rate-and-incident-omitted-h2,2,peak,none,rate-and-incident-omitted,551,1.0,1.0,0.0,,0.0,,1.0,1.0,0.3333333333333333,0.75,3,3,0,0,0,0,3
calibration-s554-light-none-heterogeneity-omitted-h2,2,light,none,heterogeneity-omitted,554,1.0,1.0,0.3333333333333333,1.0,0.0,0.0,0.6666666666666666,0.6666666666666666,0.6666666666666666,0.3333333333333333,3,3,0,1,0,0,2
calibration-s554-peak-blocked_ew-rate-and-incident-omitted-h2,2,peak,blocked_ew,rate-and-incident-omitted,554,1.0,0.3333333333333333,0.6666666666666666,0.5,0.5,0.0,0.3333333333333333,0.3333333333333333,0.3333333333333333,1.0833333333333333,3,3,0,1,1,0,1
calibration-s555-light-blocked_ew-rate-and-incident-omitted-h6,6,light,blocked_ew,rate-and-incident-omitted,555,1.0,0.6666666666666666,0.3333333333333333,1.0,0.0,0.5,0.6666666666666666,0.3333333333333333,0.6666666666666666,1.4444444444444438,3,3,0,1,0,1,1
calibration-s542-peak-none-aligned-control-h6,6,peak,none,aligned-control,542,1.0,1.0,0.0,,0.0,,1.0,1.0,1.0,0.8888888888888881,3,3,0,0,0,0,3
calibration-s543-peak-none-heterogeneity-omitted-h2,2,peak,none,heterogeneity-omitted,543,1.0,1.0,0.0,,0.0,,1.0,1.0,0.3333333333333333,0.25,3,3,0,0,0,0,3
calibration-s545-light-none-rate-and-incident-omitted-h20,20,light,none,rate-and-incident-omitted,545,1.0,0.0,0.3333333333333333,1.0,0.0,0.0,0.6666666666666666,1.0,1.0,1.175,3,3,0,1,0,0,2
calibration-s560-light-blocked_ew-heterogeneity-omitted-h20,20,light,blocked_ew,heterogeneity-omitted,560,1.0,1.0,0.6666666666666666,1.0,0.0,0.0,0.3333333333333333,1.0,1.0,0.2666666666666669,3,3,0,2,0,0,1
calibration-s554-light-blocked_ew-rate-and-incident-omitted-h20,20,light,blocked_ew,rate-and-incident-omitted,554,1.0,0.6666666666666666,0.6666666666666666,0.5,1.0,0.5,0.3333333333333333,0.0,0.6666666666666666,0.958333333333333,3,3,0,1,1,1,0
calibration-s558-peak-none-rate-and-incident-omitted-h2,2,peak,none,rate-and-incident-omitted,558,1.0,1.0,0.0,,0.0,,1.0,1.0,0.0,0.75,3,3,0,0,0,0,3
calibration-s545-light-none-aligned-control-h6,6,light,none,aligned-control,545,1.0,1.0,0.0,,0.0,,1.0,1.0,1.0,1.5,3,3,0,0,0,0,3
calibration-s546-peak-none-heterogeneity-omitted-h6,6,peak,none,heterogeneity-omitted,546,1.0,0.0,0.0,,0.0,,1.0,1.0,1.0,0.6666666666666679,3,3,0,0,0,0,3
calibration-s552-light-none-rate-and-incident-omitted-h20,20,light,none,rate-and-incident-omitted,552,1.0,0.6666666666666666,1.0,1.0,,0.0,0.0,1.0,1.0,0.0,3,3,0,3,0,0,0
calibration-s552-peak-blocked_ew-heterogeneity-omitted-h2,2,peak,blocked_ew,heterogeneity-omitted,552,1.0,1.0,0.0,,0.0,,1.0,1.0,1.0,0.8333333333333334,3,3,0,0,0,0,3
calibration-s547-peak-none-heterogeneity-omitted-h2,2,peak,none,heterogeneity-omitted,547,1.0,1.0,0.0,,0.0,,1.0,1.0,1.0,0.5,3,3,0,0,0,0,3
calibration-s541-peak-blocked_ew-aligned-control-h6,6,peak,blocked_ew,aligned-control,541,1.0,1.0,0.0,,0.0,,1.0,1.0,1.0,2.0,3,3,0,0,0,0,3
calibration-s545-light-none-heterogeneity-omitted-h2,2,light,none,heterogeneity-omitted,545,1.0,1.0,0.0,,0.0,1.0,1.0,0.6666666666666666,1.0,0.4166666666666667,3,3,0,0,0,1,2
calibration-s553-peak-none-rate-and-incident-omitted-h20,20,peak,none,rate-and-incident-omitted,553,1.0,0.3333333333333333,0.6666666666666666,0.0,0.6666666666666666,,0.3333333333333333,0.3333333333333333,0.0,2.008333333333334,3,3,0,0,2,0,1
calibration-s543-peak-none-rate-and-incident-omitted-h20,20,peak,none,rate-and-incident-omitted,543,1.0,0.3333333333333333,0.6666666666666666,0.0,0.6666666666666666,,0.3333333333333333,0.3333333333333333,0.0,1.0833333333333346,3,3,0,0,2,0,1
calibration-s544-peak-none-heterogeneity-omitted-h6,6,peak,none,heterogeneity-omitted,544,1.0,0.0,0.0,,0.0,,1.0,1.0,1.0,0.7500000000000012,3,3,0,0,0,0,3
calibration-s544-light-blocked_ew-heterogeneity-omitted-h2,2,light,blocked_ew,heterogeneity-omitted,544,1.0,0.3333333333333333,0.0,,0.0,,1.0,1.0,1.0,0.5833333333333334,3,3,0,0,0,0,3
calibration-s551-light-none-aligned-control-h20,20,light,none,aligned-control,551,1.0,1.0,0.6666666666666666,1.0,0.0,0.0,0.3333333333333333,1.0,1.0,1.5166666666666666,3,3,0,2,0,0,1
calibration-s552-peak-blocked_ew-rate-and-incident-omitted-h6,6,peak,blocked_ew,rate-and-incident-omitted,552,1.0,0.3333333333333333,0.3333333333333333,0.0,0.3333333333333333,,0.6666666666666666,0.6666666666666666,0.0,1.8333333333333357,3,3,0,0,1,0,2
calibration-s546-light-none-aligned-control-h6,6,light,none,aligned-control,546,1.0,1.0,0.3333333333333333,1.0,0.0,0.0,0.6666666666666666,1.0,1.0,1.611111111111111,3,3,0,1,0,0,2
calibration-s553-light-blocked_ew-rate-and-incident-omitted-h2,2,light,blocked_ew,rate-and-incident-omitted,553,1.0,0.6666666666666666,0.3333333333333333,0.0,1.0,1.0,0.6666666666666666,0.0,0.6666666666666666,0.4166666666666667,3,3,0,0,1,2,0
calibration-s557-peak-none-heterogeneity-omitted-h6,6,peak,none,heterogeneity-omitted,557,1.0,0.0,0.0,,0.0,,1.0,1.0,1.0,1.1388888888888904,3,3,0,0,0,0,3
calibration-s560-light-none-aligned-control-h6,6,light,none,aligned-control,560,1.0,1.0,0.3333333333333333,1.0,0.0,0.0,0.6666666666666666,1.0,1.0,0.5,3,3,0,1,0,0,2
calibration-s559-peak-none-rate-and-incident-omitted-h20,20,peak,none,rate-and-incident-omitted,559,1.0,0.3333333333333333,0.6666666666666666,0.0,0.6666666666666666,,0.3333333333333333,0.3333333333333333,0.0,0.9750000000000002,3,3,0,0,2,0,1
calibration-s548-peak-none-heterogeneity-omitted-h2,2,peak,none,heterogeneity-omitted,548,1.0,1.0,0.0,,0.0,,1.0,0.6666666666666666,0.6666666666666666,0.5,3,3,0,0,0,0,3
calibration-s542-light-blocked_ew-aligned-control-h20,20,light,blocked_ew,aligned-control,542,1.0,1.0,0.6666666666666666,1.0,0.0,0.0,0.3333333333333333,1.0,1.0,0.3333333333333333,3,3,0,2,0,0,1
calibration-s551-light-blocked_ew-heterogeneity-omitted-h20,20,light,blocked_ew,heterogeneity-omitted,551,1.0,0.3333333333333333,0.6666666666666666,1.0,0.0,0.0,0.3333333333333333,1.0,1.0,0.16666666666666666,3,3,0,2,0,0,1
calibration-s549-peak-blocked_ew-rate-and-incident-omitted-h6,6,peak,blocked_ew,rate-and-incident-omitted,549,1.0,0.6666666666666666,0.6666666666666666,0.5,0.5,0.0,0.3333333333333333,0.3333333333333333,0.3333333333333333,1.222222222222222,3,3,0,1,1,0,1
calibration-s555-light-blocked_ew-aligned-control-h6,6,light,blocked_ew,aligned-control,555,1.0,1.0,0.6666666666666666,1.0,0.0,0.0,0.3333333333333333,1.0,1.0,0.6666666666666666,3,3,0,2,0,0,1
calibration-s560-light-none-aligned-control-h20,20,light,none,aligned-control,560,1.0,1.0,0.6666666666666666,1.0,0.0,0.0,0.3333333333333333,1.0,1.0,0.5333333333333332,3,3,0,2,0,0,1
calibration-s549-light-none-rate-and-incident-omitted-h6,6,light,none,rate-and-incident-omitted,549,1.0,0.3333333333333333,0.6666666666666666,1.0,0.0,0.0,0.3333333333333333,0.6666666666666666,0.6666666666666666,0.2499999999999997,3,3,0,2,0,0,1
calibration-s558-peak-none-heterogeneity-omitted-h6,6,peak,none,heterogeneity-omitted,558,1.0,1.0,0.0,,0.0,,1.0,1.0,1.0,1.3888888888888893,3,3,0,0,0,0,3
calibration-s542-light-none-aligned-control-h20,20,light,none,aligned-control,542,1.0,1.0,0.3333333333333333,1.0,0.0,0.0,0.6666666666666666,1.0,1.0,1.5333333333333332,3,3,0,1,0,0,2
calibration-s542-peak-none-rate-and-incident-omitted-h6,6,peak,none,rate-and-incident-omitted,542,1.0,1.0,0.0,,0.0,,1.0,1.0,0.0,1.0833333333333333,3,3,0,0,0,0,3
calibration-s550-light-blocked_ew-aligned-control-h20,20,light,blocked_ew,aligned-control,550,1.0,1.0,0.6666666666666666,1.0,0.0,0.0,0.3333333333333333,1.0,1.0,0.35000000000000026,3,3,0,2,0,0,1
calibration-s548-light-blocked_ew-aligned-control-h20,20,light,blocked_ew,aligned-control,548,1.0,1.0,0.3333333333333333,1.0,0.0,0.0,0.6666666666666666,1.0,1.0,0.2833333333333332,3,3,0,1,0,0,2
calibration-s546-peak-blocked_ew-rate-and-incident-omitted-h20,20,peak,blocked_ew,rate-and-incident-omitted,546,1.0,0.0,0.6666666666666666,0.0,0.6666666666666666,,0.3333333333333333,0.3333333333333333,0.0,5.05,3,3,0,0,2,0,1
calibration-s550-peak-none-heterogeneity-omitted-h6,6,peak,none,heterogeneity-omitted,550,1.0,0.6666666666666666,0.0,,0.0,,1.0,1.0,1.0,0.8333333333333327,3,3,0,0,0,0,3
calibration-s550-light-none-heterogeneity-omitted-h2,2,light,none,heterogeneity-omitted,550,1.0,1.0,0.0,,0.0,1.0,1.0,0.6666666666666666,1.0,0.8333333333333334,3,3,0,0,0,1,2
calibration-s559-peak-none-aligned-control-h2,2,peak,none,aligned-control,559,1.0,1.0,0.3333333333333333,1.0,0.0,0.0,0.6666666666666666,1.0,1.0,0.16666666666666666,3,3,0,1,0,0,2
calibration-s547-light-none-heterogeneity-omitted-h20,20,light,none,heterogeneity-omitted,547,1.0,1.0,0.3333333333333333,1.0,0.0,0.5,0.6666666666666666,1.0,0.6666666666666666,0.25,3,3,0,1,0,1,1
calibration-s559-light-none-heterogeneity-omitted-h6,6,light,none,heterogeneity-omitted,559,1.0,0.6666666666666666,0.0,,0.0,,1.0,1.0,1.0,1.7777777777777775,3,3,0,0,0,0,3
calibration-s558-light-none-heterogeneity-omitted-h20,20,light,none,heterogeneity-omitted,558,1.0,0.3333333333333333,0.6666666666666666,1.0,0.0,0.0,0.3333333333333333,1.0,1.0,0.7333333333333333,3,3,0,2,0,0,1
calibration-s541-peak-none-aligned-control-h20,20,peak,none,aligned-control,541,1.0,1.0,0.0,,0.0,,1.0,1.0,1.0,1.7,3,3,0,0,0,0,3
calibration-s555-light-none-heterogeneity-omitted-h2,2,light,none,heterogeneity-omitted,555,1.0,0.6666666666666666,0.3333333333333333,1.0,0.0,0.5,0.6666666666666666,0.6666666666666666,0.6666666666666666,0.08333333333333333,3,3,0,1,0,1,1
calibration-s550-peak-blocked_ew-aligned-control-h2,2,peak,blocked_ew,aligned-control,550,1.0,1.0,0.0,,0.0,,1.0,1.0,1.0,0.8333333333333334,3,3,0,0,0,0,3
calibration-s550-peak-blocked_ew-heterogeneity-omitted-h2,2,peak,blocked_ew,heterogeneity-omitted,550,1.0,1.0,0.0,,0.0,,1.0,1.0,1.0,1.25,3,3,0,0,0,0,3
calibration-s545-peak-blocked_ew-heterogeneity-omitted-h2,2,peak,blocked_ew,heterogeneity-omitted,545,1.0,0.6666666666666666,0.3333333333333333,1.0,0.0,0.0,0.6666666666666666,1.0,1.0,0.75,3,3,0,1,0,0,2
calibration-s548-peak-none-rate-and-incident-omitted-h2,2,peak,none,rate-and-incident-omitted,548,1.0,1.0,0.0,,0.0,,1.0,1.0,0.0,0.3333333333333333,3,3,0,0,0,0,3
calibration-s554-peak-none-heterogeneity-omitted-h2,2,peak,none,heterogeneity-omitted,554,1.0,1.0,0.0,,0.0,,1.0,0.6666666666666666,1.0,0.5833333333333334,3,3,0,0,0,0,3
calibration-s553-peak-blocked_ew-heterogeneity-omitted-h2,2,peak,blocked_ew,heterogeneity-omitted,553,1.0,1.0,0.0,,0.0,,1.0,1.0,1.0,0.4166666666666667,3,3,0,0,0,0,3
calibration-s552-light-blocked_ew-heterogeneity-omitted-h20,20,light,blocked_ew,heterogeneity-omitted,552,1.0,0.6666666666666666,0.3333333333333333,1.0,0.0,0.0,0.6666666666666666,1.0,1.0,1.4833333333333334,3,3,0,1,0,0,2
calibration-s559-peak-none-rate-and-incident-omitted-h6,6,peak,none,rate-and-incident-omitted,559,1.0,1.0,0.0,,0.0,,1.0,1.0,0.0,0.7777777777777798,3,3,0,0,0,0,3
calibration-s549-light-blocked_ew-aligned-control-h20,20,light,blocked_ew,aligned-control,549,1.0,1.0,0.6666666666666666,1.0,0.0,0.0,0.3333333333333333,1.0,1.0,0.25,3,3,0,2,0,0,1
calibration-s550-peak-blocked_ew-aligned-control-h6,6,peak,blocked_ew,aligned-control,550,1.0,1.0,0.0,,0.0,,1.0,1.0,1.0,2.0,3,3,0,0,0,0,3
calibration-s551-peak-blocked_ew-rate-and-incident-omitted-h2,2,peak,blocked_ew,rate-and-incident-omitted,551,1.0,0.3333333333333333,0.6666666666666666,0.5,0.5,0.0,0.3333333333333333,0.6666666666666666,0.3333333333333333,1.25,3,3,0,1,1,0,1
calibration-s541-peak-blocked_ew-rate-and-incident-omitted-h20,20,peak,blocked_ew,rate-and-incident-omitted,541,1.0,0.0,0.6666666666666666,0.0,0.6666666666666666,,0.3333333333333333,0.3333333333333333,0.0,3.683333333333333,3,3,0,0,2,0,1
calibration-s557-light-none-rate-and-incident-omitted-h2,2,light,none,rate-and-incident-omitted,557,1.0,0.6666666666666666,0.0,,0.0,,1.0,0.3333333333333333,0.0,0.3333333333333333,3,3,0,0,0,0,3
calibration-s556-peak-none-aligned-control-h6,6,peak,none,aligned-control,556,1.0,1.0,0.3333333333333333,1.0,0.0,0.0,0.6666666666666666,1.0,1.0,0.7777777777777786,3,3,0,1,0,0,2
calibration-s546-light-none-rate-and-incident-omitted-h2,2,light,none,rate-and-incident-omitted,546,1.0,1.0,0.3333333333333333,1.0,0.0,0.0,0.6666666666666666,0.6666666666666666,0.6666666666666666,0.5,3,3,0,1,0,0,2
calibration-s555-light-none-heterogeneity-omitted-h20,20,light,none,heterogeneity-omitted,555,1.0,0.3333333333333333,0.6666666666666666,1.0,0.0,0.0,0.3333333333333333,1.0,0.6666666666666666,0.041666666666666664,3,3,0,2,0,0,1
calibration-s554-peak-blocked_ew-aligned-control-h20,20,peak,blocked_ew,aligned-control,554,1.0,1.0,0.3333333333333333,1.0,0.0,0.0,0.6666666666666666,1.0,1.0,3.333333333333334,3,3,0,1,0,0,2
calibration-s544-peak-blocked_ew-rate-and-incident-omitted-h6,6,peak,blocked_ew,rate-and-incident-omitted,544,1.0,0.3333333333333333,0.0,,0.0,,1.0,1.0,0.0,1.833333333333334,3,3,0,0,0,0,3
calibration-s553-light-none-heterogeneity-omitted-h20,20,light,none,heterogeneity-omitted,553,1.0,0.0,0.3333333333333333,1.0,0.0,0.0,0.6666666666666666,1.0,1.0,1.4750000000000003,3,3,0,1,0,0,2
calibration-s548-light-blocked_ew-heterogeneity-omitted-h2,2,light,blocked_ew,heterogeneity-omitted,548,1.0,1.0,0.3333333333333333,1.0,0.0,0.0,0.6666666666666666,1.0,1.0,0.5,3,3,0,1,0,0,2
calibration-s555-peak-none-rate-and-incident-omitted-h20,20,peak,none,rate-and-incident-omitted,555,1.0,0.0,0.6666666666666666,0.0,0.6666666666666666,,0.3333333333333333,0.3333333333333333,0.0,1.3666666666666671,3,3,0,0,2,0,1
calibration-s553-light-none-rate-and-incident-omitted-h2,2,light,none,rate-and-incident-omitted,553,1.0,1.0,0.0,,0.0,,1.0,0.6666666666666666,0.6666666666666666,0.6666666666666666,3,3,0,0,0,0,3
calibration-s542-light-none-heterogeneity-omitted-h20,20,light,none,heterogeneity-omitted,542,1.0,0.0,0.3333333333333333,1.0,0.0,0.0,0.6666666666666666,1.0,1.0,1.5999999999999999,3,3,0,1,0,0,2
calibration-s558-peak-blocked_ew-heterogeneity-omitted-h20,20,peak,blocked_ew,heterogeneity-omitted,558,1.0,0.0,0.0,,0.0,,1.0,1.0,1.0,4.366666666666668,3,3,0,0,0,0,3
calibration-s557-light-blocked_ew-heterogeneity-omitted-h20,20,light,blocked_ew,heterogeneity-omitted,557,1.0,1.0,0.6666666666666666,1.0,0.0,0.0,0.3333333333333333,1.0,1.0,0.15000000000000036,3,3,0,2,0,0,1
calibration-s553-light-none-rate-and-incident-omitted-h6,6,light,none,rate-and-incident-omitted,553,1.0,0.6666666666666666,0.0,,0.0,,1.0,1.0,0.6666666666666666,2.0277777777777777,3,3,0,0,0,0,3
calibration-s541-light-blocked_ew-aligned-control-h2,2,light,blocked_ew,aligned-control,541,1.0,1.0,0.6666666666666666,1.0,0.0,0.0,0.3333333333333333,1.0,1.0,0.16666666666666666,3,3,0,2,0,0,1
calibration-s553-light-blocked_ew-heterogeneity-omitted-h20,20,light,blocked_ew,heterogeneity-omitted,553,1.0,1.0,0.6666666666666666,1.0,0.0,0.0,0.3333333333333333,1.0,1.0,0.2833333333333338,3,3,0,2,0,0,1
calibration-s543-light-none-aligned-control-h6,6,light,none,aligned-control,543,1.0,1.0,0.3333333333333333,1.0,0.0,0.0,0.6666666666666666,1.0,1.0,0.7222222222222227,3,3,0,1,0,0,2
calibration-s541-light-none-aligned-control-h6,6,light,none,aligned-control,541,1.0,1.0,0.3333333333333333,1.0,0.0,0.0,0.6666666666666666,1.0,1.0,0.611111111111111,3,3,0,1,0,0,2
calibration-s544-light-none-aligned-control-h6,6,light,none,aligned-control,544,1.0,1.0,0.3333333333333333,1.0,0.0,0.0,0.6666666666666666,1.0,1.0,1.222222222222222,3,3,0,1,0,0,2
calibration-s541-light-blocked_ew-aligned-control-h6,6,light,blocked_ew,aligned-control,541,1.0,1.0,0.6666666666666666,1.0,0.0,0.0,0.3333333333333333,1.0,1.0,0.6666666666666666,3,3,0,2,0,0,1
calibration-s546-light-blocked_ew-rate-and-incident-omitted-h2,2,light,blocked_ew,rate-and-incident-omitted,546,1.0,0.6666666666666666,0.6666666666666666,0.5,0.5,0.0,0.3333333333333333,0.0,0.3333333333333333,0.5833333333333334,3,3,0,1,1,0,1
calibration-s545-light-blocked_ew-rate-and-incident-omitted-h6,6,light,blocked_ew,rate-and-incident-omitted,545,1.0,0.6666666666666666,0.0,,0.0,1.0,1.0,0.3333333333333333,0.6666666666666666,0.7777777777777773,3,3,0,0,0,2,1
calibration-s546-peak-none-rate-and-incident-omitted-h2,2,peak,none,rate-and-incident-omitted,546,1.0,1.0,0.0,,0.0,,1.0,1.0,0.0,0.5833333333333334,3,3,0,0,0,0,3
calibration-s559-peak-blocked_ew-aligned-control-h20,20,peak,blocked_ew,aligned-control,559,1.0,1.0,0.0,,0.0,,1.0,1.0,1.0,5.333333333333333,3,3,0,0,0,0,3
calibration-s552-light-blocked_ew-heterogeneity-omitted-h2,2,light,blocked_ew,heterogeneity-omitted,552,1.0,1.0,0.0,,0.0,,1.0,1.0,1.0,0.5,3,3,0,0,0,0,3
calibration-s557-light-none-rate-and-incident-omitted-h6,6,light,none,rate-and-incident-omitted,557,1.0,0.6666666666666666,0.3333333333333333,1.0,0.0,0.0,0.6666666666666666,1.0,0.6666666666666666,0.9166666666666666,3,3,0,1,0,0,2
calibration-s549-light-blocked_ew-heterogeneity-omitted-h6,6,light,blocked_ew,heterogeneity-omitted,549,1.0,0.6666666666666666,0.6666666666666666,1.0,0.0,0.0,0.3333333333333333,1.0,1.0,0.44444444444444403,3,3,0,2,0,0,1
calibration-s546-light-none-aligned-control-h20,20,light,none,aligned-control,546,1.0,1.0,0.6666666666666666,1.0,0.0,0.0,0.3333333333333333,1.0,1.0,0.9666666666666667,3,3,0,2,0,0,1
calibration-s556-peak-none-heterogeneity-omitted-h2,2,peak,none,heterogeneity-omitted,556,1.0,1.0,0.3333333333333333,1.0,0.0,0.0,0.6666666666666666,1.0,1.0,0.16666666666666666,3,3,0,1,0,0,2
calibration-s544-light-none-rate-and-incident-omitted-h6,6,light,none,rate-and-incident-omitted,544,1.0,0.3333333333333333,0.3333333333333333,1.0,0.0,0.0,0.6666666666666666,1.0,0.6666666666666666,1.2500000000000002,3,3,0,1,0,0,2
calibration-s543-light-none-aligned-control-h20,20,light,none,aligned-control,543,1.0,1.0,0.6666666666666666,1.0,0.0,0.0,0.3333333333333333,1.0,1.0,0.5666666666666668,3,3,0,2,0,0,1
calibration-s560-peak-none-heterogeneity-omitted-h20,20,peak,none,heterogeneity-omitted,560,1.0,0.6666666666666666,0.3333333333333333,1.0,0.0,0.0,0.6666666666666666,1.0,1.0,1.9833333333333332,3,3,0,1,0,0,2
calibration-s543-peak-none-rate-and-incident-omitted-h6,6,peak,none,rate-and-incident-omitted,543,1.0,1.0,0.0,,0.0,,1.0,1.0,0.0,1.0833333333333333,3,3,0,0,0,0,3
calibration-s551-peak-blocked_ew-rate-and-incident-omitted-h6,6,peak,blocked_ew,rate-and-incident-omitted,551,1.0,0.3333333333333333,0.6666666666666666,0.5,0.5,0.0,0.3333333333333333,0.3333333333333333,0.3333333333333333,3.9166666666666665,3,3,0,1,1,0,1
calibration-s548-light-none-aligned-control-h6,6,light,none,aligned-control,548,1.0,1.0,0.0,,0.0,,1.0,1.0,1.0,1.7222222222222225,3,3,0,0,0,0,3
calibration-s545-light-blocked_ew-rate-and-incident-omitted-h2,2,light,blocked_ew,rate-and-incident-omitted,545,1.0,0.6666666666666666,0.3333333333333333,0.0,1.0,1.0,0.6666666666666666,0.0,0.6666666666666666,0.75,3,3,0,0,1,2,0
calibration-s554-light-none-heterogeneity-omitted-h20,20,light,none,heterogeneity-omitted,554,1.0,0.3333333333333333,0.6666666666666666,1.0,0.0,0.0,0.3333333333333333,1.0,1.0,0.20000000000000004,3,3,0,2,0,0,1
calibration-s557-light-none-aligned-control-h2,2,light,none,aligned-control,557,1.0,1.0,0.0,,0.0,,1.0,1.0,1.0,0.3333333333333333,3,3,0,0,0,0,3
calibration-s556-peak-blocked_ew-heterogeneity-omitted-h2,2,peak,blocked_ew,heterogeneity-omitted,556,1.0,1.0,0.0,,0.0,,1.0,1.0,1.0,0.8333333333333334,3,3,0,0,0,0,3
calibration-s544-peak-blocked_ew-rate-and-incident-omitted-h20,20,peak,blocked_ew,rate-and-incident-omitted,544,1.0,0.0,0.6666666666666666,0.0,0.6666666666666666,,0.3333333333333333,0.3333333333333333,0.0,3.4166666666666665,3,3,0,0,2,0,1
calibration-s555-light-none-rate-and-incident-omitted-h2,2,light,none,rate-and-incident-omitted,555,1.0,0.6666666666666666,0.3333333333333333,1.0,0.0,0.5,0.6666666666666666,0.3333333333333333,0.6666666666666666,0.16666666666666666,3,3,0,1,0,1,1
calibration-s542-peak-none-heterogeneity-omitted-h6,6,peak,none,heterogeneity-omitted,542,1.0,0.0,0.0,,0.0,,1.0,1.0,1.0,1.0833333333333333,3,3,0,0,0,0,3
calibration-s545-peak-none-heterogeneity-omitted-h2,2,peak,none,heterogeneity-omitted,545,1.0,1.0,0.0,,0.0,,1.0,0.6666666666666666,1.0,0.5833333333333334,3,3,0,0,0,0,3
calibration-s545-light-blocked_ew-aligned-control-h2,2,light,blocked_ew,aligned-control,545,1.0,1.0,0.6666666666666666,1.0,0.0,0.0,0.3333333333333333,1.0,1.0,0.16666666666666666,3,3,0,2,0,0,1
calibration-s557-peak-blocked_ew-heterogeneity-omitted-h2,2,peak,blocked_ew,heterogeneity-omitted,557,1.0,1.0,0.3333333333333333,1.0,0.0,0.0,0.6666666666666666,1.0,1.0,0.5,3,3,0,1,0,0,2
calibration-s542-peak-blocked_ew-heterogeneity-omitted-h2,2,peak,blocked_ew,heterogeneity-omitted,542,1.0,0.0,0.3333333333333333,1.0,0.0,0.0,0.6666666666666666,1.0,1.0,0.75,3,3,0,1,0,0,2
calibration-s542-light-none-rate-and-incident-omitted-h6,6,light,none,rate-and-incident-omitted,542,1.0,1.0,0.0,,0.0,1.0,1.0,0.6666666666666666,0.6666666666666666,1.583333333333334,3,3,0,0,0,1,2
calibration-s559-light-none-rate-and-incident-omitted-h20,20,light,none,rate-and-incident-omitted,559,1.0,0.0,0.6666666666666666,1.0,0.0,0.0,0.3333333333333333,1.0,1.0,1.0166666666666666,3,3,0,2,0,0,1
calibration-s547-peak-blocked_ew-rate-and-incident-omitted-h2,2,peak,blocked_ew,rate-and-incident-omitted,547,1.0,0.6666666666666666,0.3333333333333333,0.0,0.3333333333333333,,0.6666666666666666,0.6666666666666666,0.0,1.3333333333333333,3,3,0,0,1,0,2
calibration-s545-peak-blocked_ew-heterogeneity-omitted-h6,6,peak,blocked_ew,heterogeneity-omitted,545,1.0,0.0,0.3333333333333333,1.0,0.0,0.0,0.6666666666666666,0.6666666666666666,1.0,1.2222222222222232,3,3,0,1,0,0,2
calibration-s557-peak-blocked_ew-aligned-control-h6,6,peak,blocked_ew,aligned-control,557,1.0,1.0,0.3333333333333333,1.0,0.0,0.0,0.6666666666666666,1.0,1.0,1.3333333333333333,3,3,0,1,0,0,2
calibration-s552-peak-blocked_ew-rate-and-incident-omitted-h20,20,peak,blocked_ew,rate-and-incident-omitted,552,1.0,0.0,0.6666666666666666,0.0,0.6666666666666666,,0.3333333333333333,0.3333333333333333,0.0,6.866666666666666,3,3,0,0,2,0,1
calibration-s550-peak-none-aligned-control-h20,20,peak,none,aligned-control,550,1.0,1.0,0.3333333333333333,1.0,0.0,0.0,0.6666666666666666,1.0,1.0,1.116666666666666,3,3,0,1,0,0,2
calibration-s541-light-blocked_ew-rate-and-incident-omitted-h2,2,light,blocked_ew,rate-and-incident-omitted,541,1.0,0.6666666666666666,0.0,,0.0,1.0,1.0,0.0,0.6666666666666666,0.4166666666666667,3,3,0,0,0,2,1
calibration-s549-peak-blocked_ew-aligned-control-h2,2,peak,blocked_ew,aligned-control,549,1.0,1.0,0.3333333333333333,1.0,0.0,0.0,0.6666666666666666,1.0,1.0,0.5,3,3,0,1,0,0,2
calibration-s553-peak-none-heterogeneity-omitted-h2,2,peak,none,heterogeneity-omitted,553,1.0,1.0,0.0,,0.0,1.0,1.0,0.6666666666666666,0.3333333333333333,0.16666666666666666,3,3,0,0,0,1,2
calibration-s546-light-blocked_ew-heterogeneity-omitted-h2,2,light,blocked_ew,heterogeneity-omitted,546,1.0,1.0,0.3333333333333333,1.0,0.0,0.0,0.6666666666666666,1.0,1.0,0.25,3,3,0,1,0,0,2
calibration-s554-light-none-aligned-control-h20,20,light,none,aligned-control,554,1.0,1.0,0.6666666666666666,1.0,0.0,0.0,0.3333333333333333,1.0,1.0,0.20000000000000004,3,3,0,2,0,0,1
calibration-s559-peak-blocked_ew-heterogeneity-omitted-h2,2,peak,blocked_ew,heterogeneity-omitted,559,1.0,1.0,0.0,,0.0,,1.0,1.0,1.0,1.25,3,3,0,0,0,0,3
calibration-s552-peak-none-aligned-control-h2,2,peak,none,aligned-control,552,1.0,1.0,0.0,,0.0,,1.0,1.0,1.0,0.3333333333333333,3,3,0,0,0,0,3
calibration-s552-peak-blocked_ew-aligned-control-h20,20,peak,blocked_ew,aligned-control,552,1.0,1.0,0.0,,0.0,,1.0,1.0,1.0,5.5,3,3,0,0,0,0,3
calibration-s558-peak-blocked_ew-rate-and-incident-omitted-h2,2,peak,blocked_ew,rate-and-incident-omitted,558,1.0,0.0,0.3333333333333333,0.0,0.3333333333333333,,0.6666666666666666,0.6666666666666666,0.0,1.4166666666666667,3,3,0,0,1,0,2
calibration-s546-peak-blocked_ew-rate-and-incident-omitted-h2,2,peak,blocked_ew,rate-and-incident-omitted,546,1.0,0.0,0.3333333333333333,0.0,0.3333333333333333,,0.6666666666666666,0.6666666666666666,0.0,1.5833333333333333,3,3,0,0,1,0,2
calibration-s548-peak-blocked_ew-heterogeneity-omitted-h2,2,peak,blocked_ew,heterogeneity-omitted,548,1.0,1.0,0.0,,0.0,,1.0,1.0,1.0,0.8333333333333334,3,3,0,0,0,0,3
calibration-s556-peak-none-rate-and-incident-omitted-h6,6,peak,none,rate-and-incident-omitted,556,1.0,0.6666666666666666,0.3333333333333333,1.0,0.0,0.0,0.6666666666666666,0.6666666666666666,0.3333333333333333,1.1666666666666679,3,3,0,1,0,0,2
calibration-s542-peak-none-aligned-control-h2,2,peak,none,aligned-control,542,1.0,1.0,0.0,,0.0,,1.0,1.0,1.0,0.3333333333333333,3,3,0,0,0,0,3
calibration-s551-peak-none-aligned-control-h6,6,peak,none,aligned-control,551,1.0,1.0,0.0,,0.0,,1.0,1.0,1.0,0.9444444444444434,3,3,0,0,0,0,3
calibration-s551-light-blocked_ew-aligned-control-h6,6,light,blocked_ew,aligned-control,551,1.0,1.0,0.3333333333333333,1.0,0.0,0.0,0.6666666666666666,1.0,1.0,0.6666666666666666,3,3,0,1,0,0,2
calibration-s558-light-blocked_ew-aligned-control-h2,2,light,blocked_ew,aligned-control,558,1.0,1.0,0.3333333333333333,1.0,0.0,0.0,0.6666666666666666,1.0,1.0,0.16666666666666666,3,3,0,1,0,0,2
calibration-s556-light-blocked_ew-rate-and-incident-omitted-h20,20,light,blocked_ew,rate-and-incident-omitted,556,1.0,0.3333333333333333,1.0,0.3333333333333333,1.0,0.0,0.0,0.0,0.3333333333333333,0.85,3,3,0,1,2,0,0
calibration-s541-light-blocked_ew-aligned-control-h20,20,light,blocked_ew,aligned-control,541,1.0,1.0,0.6666666666666666,1.0,0.0,0.0,0.3333333333333333,1.0,1.0,0.14999999999999977,3,3,0,2,0,0,1
calibration-s560-light-blocked_ew-rate-and-incident-omitted-h2,2,light,blocked_ew,rate-and-incident-omitted,560,1.0,0.6666666666666666,0.6666666666666666,0.5,1.0,0.5,0.3333333333333333,0.0,0.6666666666666666,0.5833333333333334,3,3,0,1,1,1,0
calibration-s555-light-blocked_ew-rate-and-incident-omitted-h20,20,light,blocked_ew,rate-and-incident-omitted,555,1.0,0.6666666666666666,1.0,0.6666666666666666,1.0,0.0,0.0,0.0,0.6666666666666666,0.6666666666666675,3,3,0,2,1,0,0
calibration-s544-light-none-heterogeneity-omitted-h6,6,light,none,heterogeneity-omitted,544,1.0,0.6666666666666666,0.3333333333333333,1.0,0.0,0.0,0.6666666666666666,1.0,1.0,1.2500000000000002,3,3,0,1,0,0,2
calibration-s552-peak-blocked_ew-aligned-control-h2,2,peak,blocked_ew,aligned-control,552,1.0,1.0,0.0,,0.0,,1.0,1.0,1.0,0.8333333333333334,3,3,0,0,0,0,3
calibration-s558-peak-none-rate-and-incident-omitted-h20,20,peak,none,rate-and-incident-omitted,558,1.0,0.0,0.6666666666666666,0.0,0.6666666666666666,,0.3333333333333333,0.3333333333333333,0.0,1.724999999999999,3,3,0,0,2,0,1
calibration-s548-light-none-heterogeneity-omitted-h2,2,light,none,heterogeneity-omitted,548,1.0,1.0,0.0,,0.0,,1.0,0.6666666666666666,0.6666666666666666,0.6666666666666666,3,3,0,0,0,0,3
calibration-s551-peak-blocked_ew-aligned-control-h6,6,peak,blocked_ew,aligned-control,551,1.0,1.0,0.3333333333333333,1.0,0.0,0.0,0.6666666666666666,1.0,1.0,1.3333333333333328,3,3,0,1,0,0,2
calibration-s542-peak-blocked_ew-aligned-control-h20,20,peak,blocked_ew,aligned-control,542,1.0,1.0,0.3333333333333333,1.0,0.0,0.0,0.6666666666666666,1.0,1.0,3.6666666666666665,3,3,0,1,0,0,2
calibration-s555-peak-none-heterogeneity-omitted-h6,6,peak,none,heterogeneity-omitted,555,1.0,0.0,0.0,,0.0,,1.0,1.0,0.3333333333333333,1.25,3,3,0,0,0,0,3
calibration-s549-light-blocked_ew-rate-and-incident-omitted-h20,20,light,blocked_ew,rate-and-incident-omitted,549,1.0,0.6666666666666666,1.0,0.6666666666666666,1.0,0.0,0.0,0.0,0.6666666666666666,0.5499999999999998,3,3,0,2,1,0,0
calibration-s548-light-blocked_ew-heterogeneity-omitted-h20,20,light,blocked_ew,heterogeneity-omitted,548,1.0,1.0,0.3333333333333333,1.0,0.0,0.0,0.6666666666666666,1.0,1.0,0.2833333333333335,3,3,0,1,0,0,2
calibration-s547-peak-blocked_ew-rate-and-incident-omitted-h6,6,peak,blocked_ew,rate-and-incident-omitted,547,1.0,0.0,0.6666666666666666,0.0,0.6666666666666666,,0.3333333333333333,0.3333333333333333,0.0,3.555555555555555,3,3,0,0,2,0,1
calibration-s559-peak-blocked_ew-aligned-control-h6,6,peak,blocked_ew,aligned-control,559,1.0,1.0,0.0,,0.0,,1.0,1.0,1.0,2.0,3,3,0,0,0,0,3
calibration-s553-peak-none-heterogeneity-omitted-h20,20,peak,none,heterogeneity-omitted,553,1.0,1.0,0.0,,0.0,,1.0,1.0,1.0,2.008333333333334,3,3,0,0,0,0,3
calibration-s558-peak-blocked_ew-aligned-control-h20,20,peak,blocked_ew,aligned-control,558,1.0,1.0,0.0,,0.0,,1.0,1.0,1.0,5.066666666666667,3,3,0,0,0,0,3
calibration-s559-light-none-aligned-control-h2,2,light,none,aligned-control,559,1.0,1.0,0.0,,0.0,,1.0,1.0,1.0,0.3333333333333333,3,3,0,0,0,0,3
calibration-s544-peak-none-aligned-control-h20,20,peak,none,aligned-control,544,1.0,1.0,0.0,,0.0,,1.0,1.0,1.0,1.5833333333333346,3,3,0,0,0,0,3
calibration-s546-peak-blocked_ew-aligned-control-h6,6,peak,blocked_ew,aligned-control,546,1.0,1.0,0.0,,0.0,,1.0,1.0,1.0,2.0,3,3,0,0,0,0,3
calibration-s548-peak-none-heterogeneity-omitted-h20,20,peak,none,heterogeneity-omitted,548,1.0,0.0,0.0,,0.0,,1.0,1.0,1.0,0.7833333333333332,3,3,0,0,0,0,3
calibration-s549-peak-none-aligned-control-h2,2,peak,none,aligned-control,549,1.0,1.0,0.0,,0.0,,1.0,1.0,1.0,0.5,3,3,0,0,0,0,3
calibration-s547-light-blocked_ew-aligned-control-h2,2,light,blocked_ew,aligned-control,547,1.0,1.0,0.6666666666666666,1.0,0.0,0.0,0.3333333333333333,1.0,1.0,0.16666666666666666,3,3,0,2,0,0,1
calibration-s556-light-none-aligned-control-h20,20,light,none,aligned-control,556,1.0,1.0,0.6666666666666666,1.0,0.0,0.0,0.3333333333333333,1.0,1.0,0.5666666666666664,3,3,0,2,0,0,1
calibration-s549-peak-blocked_ew-aligned-control-h6,6,peak,blocked_ew,aligned-control,549,1.0,1.0,0.3333333333333333,1.0,0.0,0.0,0.6666666666666666,1.0,1.0,1.3333333333333333,3,3,0,1,0,0,2
calibration-s554-peak-blocked_ew-rate-and-incident-omitted-h20,20,peak,blocked_ew,rate-and-incident-omitted,554,1.0,0.3333333333333333,1.0,0.3333333333333333,1.0,0.0,0.0,0.0,0.3333333333333333,5.000000000000001,3,3,0,1,2,0,0
calibration-s549-light-none-heterogeneity-omitted-h2,2,light,none,heterogeneity-omitted,549,1.0,0.0,0.6666666666666666,1.0,0.0,0.0,0.3333333333333333,0.6666666666666666,0.6666666666666666,0.08333333333333333,3,3,0,2,0,0,1
calibration-s543-light-blocked_ew-aligned-control-h2,2,light,blocked_ew,aligned-control,543,1.0,1.0,0.3333333333333333,1.0,0.0,0.0,0.6666666666666666,1.0,1.0,0.16666666666666666,3,3,0,1,0,0,2
