rule_id,horizon,demand,incident,mismatch,runs,undefined_precision,undefined_fpr,undefined_fnr,recommending_runs,median_recommendations,median_coverage,coverage_seed_bootstrap_95,median_precision,precision_seed_bootstrap_95,median_false_positive_rate,false_positive_rate_seed_bootstrap_95,median_false_negative_rate,false_negative_rate_seed_bootstrap_95,median_abstention,abstention_seed_bootstrap_95,median_epsilon_coverage,epsilon_coverage_seed_bootstrap_95,median_ranking_agreement,ranking_agreement_seed_bootstrap_95,median_regret_sign_agreement,regret_sign_agreement_seed_bootstrap_95,median_choice_value_loss,choice_value_loss_seed_bootstrap_95,median_oracle_coverage,oracle_coverage_seed_bootstrap_95,median_oracle_coverage_lost,oracle_coverage_lost_seed_bootstrap_95,median_selected_error,selected_error_seed_bootstrap_95,passed,failure_reasons
baseline,2,light,blocked_ew,aligned-control,20,0,9,0,20,7.0,0.875,"[0.75, 1.0]",1.0,"[1.0, 1.0]",0.0,"[0.0, 0.0]",0.0,"[0.0, 0.0]",0.125,"[0.0, 0.25]",1.0,"[1.0, 1.0]",1.0,"[1.0, 1.0]",1.0,"[1.0, 1.0]",0.0,"[0.0, 0.0625]",0.875,"[0.75, 1.0]",0.0,"[0.0, 0.0]",0.0,"[0.0, 0.0]",True,[]
baseline,2,light,blocked_ew,combined-rate-plus-incident,20,20,7,0,0,0.0,0.0,"[0.0, 0.0]",0.0,"[0.0, 0.0]",0.0,"[0.0, 0.0]",1.0,"[1.0, 1.0]",1.0,"[1.0, 1.0]",1.0,"[0.875, 1.0]",0.0,"[0.0, 0.0]",0.875,"[0.75, 1.0]",0.1875,"[0.125, 0.21875]",0.875,"[0.75, 1.0]",0.875,"[0.75, 1.0]",1.625,"[1.5, 1.8125]",False,"[""undefined_precision"", ""recommendations"", ""recommending_runs"", ""coverage"", ""precision"", ""abstention""]"
baseline,2,light,blocked_ew,heterogeneity-only,20,0,5,0,20,7.0,0.875,"[0.875, 0.875]",1.0,"[1.0, 1.0]",0.0,"[0.0, 0.0]",0.0,"[0.0, 0.0]",0.125,"[0.125, 0.125]",0.4375,"[0.25, 0.5]",1.0,"[1.0, 1.0]",1.0,"[1.0, 1.0]",0.0,"[0.0, 0.0625]",0.875,"[0.875, 0.875]",0.0,"[0.0, 0.0]",0.25,"[0.21875, 0.34375]",True,[]
baseline,2,light,blocked_ew,incident-knowledge-only,20,20,9,0,0,0.0,0.0,"[0.0, 0.0]",0.0,"[0.0, 0.0]",0.0,"[0.0, 0.0]",1.0,"[1.0, 1.0]",1.0,"[1.0, 1.0]",1.0,"[0.875, 1.0]",0.0,"[0.0, 0.0]",0.875,"[0.875, 1.0]",0.0,"[0.0, 0.15625]",0.875,"[0.75, 1.0]",0.875,"[0.75, 1.0]",0.125,"[0.0625, 0.28125]",False,"[""undefined_precision"", ""recommendations"", ""recommending_runs"", ""coverage"", ""precision"", ""abstention""]"
baseline,2,light,blocked_ew,rate-only,20,0,9,0,20,7.0,0.875,"[0.75, 1.0]",1.0,"[1.0, 1.0]",0.0,"[0.0, 0.0]",0.0,"[0.0, 0.0]",0.125,"[0.0, 0.25]",0.1875,"[0.125, 0.25]",0.875,"[0.875, 1.0]",1.0,"[0.875, 1.0]",0.0,"[0.0, 0.0625]",0.875,"[0.75, 1.0]",0.0,"[0.0, 0.0]",1.21875,"[1.03125, 1.25]",True,[]
baseline,2,light,none,aligned-control,20,1,0,1,19,1.0,0.125,"[0.125, 0.25]",1.0,"[1.0, 1.0]",0.0,"[0.0, 0.0]",0.0,"[0.0, 0.0]",0.875,"[0.75, 0.875]",1.0,"[1.0, 1.0]",1.0,"[1.0, 1.0]",1.0,"[1.0, 1.0]",0.4375,"[0.34375, 0.5]",0.125,"[0.125, 0.25]",0.0,"[0.0, 0.0]",0.0,"[0.0, 0.0]",False,"[""undefined_precision"", ""recommendations"", ""coverage"", ""abstention""]"
baseline,2,light,none,combined-rate-plus-incident,20,5,0,1,15,1.0,0.125,"[0.125, 0.25]",1.0,"[0.0, 1.0]",0.0,"[0.0, 0.0]",0.0,"[0.0, 0.75]",0.875,"[0.75, 0.875]",1.0,"[0.875, 1.0]",0.75,"[0.625, 0.875]",0.75,"[0.75, 0.875]",0.46875,"[0.34375, 0.5]",0.125,"[0.125, 0.25]",0.0,"[0.0, 0.125]",0.5,"[0.40625, 0.53125]",False,"[""undefined_precision"", ""recommendations"", ""coverage"", ""abstention""]"
baseline,2,light,none,heterogeneity-only,20,4,0,3,16,1.0,0.125,"[0.125, 0.1875]",1.0,"[1.0, 1.0]",0.0,"[0.0, 0.0]",0.0,"[0.0, 0.0]",0.875,"[0.8125, 0.875]",0.875,"[0.75, 0.9375]",0.875,"[0.75, 0.875]",0.875,"[0.75, 0.875]",0.4375,"[0.40625, 0.5]",0.125,"[0.125, 0.25]",0.0,"[0.0, 0.0]",0.15625,"[0.109375, 0.1875]",False,"[""undefined_precision"", ""recommendations"", ""coverage"", ""abstention""]"
baseline,2,light,none,incident-knowledge-only,20,1,0,1,19,1.0,0.125,"[0.125, 0.25]",1.0,"[1.0, 1.0]",0.0,"[0.0, 0.0]",0.0,"[0.0, 0.0]",0.875,"[0.75, 0.875]",1.0,"[1.0, 1.0]",1.0,"[1.0, 1.0]",1.0,"[1.0, 1.0]",0.4375,"[0.34375, 0.5]",0.125,"[0.125, 0.25]",0.0,"[0.0, 0.0]",0.0,"[0.0, 0.0]",False,"[""undefined_precision"", ""recommendations"", ""coverage"", ""abstention""]"
baseline,2,light,none,rate-only,20,5,0,1,15,1.0,0.125,"[0.125, 0.25]",1.0,"[0.0, 1.0]",0.0,"[0.0, 0.0]",0.0,"[0.0, 0.75]",0.875,"[0.75, 0.875]",1.0,"[0.875, 1.0]",0.75,"[0.625, 0.875]",0.75,"[0.75, 0.875]",0.46875,"[0.34375, 0.5]",0.125,"[0.125, 0.25]",0.0,"[0.0, 0.125]",0.5,"[0.40625, 0.53125]",False,"[""undefined_precision"", ""recommendations"", ""coverage"", ""abstention""]"
baseline,2,peak,blocked_ew,aligned-control,20,0,0,0,20,4.0,0.5,"[0.5, 0.625]",1.0,"[1.0, 1.0]",0.0,"[0.0, 0.0]",0.0,"[0.0, 0.0]",0.5,"[0.375, 0.5]",1.0,"[1.0, 1.0]",1.0,"[1.0, 1.0]",1.0,"[1.0, 1.0]",0.375,"[0.25, 0.375]",0.5,"[0.5, 0.625]",0.0,"[0.0, 0.0]",0.0,"[0.0, 0.0]",True,[]
baseline,2,peak,blocked_ew,combined-rate-plus-incident,20,20,0,0,0,0.0,0.0,"[0.0, 0.0]",0.0,"[0.0, 0.0]",0.0,"[0.0, 0.0]",1.0,"[1.0, 1.0]",1.0,"[1.0, 1.0]",0.75,"[0.75, 0.75]",0.5,"[0.5, 0.625]",0.5,"[0.5, 0.625]",0.59375,"[0.5, 0.625]",0.5,"[0.5, 0.625]",0.5,"[0.5, 0.625]",3.375,"[3.28125, 3.4375]",False,"[""undefined_precision"", ""recommendations"", ""recommending_runs"", ""coverage"", ""precision"", ""abstention""]"
baseline,2,peak,blocked_ew,heterogeneity-only,20,0,0,0,20,4.5,0.5625,"[0.5, 0.625]",1.0,"[1.0, 1.0]",0.0,"[0.0, 0.0]",0.0,"[0.0, 0.0]",0.4375,"[0.375, 0.5]",0.5,"[0.375, 0.625]",1.0,"[1.0, 1.0]",0.875,"[0.875, 1.0]",0.3125,"[0.296875, 0.390625]",0.5625,"[0.5, 0.625]",0.0,"[0.0, 0.0]",0.46875,"[0.359375, 0.625]",True,[]
baseline,2,peak,blocked_ew,incident-knowledge-only,20,20,0,0,0,0.0,0.0,"[0.0, 0.0]",0.0,"[0.0, 0.0]",0.0,"[0.0, 0.0]",1.0,"[1.0, 1.0]",1.0,"[1.0, 1.0]",0.5,"[0.5, 0.625]",0.5,"[0.5, 0.625]",0.75,"[0.75, 0.75]",0.59375,"[0.5, 0.625]",0.5,"[0.5, 0.625]",0.5,"[0.5, 0.625]",0.84375,"[0.78125, 0.875]",False,"[""undefined_precision"", ""recommendations"", ""recommending_runs"", ""coverage"", ""precision"", ""abstention""]"
baseline,2,peak,blocked_ew,rate-only,20,0,0,0,20,4.0,0.5,"[0.5, 0.625]",1.0,"[1.0, 1.0]",0.0,"[0.0, 0.0]",0.0,"[0.0, 0.0]",0.5,"[0.375, 0.5]",0.5,"[0.375, 0.5]",1.0,"[1.0, 1.0]",0.5,"[0.5, 0.625]",0.375,"[0.25, 0.375]",0.5,"[0.5, 0.625]",0.0,"[0.0, 0.0]",1.96875,"[1.9375, 2.0]",True,[]
baseline,2,peak,none,aligned-control,20,0,0,0,20,4.0,0.5,"[0.4375, 0.625]",1.0,"[1.0, 1.0]",0.0,"[0.0, 0.0]",0.0,"[0.0, 0.0]",0.5,"[0.4375, 0.5625]",1.0,"[1.0, 1.0]",1.0,"[1.0, 1.0]",1.0,"[1.0, 1.0]",0.21875,"[0.1875, 0.3125]",0.5,"[0.4375, 0.5625]",0.0,"[0.0, 0.0]",0.0,"[0.0, 0.0]",True,[]
baseline,2,peak,none,combined-rate-plus-incident,20,0,0,0,20,4.0,0.5,"[0.375, 0.5]",1.0,"[1.0, 1.0]",0.0,"[0.0, 0.0]",0.0,"[0.0, 0.0]",0.5,"[0.5, 0.625]",0.625,"[0.5, 0.625]",0.875,"[0.75, 0.875]",0.5,"[0.4375, 0.5625]",0.25,"[0.1875, 0.375]",0.5,"[0.4375, 0.5625]",0.0,"[0.0, 0.0]",2.4375,"[2.1875, 2.53125]",True,[]
baseline,2,peak,none,heterogeneity-only,20,0,0,0,20,4.0,0.5,"[0.375, 0.625]",1.0,"[1.0, 1.0]",0.0,"[0.0, 0.0]",0.0,"[0.0, 0.0]",0.5,"[0.375, 0.625]",0.625,"[0.5, 0.6875]",1.0,"[1.0, 1.0]",0.8125,"[0.75, 0.875]",0.3125,"[0.21875, 0.40625]",0.5,"[0.375, 0.625]",0.0,"[0.0, 0.0]",0.546875,"[0.421875, 0.671875]",True,[]
baseline,2,peak,none,incident-knowledge-only,20,0,0,0,20,4.0,0.5,"[0.4375, 0.5625]",1.0,"[1.0, 1.0]",0.0,"[0.0, 0.0]",0.0,"[0.0, 0.0]",0.5,"[0.4375, 0.5625]",1.0,"[1.0, 1.0]",1.0,"[1.0, 1.0]",1.0,"[1.0, 1.0]",0.21875,"[0.1875, 0.3125]",0.5,"[0.4375, 0.5625]",0.0,"[0.0, 0.0]",0.0,"[0.0, 0.0]",True,[]
baseline,2,peak,none,rate-only,20,0,0,0,20,4.0,0.5,"[0.375, 0.5]",1.0,"[1.0, 1.0]",0.0,"[0.0, 0.0]",0.0,"[0.0, 0.0]",0.5,"[0.5, 0.625]",0.625,"[0.5, 0.625]",0.875,"[0.75, 0.875]",0.5,"[0.4375, 0.5625]",0.25,"[0.1875, 0.375]",0.5,"[0.4375, 0.5625]",0.0,"[0.0, 0.0]",2.4375,"[2.1875, 2.53125]",True,[]
baseline,6,light,blocked_ew,aligned-control,20,0,8,0,20,7.0,0.875,"[0.875, 1.0]",1.0,"[1.0, 1.0]",0.0,"[0.0, 0.0]",0.0,"[0.0, 0.0]",0.125,"[0.0, 0.125]",1.0,"[1.0, 1.0]",1.0,"[1.0, 1.0]",1.0,"[1.0, 1.0]",0.0,"[0.0, 0.11458333333333343]",0.875,"[0.875, 1.0]",0.0,"[0.0, 0.0]",0.0,"[0.0, 0.0]",True,[]
baseline,6,light,blocked_ew,combined-rate-plus-incident,20,20,8,0,0,0.0,0.0,"[0.0, 0.0]",0.0,"[0.0, 0.0]",0.0,"[0.0, 0.0]",1.0,"[1.0, 1.0]",1.0,"[1.0, 1.0]",1.0,"[0.875, 1.0]",0.0,"[0.0, 0.0]",0.875,"[0.875, 1.0]",0.7499999999999998,"[0.6458333333333333, 0.9791666666666667]",0.875,"[0.875, 1.0]",0.875,"[0.875, 1.0]",4.135416666666666,"[4.041666666666666, 4.322916666666666]",False,"[""undefined_precision"", ""recommendations"", ""recommending_runs"", ""coverage"", ""precision"", ""abstention""]"
baseline,6,light,blocked_ew,heterogeneity-only,20,0,9,0,20,7.0,0.875,"[0.875, 1.0]",1.0,"[1.0, 1.0]",0.0,"[0.0, 0.0]",0.0,"[0.0, 0.0]",0.125,"[0.0, 0.125]",0.25,"[0.125, 0.25]",1.0,"[1.0, 1.0]",1.0,"[1.0, 1.0]",0.0,"[0.0, 0.11458333333333326]",0.875,"[0.875, 1.0]",0.0,"[0.0, 0.0]",0.3489583333333336,"[0.21875000000000022, 0.44791666666666624]",True,[]
baseline,6,light,blocked_ew,incident-knowledge-only,20,20,8,0,0,0.0,0.0,"[0.0, 0.0]",0.0,"[0.0, 0.0]",0.0,"[0.0, 0.0]",1.0,"[1.0, 1.0]",1.0,"[1.0, 1.0]",1.0,"[0.875, 1.0]",0.0,"[0.0, 0.0]",0.875,"[0.875, 1.0]",0.14583333333333326,"[0.10416666666666655, 0.4687500000000001]",0.875,"[0.875, 1.0]",0.875,"[0.875, 1.0]",0.4375000000000001,"[0.43749999999999983, 0.8958333333333331]",False,"[""undefined_precision"", ""recommendations"", ""recommending_runs"", ""coverage"", ""precision"", ""abstention""]"
baseline,6,light,blocked_ew,rate-only,20,0,8,0,20,7.0,0.875,"[0.875, 1.0]",1.0,"[1.0, 1.0]",0.0,"[0.0, 0.0]",0.0,"[0.0, 0.0]",0.125,"[0.0, 0.125]",0.125,"[0.125, 0.25]",0.9375,"[0.75, 1.0]",1.0,"[0.875, 1.0]",0.0,"[0.0, 0.11458333333333343]",0.875,"[0.875, 1.0]",0.0,"[0.0, 0.0]",2.1562499999999996,"[1.7083333333333335, 2.479166666666667]",True,[]
baseline,6,light,none,aligned-control,20,3,1,3,17,1.5,0.1875,"[0.125, 0.375]",1.0,"[1.0, 1.0]",0.0,"[0.0, 0.0]",0.0,"[0.0, 0.0]",0.8125,"[0.625, 0.875]",1.0,"[1.0, 1.0]",1.0,"[1.0, 1.0]",1.0,"[1.0, 1.0]",0.8020833333333334,"[0.5833333333333334, 0.9479166666666667]",0.1875,"[0.125, 0.375]",0.0,"[0.0, 0.0]",0.0,"[0.0, 0.0]",False,"[""undefined_precision"", ""recommendations"", ""coverage"", ""abstention""]"
baseline,6,light,none,combined-rate-plus-incident,20,3,1,3,17,1.5,0.1875,"[0.125, 0.375]",1.0,"[1.0, 1.0]",0.0,"[0.0, 0.0]",0.0,"[0.0, 0.0]",0.8125,"[0.625, 0.875]",0.5,"[0.4375, 0.625]",1.0,"[1.0, 1.0]",0.9375,"[0.8125, 1.0]",0.8020833333333334,"[0.5833333333333334, 0.9479166666666667]",0.1875,"[0.125, 0.375]",0.0,"[0.0, 0.0]",0.35416666666666674,"[0.30208333333333337, 0.4166666666666667]",False,"[""undefined_precision"", ""recommendations"", ""coverage"", ""abstention""]"
baseline,6,light,none,heterogeneity-only,20,5,0,5,15,2.0,0.25,"[0.125, 0.375]",1.0,"[0.9285714285714286, 1.0]",0.0,"[0.0, 0.0]",0.0,"[0.0, 0.0]",0.75,"[0.625, 0.875]",0.5,"[0.5, 0.75]",1.0,"[1.0, 1.0]",0.875,"[0.875, 1.0]",0.7916666666666667,"[0.5208333333333333, 0.890625]",0.25,"[0.125, 0.375]",0.0,"[0.0, 0.0]",0.1041666666666667,"[0.08333333333333331, 0.15104166666666663]",False,"[""undefined_precision"", ""abstention""]"
baseline,6,light,none,incident-knowledge-only,20,3,1,3,17,1.5,0.1875,"[0.125, 0.375]",1.0,"[1.0, 1.0]",0.0,"[0.0, 0.0]",0.0,"[0.0, 0.0]",0.8125,"[0.625, 0.875]",1.0,"[1.0, 1.0]",1.0,"[1.0, 1.0]",1.0,"[1.0, 1.0]",0.8020833333333334,"[0.5833333333333334, 0.9479166666666667]",0.1875,"[0.125, 0.375]",0.0,"[0.0, 0.0]",0.0,"[0.0, 0.0]",False,"[""undefined_precision"", ""recommendations"", ""coverage"", ""abstention""]"
baseline,6,light,none,rate-only,20,3,1,3,17,1.5,0.1875,"[0.125, 0.375]",1.0,"[1.0, 1.0]",0.0,"[0.0, 0.0]",0.0,"[0.0, 0.0]",0.8125,"[0.625, 0.875]",0.5,"[0.4375, 0.625]",1.0,"[1.0, 1.0]",0.9375,"[0.8125, 1.0]",0.8020833333333334,"[0.5833333333333334, 0.9479166666666667]",0.1875,"[0.125, 0.375]",0.0,"[0.0, 0.0]",0.35416666666666674,"[0.2916666666666667, 0.40625000000000006]",False,"[""undefined_precision"", ""recommendations"", ""coverage"", ""abstention""]"
baseline,6,peak,blocked_ew,aligned-control,20,0,0,0,20,5.0,0.625,"[0.625, 0.75]",1.0,"[1.0, 1.0]",0.0,"[0.0, 0.0]",0.0,"[0.0, 0.0]",0.375,"[0.25, 0.375]",1.0,"[1.0, 1.0]",1.0,"[1.0, 1.0]",1.0,"[1.0, 1.0]",0.7499999999999999,"[0.5, 0.75]",0.625,"[0.625, 0.75]",0.0,"[0.0, 0.0]",0.0,"[0.0, 0.0]",True,[]
baseline,6,peak,blocked_ew,combined-rate-plus-incident,20,20,0,0,0,0.0,0.0,"[0.0, 0.0]",0.0,"[0.0, 0.0]",0.0,"[0.0, 0.0]",1.0,"[1.0, 1.0]",1.0,"[1.0, 1.0]",0.625,"[0.625, 0.75]",0.25,"[0.1875, 0.375]",0.625,"[0.625, 0.75]",1.34375,"[1.020833333333334, 1.791666666666667]",0.625,"[0.625, 0.75]",0.625,"[0.625, 0.75]",7.364583333333334,"[7.020833333333335, 7.968750000000002]",False,"[""undefined_precision"", ""recommendations"", ""recommending_runs"", ""coverage"", ""precision"", ""abstention""]"
baseline,6,peak,blocked_ew,heterogeneity-only,20,0,0,0,20,5.5,0.6875,"[0.625, 0.75]",1.0,"[1.0, 1.0]",0.0,"[0.0, 0.0]",0.0,"[0.0, 0.0]",0.3125,"[0.25, 0.375]",0.25,"[0.25, 0.375]",1.0,"[1.0, 1.0]",1.0,"[1.0, 1.0]",0.5729166666666667,"[0.47916666666666674, 0.8125000000000003]",0.6875,"[0.625, 0.75]",0.0,"[0.0, 0.0]",0.5937499999999991,"[0.5364583333333346, 0.6562500000000013]",True,[]
baseline,6,peak,blocked_ew,incident-knowledge-only,20,20,0,0,0,0.0,0.0,"[0.0, 0.0]",0.0,"[0.0, 0.0]",0.0,"[0.0, 0.0]",1.0,"[1.0, 1.0]",1.0,"[1.0, 1.0]",0.625,"[0.625, 0.75]",0.375,"[0.375, 0.4375]",0.8125,"[0.75, 0.875]",1.3437499999999996,"[0.895833333333333, 1.5416666666666679]",0.625,"[0.625, 0.75]",0.625,"[0.625, 0.75]",1.53125,"[1.0208333333333335, 1.8958333333333335]",False,"[""undefined_precision"", ""recommendations"", ""recommending_runs"", ""coverage"", ""precision"", ""abstention""]"
baseline,6,peak,blocked_ew,rate-only,20,0,0,0,20,5.0,0.625,"[0.625, 0.75]",1.0,"[1.0, 1.0]",0.0,"[0.0, 0.0]",0.0,"[0.0, 0.0]",0.375,"[0.25, 0.375]",0.3125,"[0.25, 0.375]",1.0,"[1.0, 1.0]",0.625,"[0.625, 0.75]",0.7499999999999999,"[0.5, 0.75]",0.625,"[0.625, 0.75]",0.0,"[0.0, 0.0]",5.041666666666667,"[4.770833333333332, 5.125000000000003]",True,[]
baseline,6,peak,none,aligned-control,20,0,0,0,20,4.0,0.5,"[0.375, 0.5]",1.0,"[1.0, 1.0]",0.0,"[0.0, 0.0]",0.0,"[0.0, 0.0]",0.5,"[0.5, 0.625]",1.0,"[1.0, 1.0]",1.0,"[1.0, 1.0]",1.0,"[1.0, 1.0]",0.6562499999999999,"[0.5416666666666661, 0.7291666666666665]",0.5,"[0.375, 0.5]",0.0,"[0.0, 0.0]",0.0,"[0.0, 0.0]",True,[]
baseline,6,peak,none,combined-rate-plus-incident,20,0,0,0,20,3.5,0.4375,"[0.25, 0.5]",1.0,"[0.875, 1.0]",0.0,"[0.0, 0.07142857142857142]",0.2,"[0.0, 0.29166666666666663]",0.5625,"[0.5, 0.75]",0.5625,"[0.5, 0.6875]",0.6875,"[0.625, 0.75]",0.5,"[0.375, 0.5]",0.8333333333333344,"[0.7604166666666666, 0.8750000000000001]",0.5,"[0.375, 0.5]",0.125,"[0.0, 0.125]",5.28125,"[4.71875, 5.718750000000001]",True,[]
baseline,6,peak,none,heterogeneity-only,20,1,0,1,19,3.5,0.4375,"[0.25, 0.5]",1.0,"[1.0, 1.0]",0.0,"[0.0, 0.0]",0.0,"[0.0, 0.0]",0.5625,"[0.5, 0.75]",0.625,"[0.5, 0.75]",1.0,"[1.0, 1.0]",0.875,"[0.875, 1.0]",0.6406250000000004,"[0.4895833333333337, 0.9374999999999994]",0.5,"[0.25, 0.5]",0.0,"[0.0, 0.0]",0.7187499999999998,"[0.6510416666666664, 0.8124999999999996]",False,"[""undefined_precision""]"
baseline,6,peak,none,incident-knowledge-only,20,0,0,0,20,4.0,0.5,"[0.375, 0.5]",1.0,"[1.0, 1.0]",0.0,"[0.0, 0.0]",0.0,"[0.0, 0.0]",0.5,"[0.5, 0.625]",1.0,"[1.0, 1.0]",1.0,"[1.0, 1.0]",1.0,"[1.0, 1.0]",0.6562499999999999,"[0.5416666666666665, 0.7291666666666665]",0.5,"[0.375, 0.5]",0.0,"[0.0, 0.0]",0.0,"[0.0, 0.0]",True,[]
baseline,6,peak,none,rate-only,20,0,0,0,20,3.5,0.4375,"[0.25, 0.5]",1.0,"[0.875, 1.0]",0.0,"[0.0, 0.07142857142857142]",0.2,"[0.0, 0.3333333333333333]",0.5625,"[0.5, 0.75]",0.5625,"[0.5, 0.6875]",0.6875,"[0.625, 0.75]",0.5,"[0.375, 0.5]",0.8333333333333344,"[0.7604166666666666, 0.8750000000000001]",0.5,"[0.375, 0.5]",0.125,"[0.0, 0.125]",5.28125,"[4.71875, 5.791666666666668]",True,[]
baseline,20,light,blocked_ew,aligned-control,20,0,12,0,20,8.0,1.0,"[0.875, 1.0]",1.0,"[1.0, 1.0]",0.0,"[0.0, 0.0]",0.0,"[0.0, 0.0]",0.0,"[0.0, 0.125]",1.0,"[1.0, 1.0]",1.0,"[1.0, 1.0]",1.0,"[1.0, 1.0]",0.0,"[0.0, 0.06875000000000003]",1.0,"[0.875, 1.0]",0.0,"[0.0, 0.0]",0.0,"[0.0, 0.0]",True,[]
baseline,20,light,blocked_ew,combined-rate-plus-incident,20,20,11,0,0,0.0,0.0,"[0.0, 0.0]",0.0,"[0.0, 0.0]",0.0,"[0.0, 0.0]",1.0,"[1.0, 1.0]",1.0,"[1.0, 1.0]",1.0,"[0.875, 1.0]",0.0,"[0.0, 0.0]",1.0,"[0.875, 1.0]",1.5812499999999998,"[1.0687500000000005, 2.159375]",1.0,"[0.875, 1.0]",1.0,"[0.875, 1.0]",10.671875,"[9.2, 11.73125]",False,"[""undefined_precision"", ""recommendations"", ""recommending_runs"", ""coverage"", ""precision"", ""abstention""]"
baseline,20,light,blocked_ew,heterogeneity-only,20,0,10,0,20,7.5,0.9375,"[0.875, 1.0]",1.0,"[1.0, 1.0]",0.0,"[0.0, 0.0]",0.0,"[0.0, 0.0]",0.0625,"[0.0, 0.125]",0.125,"[0.125, 0.25]",1.0,"[1.0, 1.0]",1.0,"[1.0, 1.0]",0.025000000000000022,"[0.0, 0.12812500000000016]",0.9375,"[0.875, 1.0]",0.0,"[0.0, 0.0]",0.3328125000000002,"[0.2578125, 0.38906249999999987]",True,[]
baseline,20,light,blocked_ew,incident-knowledge-only,20,20,11,0,0,0.0,0.0,"[0.0, 0.0]",0.0,"[0.0, 0.0]",0.0,"[0.0, 0.0]",1.0,"[1.0, 1.0]",1.0,"[1.0, 1.0]",1.0,"[0.875, 1.0]",0.0,"[0.0, 0.0]",1.0,"[0.875, 1.0]",1.0562500000000004,"[0.8499999999999998, 1.4343750000000002]",1.0,"[0.875, 1.0]",1.0,"[0.875, 1.0]",3.871875,"[3.4750000000000005, 4.2875]",False,"[""undefined_precision"", ""recommendations"", ""recommending_runs"", ""coverage"", ""precision"", ""abstention""]"
baseline,20,light,blocked_ew,rate-only,20,0,12,0,20,8.0,1.0,"[0.875, 1.0]",1.0,"[1.0, 1.0]",0.0,"[0.0, 0.0]",0.0,"[0.0, 0.0]",0.0,"[0.0, 0.125]",0.125,"[0.125, 0.125]",1.0,"[1.0, 1.0]",1.0,"[1.0, 1.0]",0.0,"[0.0, 0.050000000000000044]",1.0,"[0.875, 1.0]",0.0,"[0.0, 0.0]",2.1343749999999995,"[1.478125, 2.678125]",True,[]
baseline,20,light,none,aligned-control,20,1,2,1,19,5.0,0.625,"[0.375, 0.75]",1.0,"[1.0, 1.0]",0.0,"[0.0, 0.0]",0.0,"[0.0, 0.0]",0.375,"[0.25, 0.625]",1.0,"[1.0, 1.0]",1.0,"[1.0, 1.0]",1.0,"[1.0, 1.0]",0.39062499999999994,"[0.17500000000000002, 0.590625]",0.625,"[0.375, 0.75]",0.0,"[0.0, 0.0]",0.0,"[0.0, 0.0]",False,"[""undefined_precision""]"
baseline,20,light,none,combined-rate-plus-incident,20,0,2,1,20,5.0,0.625,"[0.5, 0.75]",1.0,"[1.0, 1.0]",0.0,"[0.0, 0.0]",0.0,"[0.0, 0.0]",0.375,"[0.25, 0.5]",0.125,"[0.0, 0.125]",1.0,"[0.875, 1.0]",1.0,"[0.875, 1.0]",0.39062499999999994,"[0.17187500000000006, 0.590625]",0.625,"[0.375, 0.75]",0.0,"[0.0, 0.0]",0.19687499999999997,"[0.16874999999999996, 0.225]",True,[]
baseline,20,light,none,heterogeneity-only,20,1,3,1,19,5.5,0.6875,"[0.5, 0.875]",1.0,"[1.0, 1.0]",0.0,"[0.0, 0.0]",0.0,"[0.0, 0.0]",0.3125,"[0.125, 0.5]",0.375,"[0.375, 0.5]",1.0,"[1.0, 1.0]",1.0,"[1.0, 1.0]",0.3109375,"[0.08593749999999997, 0.5984375]",0.625,"[0.5, 0.875]",0.0,"[0.0, 0.0]",0.043750000000000025,"[0.03906249999999998, 0.059375]",False,"[""undefined_precision""]"
baseline,20,light,none,incident-knowledge-only,20,1,2,1,19,5.0,0.625,"[0.375, 0.75]",1.0,"[1.0, 1.0]",0.0,"[0.0, 0.0]",0.0,"[0.0, 0.0]",0.375,"[0.25, 0.625]",1.0,"[1.0, 1.0]",1.0,"[1.0, 1.0]",1.0,"[1.0, 1.0]",0.39062499999999994,"[0.17187500000000006, 0.5999999999999999]",0.625,"[0.375, 0.75]",0.0,"[0.0, 0.0]",0.0,"[0.0, 0.0]",False,"[""undefined_precision""]"
baseline,20,light,none,rate-only,20,0,2,1,20,5.0,0.625,"[0.5, 0.75]",1.0,"[0.9375, 1.0]",0.0,"[0.0, 0.0]",0.0,"[0.0, 0.0]",0.375,"[0.25, 0.5]",0.125,"[0.0, 0.125]",1.0,"[0.875, 1.0]",1.0,"[0.875, 1.0]",0.39062499999999994,"[0.17500000000000004, 0.590625]",0.625,"[0.375, 0.75]",0.0,"[0.0, 0.0]",0.19687499999999997,"[0.16249999999999992, 0.225]",True,[]
baseline,20,peak,blocked_ew,aligned-control,20,0,0,0,20,6.0,0.75,"[0.75, 0.75]",1.0,"[1.0, 1.0]",0.0,"[0.0, 0.0]",0.0,"[0.0, 0.0]",0.25,"[0.25, 0.25]",1.0,"[1.0, 1.0]",1.0,"[1.0, 1.0]",1.0,"[1.0, 1.0]",1.35,"[1.1875, 1.375]",0.75,"[0.75, 0.75]",0.0,"[0.0, 0.0]",0.0,"[0.0, 0.0]",True,[]
baseline,20,peak,blocked_ew,combined-rate-plus-incident,20,20,0,0,0,0.0,0.0,"[0.0, 0.0]",0.0,"[0.0, 0.0]",0.0,"[0.0, 0.0]",1.0,"[1.0, 1.0]",1.0,"[1.0, 1.0]",0.75,"[0.75, 0.75]",0.0,"[0.0, 0.0]",0.75,"[0.75, 0.75]",2.7281250000000004,"[2.6593750000000003, 2.934375]",0.75,"[0.75, 0.75]",0.75,"[0.75, 0.75]",19.124999999999993,"[18.346874999999997, 19.406249999999996]",False,"[""undefined_precision"", ""recommendations"", ""recommending_runs"", ""coverage"", ""precision"", ""abstention""]"
baseline,20,peak,blocked_ew,heterogeneity-only,20,0,0,0,20,6.0,0.75,"[0.75, 0.75]",1.0,"[1.0, 1.0]",0.0,"[0.0, 0.0]",0.0,"[0.0, 0.0]",0.25,"[0.25, 0.25]",0.125,"[0.0, 0.125]",1.0,"[1.0, 1.0]",1.0,"[1.0, 1.0]",1.2968749999999991,"[1.2124999999999995, 1.3515625]",0.75,"[0.75, 0.75]",0.0,"[0.0, 0.0]",1.2125000000000008,"[0.9421875000000028, 1.331250000000003]",True,[]
baseline,20,peak,blocked_ew,incident-knowledge-only,20,20,0,0,0,0.0,0.0,"[0.0, 0.0]",0.0,"[0.0, 0.0]",0.0,"[0.0, 0.0]",1.0,"[1.0, 1.0]",1.0,"[1.0, 1.0]",0.75,"[0.75, 0.75]",0.25,"[0.25, 0.25]",1.0,"[0.9375, 1.0]",1.4375000000000004,"[1.271875, 1.6187500000000004]",0.75,"[0.75, 0.75]",0.75,"[0.75, 0.75]",1.3968749999999996,"[1.0937500000000013, 1.7062499999999994]",False,"[""undefined_precision"", ""recommendations"", ""recommending_runs"", ""coverage"", ""precision"", ""abstention""]"
baseline,20,peak,blocked_ew,rate-only,20,0,0,0,20,6.0,0.75,"[0.75, 0.75]",1.0,"[1.0, 1.0]",0.0,"[0.0, 0.0]",0.0,"[0.0, 0.0]",0.25,"[0.25, 0.25]",0.125,"[0.0, 0.125]",1.0,"[1.0, 1.0]",0.75,"[0.75, 0.875]",1.35,"[1.1875, 1.375]",0.75,"[0.75, 0.75]",0.0,"[0.0, 0.0]",13.693749999999994,"[13.096874999999994, 14.44375]",True,[]
baseline,20,peak,none,aligned-control,20,2,0,2,18,1.5,0.1875,"[0.125, 0.25]",1.0,"[1.0, 1.0]",0.0,"[0.0, 0.0]",0.0,"[0.0, 0.0]",0.8125,"[0.75, 0.875]",1.0,"[1.0, 1.0]",1.0,"[1.0, 1.0]",1.0,"[1.0, 1.0]",2.1937499999999996,"[1.5937499999999996, 2.5124999999999984]",0.1875,"[0.125, 0.25]",0.0,"[0.0, 0.0]",0.0,"[0.0, 0.0]",False,"[""undefined_precision"", ""recommendations"", ""coverage"", ""abstention""]"
baseline,20,peak,none,combined-rate-plus-incident,20,0,0,2,20,5.0,0.625,"[0.5, 0.625]",0.2,"[0.2, 0.29166666666666663]",0.5,"[0.42857142857142855, 0.5714285714285714]",0.0,"[0.0, 0.0]",0.375,"[0.375, 0.5]",0.375,"[0.3125, 0.375]",0.5,"[0.5, 0.5]",0.375,"[0.3125, 0.375]",2.340625,"[1.8375000000000004, 2.8406249999999997]",0.1875,"[0.125, 0.25]",0.0,"[0.0, 0.0]",11.734375,"[11.071874999999999, 12.384374999999999]",False,"[""precision"", ""fpr""]"
baseline,20,peak,none,heterogeneity-only,20,1,0,0,19,1.0,0.125,"[0.125, 0.1875]",1.0,"[1.0, 1.0]",0.0,"[0.0, 0.0]",0.0,"[0.0, 0.5]",0.875,"[0.8125, 0.875]",0.625,"[0.5, 0.6875]",1.0,"[1.0, 1.0]",0.875,"[0.75, 0.875]",2.0734375,"[1.8218750000000004, 2.590625]",0.125,"[0.125, 0.25]",0.0,"[0.0, 0.125]",1.1093750000000013,"[0.9484374999999993, 1.2687500000000003]",False,"[""undefined_precision"", ""recommendations"", ""coverage"", ""abstention""]"
baseline,20,peak,none,incident-knowledge-only,20,2,0,2,18,1.5,0.1875,"[0.125, 0.25]",1.0,"[1.0, 1.0]",0.0,"[0.0, 0.0]",0.0,"[0.0, 0.0]",0.8125,"[0.75, 0.875]",1.0,"[1.0, 1.0]",1.0,"[1.0, 1.0]",1.0,"[1.0, 1.0]",2.1937499999999996,"[1.6593750000000007, 2.5124999999999984]",0.1875,"[0.125, 0.25]",0.0,"[0.0, 0.0]",0.0,"[0.0, 0.0]",False,"[""undefined_precision"", ""recommendations"", ""coverage"", ""abstention""]"
baseline,20,peak,none,rate-only,20,0,0,2,20,5.0,0.625,"[0.5, 0.625]",0.2,"[0.2, 0.29166666666666663]",0.5,"[0.42857142857142855, 0.5714285714285714]",0.0,"[0.0, 0.0]",0.375,"[0.375, 0.5]",0.375,"[0.3125, 0.375]",0.5,"[0.5, 0.5]",0.375,"[0.3125, 0.375]",2.340625,"[1.8375000000000004, 2.8406249999999997]",0.1875,"[0.125, 0.25]",0.0,"[0.0, 0.0]",11.734375,"[10.974999999999998, 12.384374999999999]",False,"[""precision"", ""fpr""]"
divergence-q0.25,2,light,blocked_ew,aligned-control,20,0,9,0,20,7.0,0.875,,1.0,,0.0,,0.0,,0.125,,1.0,,1.0,,1.0,,0.0,,0.875,,0.0,,0.0,,True,[]
divergence-q0.25,2,light,blocked_ew,combined-rate-plus-incident,20,20,7,0,0,0.0,0.0,,0.0,,0.0,,1.0,,1.0,,1.0,,0.0,,0.875,,0.1875,,0.875,,0.875,,1.625,,False,"[""undefined_precision"", ""recommendations"", ""recommending_runs"", ""coverage"", ""precision"", ""abstention""]"
divergence-q0.25,2,light,blocked_ew,heterogeneity-only,20,0,5,0,20,7.0,0.875,,1.0,,0.0,,0.0,,0.125,,0.4375,,1.0,,1.0,,0.0,,0.875,,0.0,,0.25,,True,[]
divergence-q0.25,2,light,blocked_ew,incident-knowledge-only,20,20,9,0,0,0.0,0.0,,0.0,,0.0,,1.0,,1.0,,1.0,,0.0,,0.875,,0.0,,0.875,,0.875,,0.125,,False,"[""undefined_precision"", ""recommendations"", ""recommending_runs"", ""coverage"", ""precision"", ""abstention""]"
divergence-q0.25,2,light,blocked_ew,rate-only,20,0,9,0,20,7.0,0.875,,1.0,,0.0,,0.0,,0.125,,0.1875,,0.875,,1.0,,0.0,,0.875,,0.0,,1.21875,,True,[]
divergence-q0.25,2,light,none,aligned-control,20,1,0,1,19,1.0,0.125,,1.0,,0.0,,0.0,,0.875,,1.0,,1.0,,1.0,,0.4375,,0.125,,0.0,,0.0,,False,"[""undefined_precision"", ""recommendations"", ""coverage"", ""abstention""]"
divergence-q0.25,2,light,none,combined-rate-plus-incident,20,7,0,1,13,1.0,0.125,,0.75,,0.0,,0.5,,0.875,,1.0,,0.75,,0.75,,0.46875,,0.125,,0.125,,0.5,,False,"[""undefined_precision"", ""recommendations"", ""coverage"", ""precision"", ""abstention""]"
divergence-q0.25,2,light,none,heterogeneity-only,20,5,0,3,15,1.0,0.125,,1.0,,0.0,,0.0,,0.875,,0.875,,0.875,,0.875,,0.4375,,0.125,,0.0,,0.15625,,False,"[""undefined_precision"", ""recommendations"", ""coverage"", ""abstention""]"
divergence-q0.25,2,light,none,incident-knowledge-only,20,1,0,1,19,1.0,0.125,,1.0,,0.0,,0.0,,0.875,,1.0,,1.0,,1.0,,0.4375,,0.125,,0.0,,0.0,,False,"[""undefined_precision"", ""recommendations"", ""coverage"", ""abstention""]"
divergence-q0.25,2,light,none,rate-only,20,7,0,1,13,1.0,0.125,,0.75,,0.0,,0.5,,0.875,,1.0,,0.75,,0.75,,0.46875,,0.125,,0.125,,0.5,,False,"[""undefined_precision"", ""recommendations"", ""coverage"", ""precision"", ""abstention""]"
divergence-q0.25,2,peak,blocked_ew,aligned-control,20,0,0,0,20,4.0,0.5,,1.0,,0.0,,0.0,,0.5,,1.0,,1.0,,1.0,,0.375,,0.5,,0.0,,0.0,,True,[]
divergence-q0.25,2,peak,blocked_ew,combined-rate-plus-incident,20,20,0,0,0,0.0,0.0,,0.0,,0.0,,1.0,,1.0,,0.75,,0.5,,0.5,,0.59375,,0.5,,0.5,,3.375,,False,"[""undefined_precision"", ""recommendations"", ""recommending_runs"", ""coverage"", ""precision"", ""abstention""]"
divergence-q0.25,2,peak,blocked_ew,heterogeneity-only,20,0,0,0,20,4.5,0.5625,,1.0,,0.0,,0.0,,0.4375,,0.5,,1.0,,0.875,,0.3125,,0.5625,,0.0,,0.46875,,True,[]
divergence-q0.25,2,peak,blocked_ew,incident-knowledge-only,20,20,0,0,0,0.0,0.0,,0.0,,0.0,,1.0,,1.0,,0.5,,0.5,,0.75,,0.59375,,0.5,,0.5,,0.84375,,False,"[""undefined_precision"", ""recommendations"", ""recommending_runs"", ""coverage"", ""precision"", ""abstention""]"
divergence-q0.25,2,peak,blocked_ew,rate-only,20,0,0,0,20,2.0,0.25,,1.0,,0.0,,0.6,,0.75,,0.5,,1.0,,0.5,,0.375,,0.5,,0.375,,1.96875,,False,"[""abstention""]"
divergence-q0.25,2,peak,none,aligned-control,20,14,0,0,6,0.0,0.0,,0.0,,0.0,,1.0,,1.0,,1.0,,1.0,,1.0,,0.21875,,0.5,,0.5,,0.0,,False,"[""undefined_precision"", ""recommendations"", ""recommending_runs"", ""coverage"", ""precision"", ""abstention""]"
divergence-q0.25,2,peak,none,combined-rate-plus-incident,20,20,0,0,0,0.0,0.0,,0.0,,0.0,,1.0,,1.0,,0.625,,0.875,,0.5,,0.25,,0.5,,0.5,,2.4375,,False,"[""undefined_precision"", ""recommendations"", ""recommending_runs"", ""coverage"", ""precision"", ""abstention""]"
divergence-q0.25,2,peak,none,heterogeneity-only,20,15,0,0,5,0.0,0.0,,0.0,,0.0,,1.0,,1.0,,0.625,,1.0,,0.8125,,0.3125,,0.5,,0.5,,0.546875,,False,"[""undefined_precision"", ""recommendations"", ""recommending_runs"", ""coverage"", ""precision"", ""abstention""]"
divergence-q0.25,2,peak,none,incident-knowledge-only,20,14,0,0,6,0.0,0.0,,0.0,,0.0,,1.0,,1.0,,1.0,,1.0,,1.0,,0.21875,,0.5,,0.5,,0.0,,False,"[""undefined_precision"", ""recommendations"", ""recommending_runs"", ""coverage"", ""precision"", ""abstention""]"
divergence-q0.25,2,peak,none,rate-only,20,20,0,0,0,0.0,0.0,,0.0,,0.0,,1.0,,1.0,,0.625,,0.875,,0.5,,0.25,,0.5,,0.5,,2.4375,,False,"[""undefined_precision"", ""recommendations"", ""recommending_runs"", ""coverage"", ""precision"", ""abstention""]"
divergence-q0.25,6,light,blocked_ew,aligned-control,20,15,8,0,5,0.0,0.0,,0.0,,0.0,,1.0,,1.0,,1.0,,1.0,,1.0,,0.0,,0.875,,0.875,,0.0,,False,"[""undefined_precision"", ""recommendations"", ""recommending_runs"", ""coverage"", ""precision"", ""abstention""]"
divergence-q0.25,6,light,blocked_ew,combined-rate-plus-incident,20,20,8,0,0,0.0,0.0,,0.0,,0.0,,1.0,,1.0,,1.0,,0.0,,0.875,,0.7499999999999998,,0.875,,0.875,,4.135416666666666,,False,"[""undefined_precision"", ""recommendations"", ""recommending_runs"", ""coverage"", ""precision"", ""abstention""]"
divergence-q0.25,6,light,blocked_ew,heterogeneity-only,20,15,9,0,5,0.0,0.0,,0.0,,0.0,,1.0,,1.0,,0.25,,1.0,,1.0,,0.0,,0.875,,0.875,,0.3489583333333336,,False,"[""undefined_precision"", ""recommendations"", ""recommending_runs"", ""coverage"", ""precision"", ""abstention""]"
divergence-q0.25,6,light,blocked_ew,incident-knowledge-only,20,20,8,0,0,0.0,0.0,,0.0,,0.0,,1.0,,1.0,,1.0,,0.0,,0.875,,0.14583333333333326,,0.875,,0.875,,0.4375000000000001,,False,"[""undefined_precision"", ""recommendations"", ""recommending_runs"", ""coverage"", ""precision"", ""abstention""]"
divergence-q0.25,6,light,blocked_ew,rate-only,20,15,8,0,5,0.0,0.0,,0.0,,0.0,,1.0,,1.0,,0.125,,0.9375,,1.0,,0.0,,0.875,,0.875,,2.1562499999999996,,False,"[""undefined_precision"", ""recommendations"", ""recommending_runs"", ""coverage"", ""precision"", ""abstention""]"
divergence-q0.25,6,light,none,aligned-control,20,12,1,3,8,0.0,0.0,,0.0,,0.0,,0.5833333333333333,,1.0,,1.0,,1.0,,1.0,,0.8020833333333334,,0.1875,,0.125,,0.0,,False,"[""undefined_precision"", ""recommendations"", ""recommending_runs"", ""coverage"", ""precision"", ""abstention""]"
divergence-q0.25,6,light,none,combined-rate-plus-incident,20,11,1,3,9,0.0,0.0,,0.0,,0.0,,0.6666666666666666,,1.0,,0.5,,1.0,,0.9375,,0.8020833333333334,,0.1875,,0.125,,0.35416666666666674,,False,"[""undefined_precision"", ""recommendations"", ""recommending_runs"", ""coverage"", ""precision"", ""abstention""]"
divergence-q0.25,6,light,none,heterogeneity-only,20,11,0,5,9,0.0,0.0,,0.0,,0.0,,0.3333333333333333,,1.0,,0.5,,1.0,,0.875,,0.7916666666666667,,0.25,,0.125,,0.1041666666666667,,False,"[""undefined_precision"", ""recommendations"", ""recommending_runs"", ""coverage"", ""precision"", ""abstention""]"
divergence-q0.25,6,light,none,incident-knowledge-only,20,12,1,3,8,0.0,0.0,,0.0,,0.0,,0.5833333333333333,,1.0,,1.0,,1.0,,1.0,,0.8020833333333334,,0.1875,,0.125,,0.0,,False,"[""undefined_precision"", ""recommendations"", ""recommending_runs"", ""coverage"", ""precision"", ""abstention""]"
divergence-q0.25,6,light,none,rate-only,20,11,1,3,9,0.0,0.0,,0.0,,0.0,,0.6666666666666666,,1.0,,0.5,,1.0,,0.9375,,0.8020833333333334,,0.1875,,0.125,,0.35416666666666674,,False,"[""undefined_precision"", ""recommendations"", ""recommending_runs"", ""coverage"", ""precision"", ""abstention""]"
divergence-q0.25,6,peak,blocked_ew,aligned-control,20,20,0,0,0,0.0,0.0,,0.0,,0.0,,1.0,,1.0,,1.0,,1.0,,1.0,,0.7499999999999999,,0.625,,0.625,,0.0,,False,"[""undefined_precision"", ""recommendations"", ""recommending_runs"", ""coverage"", ""precision"", ""abstention""]"
divergence-q0.25,6,peak,blocked_ew,combined-rate-plus-incident,20,20,0,0,0,0.0,0.0,,0.0,,0.0,,1.0,,1.0,,0.625,,0.25,,0.625,,1.34375,,0.625,,0.625,,7.364583333333334,,False,"[""undefined_precision"", ""recommendations"", ""recommending_runs"", ""coverage"", ""precision"", ""abstention""]"
divergence-q0.25,6,peak,blocked_ew,heterogeneity-only,20,20,0,0,0,0.0,0.0,,0.0,,0.0,,1.0,,1.0,,0.25,,1.0,,1.0,,0.5729166666666667,,0.6875,,0.6875,,0.5937499999999991,,False,"[""undefined_precision"", ""recommendations"", ""recommending_runs"", ""coverage"", ""precision"", ""abstention""]"
divergence-q0.25,6,peak,blocked_ew,incident-knowledge-only,20,20,0,0,0,0.0,0.0,,0.0,,0.0,,1.0,,1.0,,0.625,,0.375,,0.8125,,1.3437499999999996,,0.625,,0.625,,1.53125,,False,"[""undefined_precision"", ""recommendations"", ""recommending_runs"", ""coverage"", ""precision"", ""abstention""]"
divergence-q0.25,6,peak,blocked_ew,rate-only,20,20,0,0,0,0.0,0.0,,0.0,,0.0,,1.0,,1.0,,0.3125,,1.0,,0.625,,0.7499999999999999,,0.625,,0.625,,5.041666666666667,,False,"[""undefined_precision"", ""recommendations"", ""recommending_runs"", ""coverage"", ""precision"", ""abstention""]"
divergence-q0.25,6,peak,none,aligned-control,20,20,0,0,0,0.0,0.0,,0.0,,0.0,,1.0,,1.0,,1.0,,1.0,,1.0,,0.6562499999999999,,0.5,,0.5,,0.0,,False,"[""undefined_precision"", ""recommendations"", ""recommending_runs"", ""coverage"", ""precision"", ""abstention""]"
divergence-q0.25,6,peak,none,combined-rate-plus-incident,20,20,0,0,0,0.0,0.0,,0.0,,0.0,,1.0,,1.0,,0.5625,,0.6875,,0.5,,0.8333333333333344,,0.5,,0.5,,5.28125,,False,"[""undefined_precision"", ""recommendations"", ""recommending_runs"", ""coverage"", ""precision"", ""abstention""]"
divergence-q0.25,6,peak,none,heterogeneity-only,20,20,0,1,0,0.0,0.0,,0.0,,0.0,,1.0,,1.0,,0.625,,1.0,,0.875,,0.6406250000000004,,0.5,,0.5,,0.7187499999999998,,False,"[""undefined_precision"", ""recommendations"", ""recommending_runs"", ""coverage"", ""precision"", ""abstention""]"
divergence-q0.25,6,peak,none,incident-knowledge-only,20,20,0,0,0,0.0,0.0,,0.0,,0.0,,1.0,,1.0,,1.0,,1.0,,1.0,,0.6562499999999999,,0.5,,0.5,,0.0,,False,"[""undefined_precision"", ""recommendations"", ""recommending_runs"", ""coverage"", ""precision"", ""abstention""]"
divergence-q0.25,6,peak,none,rate-only,20,20,0,0,0,0.0,0.0,,0.0,,0.0,,1.0,,1.0,,0.5625,,0.6875,,0.5,,0.8333333333333344,,0.5,,0.5,,5.28125,,False,"[""undefined_precision"", ""recommendations"", ""recommending_runs"", ""coverage"", ""precision"", ""abstention""]"
divergence-q0.25,20,light,blocked_ew,aligned-control,20,19,12,0,1,0.0,0.0,,0.0,,0.0,,1.0,,1.0,,1.0,,1.0,,1.0,,0.0,,1.0,,1.0,,0.0,,False,"[""undefined_precision"", ""recommendations"", ""recommending_runs"", ""coverage"", ""precision"", ""abstention""]"
divergence-q0.25,20,light,blocked_ew,combined-rate-plus-incident,20,20,11,0,0,0.0,0.0,,0.0,,0.0,,1.0,,1.0,,1.0,,0.0,,1.0,,1.5812499999999998,,1.0,,1.0,,10.671875,,False,"[""undefined_precision"", ""recommendations"", ""recommending_runs"", ""coverage"", ""precision"", ""abstention""]"
divergence-q0.25,20,light,blocked_ew,heterogeneity-only,20,20,10,0,0,0.0,0.0,,0.0,,0.0,,1.0,,1.0,,0.125,,1.0,,1.0,,0.025000000000000022,,0.9375,,0.9375,,0.3328125000000002,,False,"[""undefined_precision"", ""recommendations"", ""recommending_runs"", ""coverage"", ""precision"", ""abstention""]"
divergence-q0.25,20,light,blocked_ew,incident-knowledge-only,20,20,11,0,0,0.0,0.0,,0.0,,0.0,,1.0,,1.0,,1.0,,0.0,,1.0,,1.0562500000000004,,1.0,,1.0,,3.871875,,False,"[""undefined_precision"", ""recommendations"", ""recommending_runs"", ""coverage"", ""precision"", ""abstention""]"
divergence-q0.25,20,light,blocked_ew,rate-only,20,19,12,0,1,0.0,0.0,,0.0,,0.0,,1.0,,1.0,,0.125,,1.0,,1.0,,0.0,,1.0,,1.0,,2.1343749999999995,,False,"[""undefined_precision"", ""recommendations"", ""recommending_runs"", ""coverage"", ""precision"", ""abstention""]"
divergence-q0.25,20,light,none,aligned-control,20,20,2,1,0,0.0,0.0,,0.0,,0.0,,1.0,,1.0,,1.0,,1.0,,1.0,,0.39062499999999994,,0.625,,0.625,,0.0,,False,"[""undefined_precision"", ""recommendations"", ""recommending_runs"", ""coverage"", ""precision"", ""abstention""]"
divergence-q0.25,20,light,none,combined-rate-plus-incident,20,20,2,1,0,0.0,0.0,,0.0,,0.0,,1.0,,1.0,,0.125,,1.0,,1.0,,0.39062499999999994,,0.625,,0.625,,0.19687499999999997,,False,"[""undefined_precision"", ""recommendations"", ""recommending_runs"", ""coverage"", ""precision"", ""abstention""]"
divergence-q0.25,20,light,none,heterogeneity-only,20,20,3,1,0,0.0,0.0,,0.0,,0.0,,1.0,,1.0,,0.375,,1.0,,1.0,,0.3109375,,0.625,,0.625,,0.043750000000000025,,False,"[""undefined_precision"", ""recommendations"", ""recommending_runs"", ""coverage"", ""precision"", ""abstention""]"
divergence-q0.25,20,light,none,incident-knowledge-only,20,20,2,1,0,0.0,0.0,,0.0,,0.0,,1.0,,1.0,,1.0,,1.0,,1.0,,0.39062499999999994,,0.625,,0.625,,0.0,,False,"[""undefined_precision"", ""recommendations"", ""recommending_runs"", ""coverage"", ""precision"", ""abstention""]"
divergence-q0.25,20,light,none,rate-only,20,20,2,1,0,0.0,0.0,,0.0,,0.0,,1.0,,1.0,,0.125,,1.0,,1.0,,0.39062499999999994,,0.625,,0.625,,0.19687499999999997,,False,"[""undefined_precision"", ""recommendations"", ""recommending_runs"", ""coverage"", ""precision"", ""abstention""]"
divergence-q0.25,20,peak,blocked_ew,aligned-control,20,20,0,0,0,0.0,0.0,,0.0,,0.0,,1.0,,1.0,,1.0,,1.0,,1.0,,1.35,,0.75,,0.75,,0.0,,False,"[""undefined_precision"", ""recommendations"", ""recommending_runs"", ""coverage"", ""precision"", ""abstention""]"
divergence-q0.25,20,peak,blocked_ew,combined-rate-plus-incident,20,20,0,0,0,0.0,0.0,,0.0,,0.0,,1.0,,1.0,,0.75,,0.0,,0.75,,2.7281250000000004,,0.75,,0.75,,19.124999999999993,,False,"[""undefined_precision"", ""recommendations"", ""recommending_runs"", ""coverage"", ""precision"", ""abstention""]"
divergence-q0.25,20,peak,blocked_ew,heterogeneity-only,20,20,0,0,0,0.0,0.0,,0.0,,0.0,,1.0,,1.0,,0.125,,1.0,,1.0,,1.2968749999999991,,0.75,,0.75,,1.2125000000000008,,False,"[""undefined_precision"", ""recommendations"", ""recommending_runs"", ""coverage"", ""precision"", ""abstention""]"
divergence-q0.25,20,peak,blocked_ew,incident-knowledge-only,20,20,0,0,0,0.0,0.0,,0.0,,0.0,,1.0,,1.0,,0.75,,0.25,,1.0,,1.4375000000000004,,0.75,,0.75,,1.3968749999999996,,False,"[""undefined_precision"", ""recommendations"", ""recommending_runs"", ""coverage"", ""precision"", ""abstention""]"
divergence-q0.25,20,peak,blocked_ew,rate-only,20,20,0,0,0,0.0,0.0,,0.0,,0.0,,1.0,,1.0,,0.125,,1.0,,0.75,,1.35,,0.75,,0.75,,13.693749999999994,,False,"[""undefined_precision"", ""recommendations"", ""recommending_runs"", ""coverage"", ""precision"", ""abstention""]"
divergence-q0.25,20,peak,none,aligned-control,20,20,0,2,0,0.0,0.0,,0.0,,0.0,,1.0,,1.0,,1.0,,1.0,,1.0,,2.1937499999999996,,0.1875,,0.1875,,0.0,,False,"[""undefined_precision"", ""recommendations"", ""recommending_runs"", ""coverage"", ""precision"", ""abstention""]"
divergence-q0.25,20,peak,none,combined-rate-plus-incident,20,20,0,2,0,0.0,0.0,,0.0,,0.0,,1.0,,1.0,,0.375,,0.5,,0.375,,2.340625,,0.1875,,0.1875,,11.734375,,False,"[""undefined_precision"", ""recommendations"", ""recommending_runs"", ""coverage"", ""precision"", ""abstention""]"
divergence-q0.25,20,peak,none,heterogeneity-only,20,20,0,0,0,0.0,0.0,,0.0,,0.0,,1.0,,1.0,,0.625,,1.0,,0.875,,2.0734375,,0.125,,0.125,,1.1093750000000013,,False,"[""undefined_precision"", ""recommendations"", ""recommending_runs"", ""coverage"", ""precision"", ""abstention""]"
divergence-q0.25,20,peak,none,incident-knowledge-only,20,20,0,2,0,0.0,0.0,,0.0,,0.0,,1.0,,1.0,,1.0,,1.0,,1.0,,2.1937499999999996,,0.1875,,0.1875,,0.0,,False,"[""undefined_precision"", ""recommendations"", ""recommending_runs"", ""coverage"", ""precision"", ""abstention""]"
divergence-q0.25,20,peak,none,rate-only,20,20,0,2,0,0.0,0.0,,0.0,,0.0,,1.0,,1.0,,0.375,,0.5,,0.375,,2.340625,,0.1875,,0.1875,,11.734375,,False,"[""undefined_precision"", ""recommendations"", ""recommending_runs"", ""coverage"", ""precision"", ""abstention""]"
divergence-horizon-q0.25-h2,2,light,blocked_ew,aligned-control,20,0,9,0,20,7.0,0.875,,1.0,,0.0,,0.0,,0.125,,1.0,,1.0,,1.0,,0.0,,0.875,,0.0,,0.0,,True,[]
divergence-horizon-q0.25-h2,2,light,blocked_ew,combined-rate-plus-incident,20,20,7,0,0,0.0,0.0,,0.0,,0.0,,1.0,,1.0,,1.0,,0.0,,0.875,,0.1875,,0.875,,0.875,,1.625,,False,"[""undefined_precision"", ""recommendations"", ""recommending_runs"", ""coverage"", ""precision"", ""abstention""]"
divergence-horizon-q0.25-h2,2,light,blocked_ew,heterogeneity-only,20,0,5,0,20,7.0,0.875,,1.0,,0.0,,0.0,,0.125,,0.4375,,1.0,,1.0,,0.0,,0.875,,0.0,,0.25,,True,[]
divergence-horizon-q0.25-h2,2,light,blocked_ew,incident-knowledge-only,20,20,9,0,0,0.0,0.0,,0.0,,0.0,,1.0,,1.0,,1.0,,0.0,,0.875,,0.0,,0.875,,0.875,,0.125,,False,"[""undefined_precision"", ""recommendations"", ""recommending_runs"", ""coverage"", ""precision"", ""abstention""]"
divergence-horizon-q0.25-h2,2,light,blocked_ew,rate-only,20,0,9,0,20,7.0,0.875,,1.0,,0.0,,0.0,,0.125,,0.1875,,0.875,,1.0,,0.0,,0.875,,0.0,,1.21875,,True,[]
divergence-horizon-q0.25-h2,2,light,none,aligned-control,20,1,0,1,19,1.0,0.125,,1.0,,0.0,,0.0,,0.875,,1.0,,1.0,,1.0,,0.4375,,0.125,,0.0,,0.0,,False,"[""undefined_precision"", ""recommendations"", ""coverage"", ""abstention""]"
divergence-horizon-q0.25-h2,2,light,none,combined-rate-plus-incident,20,7,0,1,13,1.0,0.125,,0.75,,0.0,,0.5,,0.875,,1.0,,0.75,,0.75,,0.46875,,0.125,,0.125,,0.5,,False,"[""undefined_precision"", ""recommendations"", ""coverage"", ""precision"", ""abstention""]"
divergence-horizon-q0.25-h2,2,light,none,heterogeneity-only,20,5,0,3,15,1.0,0.125,,1.0,,0.0,,0.0,,0.875,,0.875,,0.875,,0.875,,0.4375,,0.125,,0.0,,0.15625,,False,"[""undefined_precision"", ""recommendations"", ""coverage"", ""abstention""]"
divergence-horizon-q0.25-h2,2,light,none,incident-knowledge-only,20,1,0,1,19,1.0,0.125,,1.0,,0.0,,0.0,,0.875,,1.0,,1.0,,1.0,,0.4375,,0.125,,0.0,,0.0,,False,"[""undefined_precision"", ""recommendations"", ""coverage"", ""abstention""]"
divergence-horizon-q0.25-h2,2,light,none,rate-only,20,7,0,1,13,1.0,0.125,,0.75,,0.0,,0.5,,0.875,,1.0,,0.75,,0.75,,0.46875,,0.125,,0.125,,0.5,,False,"[""undefined_precision"", ""recommendations"", ""coverage"", ""precision"", ""abstention""]"
divergence-horizon-q0.25-h2,2,peak,blocked_ew,aligned-control,20,0,0,0,20,4.0,0.5,,1.0,,0.0,,0.0,,0.5,,1.0,,1.0,,1.0,,0.375,,0.5,,0.0,,0.0,,True,[]
divergence-horizon-q0.25-h2,2,peak,blocked_ew,combined-rate-plus-incident,20,20,0,0,0,0.0,0.0,,0.0,,0.0,,1.0,,1.0,,0.75,,0.5,,0.5,,0.59375,,0.5,,0.5,,3.375,,False,"[""undefined_precision"", ""recommendations"", ""recommending_runs"", ""coverage"", ""precision"", ""abstention""]"
divergence-horizon-q0.25-h2,2,peak,blocked_ew,heterogeneity-only,20,0,0,0,20,4.5,0.5625,,1.0,,0.0,,0.0,,0.4375,,0.5,,1.0,,0.875,,0.3125,,0.5625,,0.0,,0.46875,,True,[]
divergence-horizon-q0.25-h2,2,peak,blocked_ew,incident-knowledge-only,20,20,0,0,0,0.0,0.0,,0.0,,0.0,,1.0,,1.0,,0.5,,0.5,,0.75,,0.59375,,0.5,,0.5,,0.84375,,False,"[""undefined_precision"", ""recommendations"", ""recommending_runs"", ""coverage"", ""precision"", ""abstention""]"
divergence-horizon-q0.25-h2,2,peak,blocked_ew,rate-only,20,0,0,0,20,2.0,0.25,,1.0,,0.0,,0.6,,0.75,,0.5,,1.0,,0.5,,0.375,,0.5,,0.375,,1.96875,,False,"[""abstention""]"
divergence-horizon-q0.25-h2,2,peak,none,aligned-control,20,14,0,0,6,0.0,0.0,,0.0,,0.0,,1.0,,1.0,,1.0,,1.0,,1.0,,0.21875,,0.5,,0.5,,0.0,,False,"[""undefined_precision"", ""recommendations"", ""recommending_runs"", ""coverage"", ""precision"", ""abstention""]"
divergence-horizon-q0.25-h2,2,peak,none,combined-rate-plus-incident,20,20,0,0,0,0.0,0.0,,0.0,,0.0,,1.0,,1.0,,0.625,,0.875,,0.5,,0.25,,0.5,,0.5,,2.4375,,False,"[""undefined_precision"", ""recommendations"", ""recommending_runs"", ""coverage"", ""precision"", ""abstention""]"
divergence-horizon-q0.25-h2,2,peak,none,heterogeneity-only,20,15,0,0,5,0.0,0.0,,0.0,,0.0,,1.0,,1.0,,0.625,,1.0,,0.8125,,0.3125,,0.5,,0.5,,0.546875,,False,"[""undefined_precision"", ""recommendations"", ""recommending_runs"", ""coverage"", ""precision"", ""abstention""]"
divergence-horizon-q0.25-h2,2,peak,none,incident-knowledge-only,20,14,0,0,6,0.0,0.0,,0.0,,0.0,,1.0,,1.0,,1.0,,1.0,,1.0,,0.21875,,0.5,,0.5,,0.0,,False,"[""undefined_precision"", ""recommendations"", ""recommending_runs"", ""coverage"", ""precision"", ""abstention""]"
divergence-horizon-q0.25-h2,2,peak,none,rate-only,20,20,0,0,0,0.0,0.0,,0.0,,0.0,,1.0,,1.0,,0.625,,0.875,,0.5,,0.25,,0.5,,0.5,,2.4375,,False,"[""undefined_precision"", ""recommendations"", ""recommending_runs"", ""coverage"", ""precision"", ""abstention""]"
divergence-horizon-q0.25-h2,6,light,blocked_ew,aligned-control,20,20,8,0,0,0.0,0.0,,0.0,,0.0,,1.0,,1.0,,1.0,,1.0,,1.0,,0.0,,0.875,,0.875,,0.0,,False,"[""undefined_precision"", ""recommendations"", ""recommending_runs"", ""coverage"", ""precision"", ""abstention""]"
divergence-horizon-q0.25-h2,6,light,blocked_ew,combined-rate-plus-incident,20,20,8,0,0,0.0,0.0,,0.0,,0.0,,1.0,,1.0,,1.0,,0.0,,0.875,,0.7499999999999998,,0.875,,0.875,,4.135416666666666,,False,"[""undefined_precision"", ""recommendations"", ""recommending_runs"", ""coverage"", ""precision"", ""abstention""]"
divergence-horizon-q0.25-h2,6,light,blocked_ew,heterogeneity-only,20,20,9,0,0,0.0,0.0,,0.0,,0.0,,1.0,,1.0,,0.25,,1.0,,1.0,,0.0,,0.875,,0.875,,0.3489583333333336,,False,"[""undefined_precision"", ""recommendations"", ""recommending_runs"", ""coverage"", ""precision"", ""abstention""]"
divergence-horizon-q0.25-h2,6,light,blocked_ew,incident-knowledge-only,20,20,8,0,0,0.0,0.0,,0.0,,0.0,,1.0,,1.0,,1.0,,0.0,,0.875,,0.14583333333333326,,0.875,,0.875,,0.4375000000000001,,False,"[""undefined_precision"", ""recommendations"", ""recommending_runs"", ""coverage"", ""precision"", ""abstention""]"
divergence-horizon-q0.25-h2,6,light,blocked_ew,rate-only,20,20,8,0,0,0.0,0.0,,0.0,,0.0,,1.0,,1.0,,0.125,,0.9375,,1.0,,0.0,,0.875,,0.875,,2.1562499999999996,,False,"[""undefined_precision"", ""recommendations"", ""recommending_runs"", ""coverage"", ""precision"", ""abstention""]"
divergence-horizon-q0.25-h2,6,light,none,aligned-control,20,20,1,3,0,0.0,0.0,,0.0,,0.0,,1.0,,1.0,,1.0,,1.0,,1.0,,0.8020833333333334,,0.1875,,0.1875,,0.0,,False,"[""undefined_precision"", ""recommendations"", ""recommending_runs"", ""coverage"", ""precision"", ""abstention""]"
divergence-horizon-q0.25-h2,6,light,none,combined-rate-plus-incident,20,20,1,3,0,0.0,0.0,,0.0,,0.0,,1.0,,1.0,,0.5,,1.0,,0.9375,,0.8020833333333334,,0.1875,,0.1875,,0.35416666666666674,,False,"[""undefined_precision"", ""recommendations"", ""recommending_runs"", ""coverage"", ""precision"", ""abstention""]"
divergence-horizon-q0.25-h2,6,light,none,heterogeneity-only,20,20,0,5,0,0.0,0.0,,0.0,,0.0,,1.0,,1.0,,0.5,,1.0,,0.875,,0.7916666666666667,,0.25,,0.25,,0.1041666666666667,,False,"[""undefined_precision"", ""recommendations"", ""recommending_runs"", ""coverage"", ""precision"", ""abstention""]"
divergence-horizon-q0.25-h2,6,light,none,incident-knowledge-only,20,20,1,3,0,0.0,0.0,,0.0,,0.0,,1.0,,1.0,,1.0,,1.0,,1.0,,0.8020833333333334,,0.1875,,0.1875,,0.0,,False,"[""undefined_precision"", ""recommendations"", ""recommending_runs"", ""coverage"", ""precision"", ""abstention""]"
divergence-horizon-q0.25-h2,6,light,none,rate-only,20,20,1,3,0,0.0,0.0,,0.0,,0.0,,1.0,,1.0,,0.5,,1.0,,0.9375,,0.8020833333333334,,0.1875,,0.1875,,0.35416666666666674,,False,"[""undefined_precision"", ""recommendations"", ""recommending_runs"", ""coverage"", ""precision"", ""abstention""]"
divergence-horizon-q0.25-h2,6,peak,blocked_ew,aligned-control,20,20,0,0,0,0.0,0.0,,0.0,,0.0,,1.0,,1.0,,1.0,,1.0,,1.0,,0.7499999999999999,,0.625,,0.625,,0.0,,False,"[""undefined_precision"", ""recommendations"", ""recommending_runs"", ""coverage"", ""precision"", ""abstention""]"
divergence-horizon-q0.25-h2,6,peak,blocked_ew,combined-rate-plus-incident,20,20,0,0,0,0.0,0.0,,0.0,,0.0,,1.0,,1.0,,0.625,,0.25,,0.625,,1.34375,,0.625,,0.625,,7.364583333333334,,False,"[""undefined_precision"", ""recommendations"", ""recommending_runs"", ""coverage"", ""precision"", ""abstention""]"
divergence-horizon-q0.25-h2,6,peak,blocked_ew,heterogeneity-only,20,20,0,0,0,0.0,0.0,,0.0,,0.0,,1.0,,1.0,,0.25,,1.0,,1.0,,0.5729166666666667,,0.6875,,0.6875,,0.5937499999999991,,False,"[""undefined_precision"", ""recommendations"", ""recommending_runs"", ""coverage"", ""precision"", ""abstention""]"
divergence-horizon-q0.25-h2,6,peak,blocked_ew,incident-knowledge-only,20,20,0,0,0,0.0,0.0,,0.0,,0.0,,1.0,,1.0,,0.625,,0.375,,0.8125,,1.3437499999999996,,0.625,,0.625,,1.53125,,False,"[""undefined_precision"", ""recommendations"", ""recommending_runs"", ""coverage"", ""precision"", ""abstention""]"
divergence-horizon-q0.25-h2,6,peak,blocked_ew,rate-only,20,20,0,0,0,0.0,0.0,,0.0,,0.0,,1.0,,1.0,,0.3125,,1.0,,0.625,,0.7499999999999999,,0.625,,0.625,,5.041666666666667,,False,"[""undefined_precision"", ""recommendations"", ""recommending_runs"", ""coverage"", ""precision"", ""abstention""]"
divergence-horizon-q0.25-h2,6,peak,none,aligned-control,20,20,0,0,0,0.0,0.0,,0.0,,0.0,,1.0,,1.0,,1.0,,1.0,,1.0,,0.6562499999999999,,0.5,,0.5,,0.0,,False,"[""undefined_precision"", ""recommendations"", ""recommending_runs"", ""coverage"", ""precision"", ""abstention""]"
divergence-horizon-q0.25-h2,6,peak,none,combined-rate-plus-incident,20,20,0,0,0,0.0,0.0,,0.0,,0.0,,1.0,,1.0,,0.5625,,0.6875,,0.5,,0.8333333333333344,,0.5,,0.5,,5.28125,,False,"[""undefined_precision"", ""recommendations"", ""recommending_runs"", ""coverage"", ""precision"", ""abstention""]"
divergence-horizon-q0.25-h2,6,peak,none,heterogeneity-only,20,20,0,1,0,0.0,0.0,,0.0,,0.0,,1.0,,1.0,,0.625,,1.0,,0.875,,0.6406250000000004,,0.5,,0.5,,0.7187499999999998,,False,"[""undefined_precision"", ""recommendations"", ""recommending_runs"", ""coverage"", ""precision"", ""abstention""]"
divergence-horizon-q0.25-h2,6,peak,none,incident-knowledge-only,20,20,0,0,0,0.0,0.0,,0.0,,0.0,,1.0,,1.0,,1.0,,1.0,,1.0,,0.6562499999999999,,0.5,,0.5,,0.0,,False,"[""undefined_precision"", ""recommendations"", ""recommending_runs"", ""coverage"", ""precision"", ""abstention""]"
divergence-horizon-q0.25-h2,6,peak,none,rate-only,20,20,0,0,0,0.0,0.0,,0.0,,0.0,,1.0,,1.0,,0.5625,,0.6875,,0.5,,0.8333333333333344,,0.5,,0.5,,5.28125,,False,"[""undefined_precision"", ""recommendations"", ""recommending_runs"", ""coverage"", ""precision"", ""abstention""]"
divergence-horizon-q0.25-h2,20,light,blocked_ew,aligned-control,20,20,12,0,0,0.0,0.0,,0.0,,0.0,,1.0,,1.0,,1.0,,1.0,,1.0,,0.0,,1.0,,1.0,,0.0,,False,"[""undefined_precision"", ""recommendations"", ""recommending_runs"", ""coverage"", ""precision"", ""abstention""]"
divergence-horizon-q0.25-h2,20,light,blocked_ew,combined-rate-plus-incident,20,20,11,0,0,0.0,0.0,,0.0,,0.0,,1.0,,1.0,,1.0,,0.0,,1.0,,1.5812499999999998,,1.0,,1.0,,10.671875,,False,"[""undefined_precision"", ""recommendations"", ""recommending_runs"", ""coverage"", ""precision"", ""abstention""]"
divergence-horizon-q0.25-h2,20,light,blocked_ew,heterogeneity-only,20,20,10,0,0,0.0,0.0,,0.0,,0.0,,1.0,,1.0,,0.125,,1.0,,1.0,,0.025000000000000022,,0.9375,,0.9375,,0.3328125000000002,,False,"[""undefined_precision"", ""recommendations"", ""recommending_runs"", ""coverage"", ""precision"", ""abstention""]"
divergence-horizon-q0.25-h2,20,light,blocked_ew,incident-knowledge-only,20,20,11,0,0,0.0,0.0,,0.0,,0.0,,1.0,,1.0,,1.0,,0.0,,1.0,,1.0562500000000004,,1.0,,1.0,,3.871875,,False,"[""undefined_precision"", ""recommendations"", ""recommending_runs"", ""coverage"", ""precision"", ""abstention""]"
divergence-horizon-q0.25-h2,20,light,blocked_ew,rate-only,20,20,12,0,0,0.0,0.0,,0.0,,0.0,,1.0,,1.0,,0.125,,1.0,,1.0,,0.0,,1.0,,1.0,,2.1343749999999995,,False,"[""undefined_precision"", ""recommendations"", ""recommending_runs"", ""coverage"", ""precision"", ""abstention""]"
divergence-horizon-q0.25-h2,20,light,none,aligned-control,20,20,2,1,0,0.0,0.0,,0.0,,0.0,,1.0,,1.0,,1.0,,1.0,,1.0,,0.39062499999999994,,0.625,,0.625,,0.0,,False,"[""undefined_precision"", ""recommendations"", ""recommending_runs"", ""coverage"", ""precision"", ""abstention""]"
divergence-horizon-q0.25-h2,20,light,none,combined-rate-plus-incident,20,20,2,1,0,0.0,0.0,,0.0,,0.0,,1.0,,1.0,,0.125,,1.0,,1.0,,0.39062499999999994,,0.625,,0.625,,0.19687499999999997,,False,"[""undefined_precision"", ""recommendations"", ""recommending_runs"", ""coverage"", ""precision"", ""abstention""]"
divergence-horizon-q0.25-h2,20,light,none,heterogeneity-only,20,20,3,1,0,0.0,0.0,,0.0,,0.0,,1.0,,1.0,,0.375,,1.0,,1.0,,0.3109375,,0.625,,0.625,,0.043750000000000025,,False,"[""undefined_precision"", ""recommendations"", ""recommending_runs"", ""coverage"", ""precision"", ""abstention""]"
divergence-horizon-q0.25-h2,20,light,none,incident-knowledge-only,20,20,2,1,0,0.0,0.0,,0.0,,0.0,,1.0,,1.0,,1.0,,1.0,,1.0,,0.39062499999999994,,0.625,,0.625,,0.0,,False,"[""undefined_precision"", ""recommendations"", ""recommending_runs"", ""coverage"", ""precision"", ""abstention""]"
divergence-horizon-q0.25-h2,20,light,none,rate-only,20,20,2,1,0,0.0,0.0,,0.0,,0.0,,1.0,,1.0,,0.125,,1.0,,1.0,,0.39062499999999994,,0.625,,0.625,,0.19687499999999997,,False,"[""undefined_precision"", ""recommendations"", ""recommending_runs"", ""coverage"", ""precision"", ""abstention""]"
divergence-horizon-q0.25-h2,20,peak,blocked_ew,aligned-control,20,20,0,0,0,0.0,0.0,,0.0,,0.0,,1.0,,1.0,,1.0,,1.0,,1.0,,1.35,,0.75,,0.75,,0.0,,False,"[""undefined_precision"", ""recommendations"", ""recommending_runs"", ""coverage"", ""precision"", ""abstention""]"
divergence-horizon-q0.25-h2,20,peak,blocked_ew,combined-rate-plus-incident,20,20,0,0,0,0.0,0.0,,0.0,,0.0,,1.0,,1.0,,0.75,,0.0,,0.75,,2.7281250000000004,,0.75,,0.75,,19.124999999999993,,False,"[""undefined_precision"", ""recommendations"", ""recommending_runs"", ""coverage"", ""precision"", ""abstention""]"
divergence-horizon-q0.25-h2,20,peak,blocked_ew,heterogeneity-only,20,20,0,0,0,0.0,0.0,,0.0,,0.0,,1.0,,1.0,,0.125,,1.0,,1.0,,1.2968749999999991,,0.75,,0.75,,1.2125000000000008,,False,"[""undefined_precision"", ""recommendations"", ""recommending_runs"", ""coverage"", ""precision"", ""abstention""]"
divergence-horizon-q0.25-h2,20,peak,blocked_ew,incident-knowledge-only,20,20,0,0,0,0.0,0.0,,0.0,,0.0,,1.0,,1.0,,0.75,,0.25,,1.0,,1.4375000000000004,,0.75,,0.75,,1.3968749999999996,,False,"[""undefined_precision"", ""recommendations"", ""recommending_runs"", ""coverage"", ""precision"", ""abstention""]"
divergence-horizon-q0.25-h2,20,peak,blocked_ew,rate-only,20,20,0,0,0,0.0,0.0,,0.0,,0.0,,1.0,,1.0,,0.125,,1.0,,0.75,,1.35,,0.75,,0.75,,13.693749999999994,,False,"[""undefined_precision"", ""recommendations"", ""recommending_runs"", ""coverage"", ""precision"", ""abstention""]"
divergence-horizon-q0.25-h2,20,peak,none,aligned-control,20,20,0,2,0,0.0,0.0,,0.0,,0.0,,1.0,,1.0,,1.0,,1.0,,1.0,,2.1937499999999996,,0.1875,,0.1875,,0.0,,False,"[""undefined_precision"", ""recommendations"", ""recommending_runs"", ""coverage"", ""precision"", ""abstention""]"
divergence-horizon-q0.25-h2,20,peak,none,combined-rate-plus-incident,20,20,0,2,0,0.0,0.0,,0.0,,0.0,,1.0,,1.0,,0.375,,0.5,,0.375,,2.340625,,0.1875,,0.1875,,11.734375,,False,"[""undefined_precision"", ""recommendations"", ""recommending_runs"", ""coverage"", ""precision"", ""abstention""]"
divergence-horizon-q0.25-h2,20,peak,none,heterogeneity-only,20,20,0,0,0,0.0,0.0,,0.0,,0.0,,1.0,,1.0,,0.625,,1.0,,0.875,,2.0734375,,0.125,,0.125,,1.1093750000000013,,False,"[""undefined_precision"", ""recommendations"", ""recommending_runs"", ""coverage"", ""precision"", ""abstention""]"
divergence-horizon-q0.25-h2,20,peak,none,incident-knowledge-only,20,20,0,2,0,0.0,0.0,,0.0,,0.0,,1.0,,1.0,,1.0,,1.0,,1.0,,2.1937499999999996,,0.1875,,0.1875,,0.0,,False,"[""undefined_precision"", ""recommendations"", ""recommending_runs"", ""coverage"", ""precision"", ""abstention""]"
divergence-horizon-q0.25-h2,20,peak,none,rate-only,20,20,0,2,0,0.0,0.0,,0.0,,0.0,,1.0,,1.0,,0.375,,0.5,,0.375,,2.340625,,0.1875,,0.1875,,11.734375,,False,"[""undefined_precision"", ""recommendations"", ""recommending_runs"", ""coverage"", ""precision"", ""abstention""]"
divergence-horizon-q0.25-h6,2,light,blocked_ew,aligned-control,20,0,9,0,20,7.0,0.875,,1.0,,0.0,,0.0,,0.125,,1.0,,1.0,,1.0,,0.0,,0.875,,0.0,,0.0,,True,[]
divergence-horizon-q0.25-h6,2,light,blocked_ew,combined-rate-plus-incident,20,20,7,0,0,0.0,0.0,,0.0,,0.0,,1.0,,1.0,,1.0,,0.0,,0.875,,0.1875,,0.875,,0.875,,1.625,,False,"[""undefined_precision"", ""recommendations"", ""recommending_runs"", ""coverage"", ""precision"", ""abstention""]"
divergence-horizon-q0.25-h6,2,light,blocked_ew,heterogeneity-only,20,0,5,0,20,7.0,0.875,,1.0,,0.0,,0.0,,0.125,,0.4375,,1.0,,1.0,,0.0,,0.875,,0.0,,0.25,,True,[]
divergence-horizon-q0.25-h6,2,light,blocked_ew,incident-knowledge-only,20,20,9,0,0,0.0,0.0,,0.0,,0.0,,1.0,,1.0,,1.0,,0.0,,0.875,,0.0,,0.875,,0.875,,0.125,,False,"[""undefined_precision"", ""recommendations"", ""recommending_runs"", ""coverage"", ""precision"", ""abstention""]"
divergence-horizon-q0.25-h6,2,light,blocked_ew,rate-only,20,0,9,0,20,7.0,0.875,,1.0,,0.0,,0.0,,0.125,,0.1875,,0.875,,1.0,,0.0,,0.875,,0.0,,1.21875,,True,[]
divergence-horizon-q0.25-h6,2,light,none,aligned-control,20,1,0,1,19,1.0,0.125,,1.0,,0.0,,0.0,,0.875,,1.0,,1.0,,1.0,,0.4375,,0.125,,0.0,,0.0,,False,"[""undefined_precision"", ""recommendations"", ""coverage"", ""abstention""]"
divergence-horizon-q0.25-h6,2,light,none,combined-rate-plus-incident,20,7,0,1,13,1.0,0.125,,0.75,,0.0,,0.5,,0.875,,1.0,,0.75,,0.75,,0.46875,,0.125,,0.125,,0.5,,False,"[""undefined_precision"", ""recommendations"", ""coverage"", ""precision"", ""abstention""]"
divergence-horizon-q0.25-h6,2,light,none,heterogeneity-only,20,5,0,3,15,1.0,0.125,,1.0,,0.0,,0.0,,0.875,,0.875,,0.875,,0.875,,0.4375,,0.125,,0.0,,0.15625,,False,"[""undefined_precision"", ""recommendations"", ""coverage"", ""abstention""]"
divergence-horizon-q0.25-h6,2,light,none,incident-knowledge-only,20,1,0,1,19,1.0,0.125,,1.0,,0.0,,0.0,,0.875,,1.0,,1.0,,1.0,,0.4375,,0.125,,0.0,,0.0,,False,"[""undefined_precision"", ""recommendations"", ""coverage"", ""abstention""]"
divergence-horizon-q0.25-h6,2,light,none,rate-only,20,7,0,1,13,1.0,0.125,,0.75,,0.0,,0.5,,0.875,,1.0,,0.75,,0.75,,0.46875,,0.125,,0.125,,0.5,,False,"[""undefined_precision"", ""recommendations"", ""coverage"", ""precision"", ""abstention""]"
divergence-horizon-q0.25-h6,2,peak,blocked_ew,aligned-control,20,0,0,0,20,4.0,0.5,,1.0,,0.0,,0.0,,0.5,,1.0,,1.0,,1.0,,0.375,,0.5,,0.0,,0.0,,True,[]
divergence-horizon-q0.25-h6,2,peak,blocked_ew,combined-rate-plus-incident,20,20,0,0,0,0.0,0.0,,0.0,,0.0,,1.0,,1.0,,0.75,,0.5,,0.5,,0.59375,,0.5,,0.5,,3.375,,False,"[""undefined_precision"", ""recommendations"", ""recommending_runs"", ""coverage"", ""precision"", ""abstention""]"
divergence-horizon-q0.25-h6,2,peak,blocked_ew,heterogeneity-only,20,0,0,0,20,4.5,0.5625,,1.0,,0.0,,0.0,,0.4375,,0.5,,1.0,,0.875,,0.3125,,0.5625,,0.0,,0.46875,,True,[]
divergence-horizon-q0.25-h6,2,peak,blocked_ew,incident-knowledge-only,20,20,0,0,0,0.0,0.0,,0.0,,0.0,,1.0,,1.0,,0.5,,0.5,,0.75,,0.59375,,0.5,,0.5,,0.84375,,False,"[""undefined_precision"", ""recommendations"", ""recommending_runs"", ""coverage"", ""precision"", ""abstention""]"
divergence-horizon-q0.25-h6,2,peak,blocked_ew,rate-only,20,0,0,0,20,2.0,0.25,,1.0,,0.0,,0.6,,0.75,,0.5,,1.0,,0.5,,0.375,,0.5,,0.375,,1.96875,,False,"[""abstention""]"
divergence-horizon-q0.25-h6,2,peak,none,aligned-control,20,14,0,0,6,0.0,0.0,,0.0,,0.0,,1.0,,1.0,,1.0,,1.0,,1.0,,0.21875,,0.5,,0.5,,0.0,,False,"[""undefined_precision"", ""recommendations"", ""recommending_runs"", ""coverage"", ""precision"", ""abstention""]"
divergence-horizon-q0.25-h6,2,peak,none,combined-rate-plus-incident,20,20,0,0,0,0.0,0.0,,0.0,,0.0,,1.0,,1.0,,0.625,,0.875,,0.5,,0.25,,0.5,,0.5,,2.4375,,False,"[""undefined_precision"", ""recommendations"", ""recommending_runs"", ""coverage"", ""precision"", ""abstention""]"
divergence-horizon-q0.25-h6,2,peak,none,heterogeneity-only,20,15,0,0,5,0.0,0.0,,0.0,,0.0,,1.0,,1.0,,0.625,,1.0,,0.8125,,0.3125,,0.5,,0.5,,0.546875,,False,"[""undefined_precision"", ""recommendations"", ""recommending_runs"", ""coverage"", ""precision"", ""abstention""]"
divergence-horizon-q0.25-h6,2,peak,none,incident-knowledge-only,20,14,0,0,6,0.0,0.0,,0.0,,0.0,,1.0,,1.0,,1.0,,1.0,,1.0,,0.21875,,0.5,,0.5,,0.0,,False,"[""undefined_precision"", ""recommendations"", ""recommending_runs"", ""coverage"", ""precision"", ""abstention""]"
divergence-horizon-q0.25-h6,2,peak,none,rate-only,20,20,0,0,0,0.0,0.0,,0.0,,0.0,,1.0,,1.0,,0.625,,0.875,,0.5,,0.25,,0.5,,0.5,,2.4375,,False,"[""undefined_precision"", ""recommendations"", ""recommending_runs"", ""coverage"", ""precision"", ""abstention""]"
divergence-horizon-q0.25-h6,6,light,blocked_ew,aligned-control,20,15,8,0,5,0.0,0.0,,0.0,,0.0,,1.0,,1.0,,1.0,,1.0,,1.0,,0.0,,0.875,,0.875,,0.0,,False,"[""undefined_precision"", ""recommendations"", ""recommending_runs"", ""coverage"", ""precision"", ""abstention""]"
divergence-horizon-q0.25-h6,6,light,blocked_ew,combined-rate-plus-incident,20,20,8,0,0,0.0,0.0,,0.0,,0.0,,1.0,,1.0,,1.0,,0.0,,0.875,,0.7499999999999998,,0.875,,0.875,,4.135416666666666,,False,"[""undefined_precision"", ""recommendations"", ""recommending_runs"", ""coverage"", ""precision"", ""abstention""]"
divergence-horizon-q0.25-h6,6,light,blocked_ew,heterogeneity-only,20,15,9,0,5,0.0,0.0,,0.0,,0.0,,1.0,,1.0,,0.25,,1.0,,1.0,,0.0,,0.875,,0.875,,0.3489583333333336,,False,"[""undefined_precision"", ""recommendations"", ""recommending_runs"", ""coverage"", ""precision"", ""abstention""]"
divergence-horizon-q0.25-h6,6,light,blocked_ew,incident-knowledge-only,20,20,8,0,0,0.0,0.0,,0.0,,0.0,,1.0,,1.0,,1.0,,0.0,,0.875,,0.14583333333333326,,0.875,,0.875,,0.4375000000000001,,False,"[""undefined_precision"", ""recommendations"", ""recommending_runs"", ""coverage"", ""precision"", ""abstention""]"
divergence-horizon-q0.25-h6,6,light,blocked_ew,rate-only,20,15,8,0,5,0.0,0.0,,0.0,,0.0,,1.0,,1.0,,0.125,,0.9375,,1.0,,0.0,,0.875,,0.875,,2.1562499999999996,,False,"[""undefined_precision"", ""recommendations"", ""recommending_runs"", ""coverage"", ""precision"", ""abstention""]"
divergence-horizon-q0.25-h6,6,light,none,aligned-control,20,12,1,3,8,0.0,0.0,,0.0,,0.0,,0.5833333333333333,,1.0,,1.0,,1.0,,1.0,,0.8020833333333334,,0.1875,,0.125,,0.0,,False,"[""undefined_precision"", ""recommendations"", ""recommending_runs"", ""coverage"", ""precision"", ""abstention""]"
divergence-horizon-q0.25-h6,6,light,none,combined-rate-plus-incident,20,11,1,3,9,0.0,0.0,,0.0,,0.0,,0.6666666666666666,,1.0,,0.5,,1.0,,0.9375,,0.8020833333333334,,0.1875,,0.125,,0.35416666666666674,,False,"[""undefined_precision"", ""recommendations"", ""recommending_runs"", ""coverage"", ""precision"", ""abstention""]"
divergence-horizon-q0.25-h6,6,light,none,heterogeneity-only,20,11,0,5,9,0.0,0.0,,0.0,,0.0,,0.3333333333333333,,1.0,,0.5,,1.0,,0.875,,0.7916666666666667,,0.25,,0.125,,0.1041666666666667,,False,"[""undefined_precision"", ""recommendations"", ""recommending_runs"", ""coverage"", ""precision"", ""abstention""]"
divergence-horizon-q0.25-h6,6,light,none,incident-knowledge-only,20,12,1,3,8,0.0,0.0,,0.0,,0.0,,0.5833333333333333,,1.0,,1.0,,1.0,,1.0,,0.8020833333333334,,0.1875,,0.125,,0.0,,False,"[""undefined_precision"", ""recommendations"", ""recommending_runs"", ""coverage"", ""precision"", ""abstention""]"
divergence-horizon-q0.25-h6,6,light,none,rate-only,20,11,1,3,9,0.0,0.0,,0.0,,0.0,,0.6666666666666666,,1.0,,0.5,,1.0,,0.9375,,0.8020833333333334,,0.1875,,0.125,,0.35416666666666674,,False,"[""undefined_precision"", ""recommendations"", ""recommending_runs"", ""coverage"", ""precision"", ""abstention""]"
divergence-horizon-q0.25-h6,6,peak,blocked_ew,aligned-control,20,20,0,0,0,0.0,0.0,,0.0,,0.0,,1.0,,1.0,,1.0,,1.0,,1.0,,0.7499999999999999,,0.625,,0.625,,0.0,,False,"[""undefined_precision"", ""recommendations"", ""recommending_runs"", ""coverage"", ""precision"", ""abstention""]"
divergence-horizon-q0.25-h6,6,peak,blocked_ew,combined-rate-plus-incident,20,20,0,0,0,0.0,0.0,,0.0,,0.0,,1.0,,1.0,,0.625,,0.25,,0.625,,1.34375,,0.625,,0.625,,7.364583333333334,,False,"[""undefined_precision"", ""recommendations"", ""recommending_runs"", ""coverage"", ""precision"", ""abstention""]"
divergence-horizon-q0.25-h6,6,peak,blocked_ew,heterogeneity-only,20,20,0,0,0,0.0,0.0,,0.0,,0.0,,1.0,,1.0,,0.25,,1.0,,1.0,,0.5729166666666667,,0.6875,,0.6875,,0.5937499999999991,,False,"[""undefined_precision"", ""recommendations"", ""recommending_runs"", ""coverage"", ""precision"", ""abstention""]"
divergence-horizon-q0.25-h6,6,peak,blocked_ew,incident-knowledge-only,20,20,0,0,0,0.0,0.0,,0.0,,0.0,,1.0,,1.0,,0.625,,0.375,,0.8125,,1.3437499999999996,,0.625,,0.625,,1.53125,,False,"[""undefined_precision"", ""recommendations"", ""recommending_runs"", ""coverage"", ""precision"", ""abstention""]"
divergence-horizon-q0.25-h6,6,peak,blocked_ew,rate-only,20,20,0,0,0,0.0,0.0,,0.0,,0.0,,1.0,,1.0,,0.3125,,1.0,,0.625,,0.7499999999999999,,0.625,,0.625,,5.041666666666667,,False,"[""undefined_precision"", ""recommendations"", ""recommending_runs"", ""coverage"", ""precision"", ""abstention""]"
divergence-horizon-q0.25-h6,6,peak,none,aligned-control,20,20,0,0,0,0.0,0.0,,0.0,,0.0,,1.0,,1.0,,1.0,,1.0,,1.0,,0.6562499999999999,,0.5,,0.5,,0.0,,False,"[""undefined_precision"", ""recommendations"", ""recommending_runs"", ""coverage"", ""precision"", ""abstention""]"
divergence-horizon-q0.25-h6,6,peak,none,combined-rate-plus-incident,20,20,0,0,0,0.0,0.0,,0.0,,0.0,,1.0,,1.0,,0.5625,,0.6875,,0.5,,0.8333333333333344,,0.5,,0.5,,5.28125,,False,"[""undefined_precision"", ""recommendations"", ""recommending_runs"", ""coverage"", ""precision"", ""abstention""]"
divergence-horizon-q0.25-h6,6,peak,none,heterogeneity-only,20,20,0,1,0,0.0,0.0,,0.0,,0.0,,1.0,,1.0,,0.625,,1.0,,0.875,,0.6406250000000004,,0.5,,0.5,,0.7187499999999998,,False,"[""undefined_precision"", ""recommendations"", ""recommending_runs"", ""coverage"", ""precision"", ""abstention""]"
divergence-horizon-q0.25-h6,6,peak,none,incident-knowledge-only,20,20,0,0,0,0.0,0.0,,0.0,,0.0,,1.0,,1.0,,1.0,,1.0,,1.0,,0.6562499999999999,,0.5,,0.5,,0.0,,False,"[""undefined_precision"", ""recommendations"", ""recommending_runs"", ""coverage"", ""precision"", ""abstention""]"
divergence-horizon-q0.25-h6,6,peak,none,rate-only,20,20,0,0,0,0.0,0.0,,0.0,,0.0,,1.0,,1.0,,0.5625,,0.6875,,0.5,,0.8333333333333344,,0.5,,0.5,,5.28125,,False,"[""undefined_precision"", ""recommendations"", ""recommending_runs"", ""coverage"", ""precision"", ""abstention""]"
divergence-horizon-q0.25-h6,20,light,blocked_ew,aligned-control,20,20,12,0,0,0.0,0.0,,0.0,,0.0,,1.0,,1.0,,1.0,,1.0,,1.0,,0.0,,1.0,,1.0,,0.0,,False,"[""undefined_precision"", ""recommendations"", ""recommending_runs"", ""coverage"", ""precision"", ""abstention""]"
divergence-horizon-q0.25-h6,20,light,blocked_ew,combined-rate-plus-incident,20,20,11,0,0,0.0,0.0,,0.0,,0.0,,1.0,,1.0,,1.0,,0.0,,1.0,,1.5812499999999998,,1.0,,1.0,,10.671875,,False,"[""undefined_precision"", ""recommendations"", ""recommending_runs"", ""coverage"", ""precision"", ""abstention""]"
divergence-horizon-q0.25-h6,20,light,blocked_ew,heterogeneity-only,20,20,10,0,0,0.0,0.0,,0.0,,0.0,,1.0,,1.0,,0.125,,1.0,,1.0,,0.025000000000000022,,0.9375,,0.9375,,0.3328125000000002,,False,"[""undefined_precision"", ""recommendations"", ""recommending_runs"", ""coverage"", ""precision"", ""abstention""]"
divergence-horizon-q0.25-h6,20,light,blocked_ew,incident-knowledge-only,20,20,11,0,0,0.0,0.0,,0.0,,0.0,,1.0,,1.0,,1.0,,0.0,,1.0,,1.0562500000000004,,1.0,,1.0,,3.871875,,False,"[""undefined_precision"", ""recommendations"", ""recommending_runs"", ""coverage"", ""precision"", ""abstention""]"
divergence-horizon-q0.25-h6,20,light,blocked_ew,rate-only,20,20,12,0,0,0.0,0.0,,0.0,,0.0,,1.0,,1.0,,0.125,,1.0,,1.0,,0.0,,1.0,,1.0,,2.1343749999999995,,False,"[""undefined_precision"", ""recommendations"", ""recommending_runs"", ""coverage"", ""precision"", ""abstention""]"
divergence-horizon-q0.25-h6,20,light,none,aligned-control,20,20,2,1,0,0.0,0.0,,0.0,,0.0,,1.0,,1.0,,1.0,,1.0,,1.0,,0.39062499999999994,,0.625,,0.625,,0.0,,False,"[""undefined_precision"", ""recommendations"", ""recommending_runs"", ""coverage"", ""precision"", ""abstention""]"
divergence-horizon-q0.25-h6,20,light,none,combined-rate-plus-incident,20,20,2,1,0,0.0,0.0,,0.0,,0.0,,1.0,,1.0,,0.125,,1.0,,1.0,,0.39062499999999994,,0.625,,0.625,,0.19687499999999997,,False,"[""undefined_precision"", ""recommendations"", ""recommending_runs"", ""coverage"", ""precision"", ""abstention""]"
divergence-horizon-q0.25-h6,20,light,none,heterogeneity-only,20,20,3,1,0,0.0,0.0,,0.0,,0.0,,1.0,,1.0,,0.375,,1.0,,1.0,,0.3109375,,0.625,,0.625,,0.043750000000000025,,False,"[""undefined_precision"", ""recommendations"", ""recommending_runs"", ""coverage"", ""precision"", ""abstention""]"
divergence-horizon-q0.25-h6,20,light,none,incident-knowledge-only,20,20,2,1,0,0.0,0.0,,0.0,,0.0,,1.0,,1.0,,1.0,,1.0,,1.0,,0.39062499999999994,,0.625,,0.625,,0.0,,False,"[""undefined_precision"", ""recommendations"", ""recommending_runs"", ""coverage"", ""precision"", ""abstention""]"
divergence-horizon-q0.25-h6,20,light,none,rate-only,20,20,2,1,0,0.0,0.0,,0.0,,0.0,,1.0,,1.0,,0.125,,1.0,,1.0,,0.39062499999999994,,0.625,,0.625,,0.19687499999999997,,False,"[""undefined_precision"", ""recommendations"", ""recommending_runs"", ""coverage"", ""precision"", ""abstention""]"
divergence-horizon-q0.25-h6,20,peak,blocked_ew,aligned-control,20,20,0,0,0,0.0,0.0,,0.0,,0.0,,1.0,,1.0,,1.0,,1.0,,1.0,,1.35,,0.75,,0.75,,0.0,,False,"[""undefined_precision"", ""recommendations"", ""recommending_runs"", ""coverage"", ""precision"", ""abstention""]"
divergence-horizon-q0.25-h6,20,peak,blocked_ew,combined-rate-plus-incident,20,20,0,0,0,0.0,0.0,,0.0,,0.0,,1.0,,1.0,,0.75,,0.0,,0.75,,2.7281250000000004,,0.75,,0.75,,19.124999999999993,,False,"[""undefined_precision"", ""recommendations"", ""recommending_runs"", ""coverage"", ""precision"", ""abstention""]"
divergence-horizon-q0.25-h6,20,peak,blocked_ew,heterogeneity-only,20,20,0,0,0,0.0,0.0,,0.0,,0.0,,1.0,,1.0,,0.125,,1.0,,1.0,,1.2968749999999991,,0.75,,0.75,,1.2125000000000008,,False,"[""undefined_precision"", ""recommendations"", ""recommending_runs"", ""coverage"", ""precision"", ""abstention""]"
divergence-horizon-q0.25-h6,20,peak,blocked_ew,incident-knowledge-only,20,20,0,0,0,0.0,0.0,,0.0,,0.0,,1.0,,1.0,,0.75,,0.25,,1.0,,1.4375000000000004,,0.75,,0.75,,1.3968749999999996,,False,"[""undefined_precision"", ""recommendations"", ""recommending_runs"", ""coverage"", ""precision"", ""abstention""]"
divergence-horizon-q0.25-h6,20,peak,blocked_ew,rate-only,20,20,0,0,0,0.0,0.0,,0.0,,0.0,,1.0,,1.0,,0.125,,1.0,,0.75,,1.35,,0.75,,0.75,,13.693749999999994,,False,"[""undefined_precision"", ""recommendations"", ""recommending_runs"", ""coverage"", ""precision"", ""abstention""]"
divergence-horizon-q0.25-h6,20,peak,none,aligned-control,20,20,0,2,0,0.0,0.0,,0.0,,0.0,,1.0,,1.0,,1.0,,1.0,,1.0,,2.1937499999999996,,0.1875,,0.1875,,0.0,,False,"[""undefined_precision"", ""recommendations"", ""recommending_runs"", ""coverage"", ""precision"", ""abstention""]"
divergence-horizon-q0.25-h6,20,peak,none,combined-rate-plus-incident,20,20,0,2,0,0.0,0.0,,0.0,,0.0,,1.0,,1.0,,0.375,,0.5,,0.375,,2.340625,,0.1875,,0.1875,,11.734375,,False,"[""undefined_precision"", ""recommendations"", ""recommending_runs"", ""coverage"", ""precision"", ""abstention""]"
divergence-horizon-q0.25-h6,20,peak,none,heterogeneity-only,20,20,0,0,0,0.0,0.0,,0.0,,0.0,,1.0,,1.0,,0.625,,1.0,,0.875,,2.0734375,,0.125,,0.125,,1.1093750000000013,,False,"[""undefined_precision"", ""recommendations"", ""recommending_runs"", ""coverage"", ""precision"", ""abstention""]"
divergence-horizon-q0.25-h6,20,peak,none,incident-knowledge-only,20,20,0,2,0,0.0,0.0,,0.0,,0.0,,1.0,,1.0,,1.0,,1.0,,1.0,,2.1937499999999996,,0.1875,,0.1875,,0.0,,False,"[""undefined_precision"", ""recommendations"", ""recommending_runs"", ""coverage"", ""precision"", ""abstention""]"
divergence-horizon-q0.25-h6,20,peak,none,rate-only,20,20,0,2,0,0.0,0.0,,0.0,,0.0,,1.0,,1.0,,0.375,,0.5,,0.375,,2.340625,,0.1875,,0.1875,,11.734375,,False,"[""undefined_precision"", ""recommendations"", ""recommending_runs"", ""coverage"", ""precision"", ""abstention""]"
divergence-horizon-q0.25-h20,2,light,blocked_ew,aligned-control,20,0,9,0,20,7.0,0.875,,1.0,,0.0,,0.0,,0.125,,1.0,,1.0,,1.0,,0.0,,0.875,,0.0,,0.0,,True,[]
divergence-horizon-q0.25-h20,2,light,blocked_ew,combined-rate-plus-incident,20,20,7,0,0,0.0,0.0,,0.0,,0.0,,1.0,,1.0,,1.0,,0.0,,0.875,,0.1875,,0.875,,0.875,,1.625,,False,"[""undefined_precision"", ""recommendations"", ""recommending_runs"", ""coverage"", ""precision"", ""abstention""]"
divergence-horizon-q0.25-h20,2,light,blocked_ew,heterogeneity-only,20,0,5,0,20,7.0,0.875,,1.0,,0.0,,0.0,,0.125,,0.4375,,1.0,,1.0,,0.0,,0.875,,0.0,,0.25,,True,[]
divergence-horizon-q0.25-h20,2,light,blocked_ew,incident-knowledge-only,20,20,9,0,0,0.0,0.0,,0.0,,0.0,,1.0,,1.0,,1.0,,0.0,,0.875,,0.0,,0.875,,0.875,,0.125,,False,"[""undefined_precision"", ""recommendations"", ""recommending_runs"", ""coverage"", ""precision"", ""abstention""]"
divergence-horizon-q0.25-h20,2,light,blocked_ew,rate-only,20,0,9,0,20,7.0,0.875,,1.0,,0.0,,0.0,,0.125,,0.1875,,0.875,,1.0,,0.0,,0.875,,0.0,,1.21875,,True,[]
divergence-horizon-q0.25-h20,2,light,none,aligned-control,20,1,0,1,19,1.0,0.125,,1.0,,0.0,,0.0,,0.875,,1.0,,1.0,,1.0,,0.4375,,0.125,,0.0,,0.0,,False,"[""undefined_precision"", ""recommendations"", ""coverage"", ""abstention""]"
divergence-horizon-q0.25-h20,2,light,none,combined-rate-plus-incident,20,7,0,1,13,1.0,0.125,,0.75,,0.0,,0.5,,0.875,,1.0,,0.75,,0.75,,0.46875,,0.125,,0.125,,0.5,,False,"[""undefined_precision"", ""recommendations"", ""coverage"", ""precision"", ""abstention""]"
divergence-horizon-q0.25-h20,2,light,none,heterogeneity-only,20,5,0,3,15,1.0,0.125,,1.0,,0.0,,0.0,,0.875,,0.875,,0.875,,0.875,,0.4375,,0.125,,0.0,,0.15625,,False,"[""undefined_precision"", ""recommendations"", ""coverage"", ""abstention""]"
divergence-horizon-q0.25-h20,2,light,none,incident-knowledge-only,20,1,0,1,19,1.0,0.125,,1.0,,0.0,,0.0,,0.875,,1.0,,1.0,,1.0,,0.4375,,0.125,,0.0,,0.0,,False,"[""undefined_precision"", ""recommendations"", ""coverage"", ""abstention""]"
divergence-horizon-q0.25-h20,2,light,none,rate-only,20,7,0,1,13,1.0,0.125,,0.75,,0.0,,0.5,,0.875,,1.0,,0.75,,0.75,,0.46875,,0.125,,0.125,,0.5,,False,"[""undefined_precision"", ""recommendations"", ""coverage"", ""precision"", ""abstention""]"
divergence-horizon-q0.25-h20,2,peak,blocked_ew,aligned-control,20,0,0,0,20,4.0,0.5,,1.0,,0.0,,0.0,,0.5,,1.0,,1.0,,1.0,,0.375,,0.5,,0.0,,0.0,,True,[]
divergence-horizon-q0.25-h20,2,peak,blocked_ew,combined-rate-plus-incident,20,20,0,0,0,0.0,0.0,,0.0,,0.0,,1.0,,1.0,,0.75,,0.5,,0.5,,0.59375,,0.5,,0.5,,3.375,,False,"[""undefined_precision"", ""recommendations"", ""recommending_runs"", ""coverage"", ""precision"", ""abstention""]"
divergence-horizon-q0.25-h20,2,peak,blocked_ew,heterogeneity-only,20,0,0,0,20,4.5,0.5625,,1.0,,0.0,,0.0,,0.4375,,0.5,,1.0,,0.875,,0.3125,,0.5625,,0.0,,0.46875,,True,[]
divergence-horizon-q0.25-h20,2,peak,blocked_ew,incident-knowledge-only,20,20,0,0,0,0.0,0.0,,0.0,,0.0,,1.0,,1.0,,0.5,,0.5,,0.75,,0.59375,,0.5,,0.5,,0.84375,,False,"[""undefined_precision"", ""recommendations"", ""recommending_runs"", ""coverage"", ""precision"", ""abstention""]"
divergence-horizon-q0.25-h20,2,peak,blocked_ew,rate-only,20,0,0,0,20,2.0,0.25,,1.0,,0.0,,0.6,,0.75,,0.5,,1.0,,0.5,,0.375,,0.5,,0.375,,1.96875,,False,"[""abstention""]"
divergence-horizon-q0.25-h20,2,peak,none,aligned-control,20,14,0,0,6,0.0,0.0,,0.0,,0.0,,1.0,,1.0,,1.0,,1.0,,1.0,,0.21875,,0.5,,0.5,,0.0,,False,"[""undefined_precision"", ""recommendations"", ""recommending_runs"", ""coverage"", ""precision"", ""abstention""]"
divergence-horizon-q0.25-h20,2,peak,none,combined-rate-plus-incident,20,20,0,0,0,0.0,0.0,,0.0,,0.0,,1.0,,1.0,,0.625,,0.875,,0.5,,0.25,,0.5,,0.5,,2.4375,,False,"[""undefined_precision"", ""recommendations"", ""recommending_runs"", ""coverage"", ""precision"", ""abstention""]"
divergence-horizon-q0.25-h20,2,peak,none,heterogeneity-only,20,15,0,0,5,0.0,0.0,,0.0,,0.0,,1.0,,1.0,,0.625,,1.0,,0.8125,,0.3125,,0.5,,0.5,,0.546875,,False,"[""undefined_precision"", ""recommendations"", ""recommending_runs"", ""coverage"", ""precision"", ""abstention""]"
divergence-horizon-q0.25-h20,2,peak,none,incident-knowledge-only,20,14,0,0,6,0.0,0.0,,0.0,,0.0,,1.0,,1.0,,1.0,,1.0,,1.0,,0.21875,,0.5,,0.5,,0.0,,False,"[""undefined_precision"", ""recommendations"", ""recommending_runs"", ""coverage"", ""precision"", ""abstention""]"
divergence-horizon-q0.25-h20,2,peak,none,rate-only,20,20,0,0,0,0.0,0.0,,0.0,,0.0,,1.0,,1.0,,0.625,,0.875,,0.5,,0.25,,0.5,,0.5,,2.4375,,False,"[""undefined_precision"", ""recommendations"", ""recommending_runs"", ""coverage"", ""precision"", ""abstention""]"
divergence-horizon-q0.25-h20,6,light,blocked_ew,aligned-control,20,15,8,0,5,0.0,0.0,,0.0,,0.0,,1.0,,1.0,,1.0,,1.0,,1.0,,0.0,,0.875,,0.875,,0.0,,False,"[""undefined_precision"", ""recommendations"", ""recommending_runs"", ""coverage"", ""precision"", ""abstention""]"
divergence-horizon-q0.25-h20,6,light,blocked_ew,combined-rate-plus-incident,20,20,8,0,0,0.0,0.0,,0.0,,0.0,,1.0,,1.0,,1.0,,0.0,,0.875,,0.7499999999999998,,0.875,,0.875,,4.135416666666666,,False,"[""undefined_precision"", ""recommendations"", ""recommending_runs"", ""coverage"", ""precision"", ""abstention""]"
divergence-horizon-q0.25-h20,6,light,blocked_ew,heterogeneity-only,20,15,9,0,5,0.0,0.0,,0.0,,0.0,,1.0,,1.0,,0.25,,1.0,,1.0,,0.0,,0.875,,0.875,,0.3489583333333336,,False,"[""undefined_precision"", ""recommendations"", ""recommending_runs"", ""coverage"", ""precision"", ""abstention""]"
divergence-horizon-q0.25-h20,6,light,blocked_ew,incident-knowledge-only,20,20,8,0,0,0.0,0.0,,0.0,,0.0,,1.0,,1.0,,1.0,,0.0,,0.875,,0.14583333333333326,,0.875,,0.875,,0.4375000000000001,,False,"[""undefined_precision"", ""recommendations"", ""recommending_runs"", ""coverage"", ""precision"", ""abstention""]"
divergence-horizon-q0.25-h20,6,light,blocked_ew,rate-only,20,15,8,0,5,0.0,0.0,,0.0,,0.0,,1.0,,1.0,,0.125,,0.9375,,1.0,,0.0,,0.875,,0.875,,2.1562499999999996,,False,"[""undefined_precision"", ""recommendations"", ""recommending_runs"", ""coverage"", ""precision"", ""abstention""]"
divergence-horizon-q0.25-h20,6,light,none,aligned-control,20,12,1,3,8,0.0,0.0,,0.0,,0.0,,0.5833333333333333,,1.0,,1.0,,1.0,,1.0,,0.8020833333333334,,0.1875,,0.125,,0.0,,False,"[""undefined_precision"", ""recommendations"", ""recommending_runs"", ""coverage"", ""precision"", ""abstention""]"
divergence-horizon-q0.25-h20,6,light,none,combined-rate-plus-incident,20,11,1,3,9,0.0,0.0,,0.0,,0.0,,0.6666666666666666,,1.0,,0.5,,1.0,,0.9375,,0.8020833333333334,,0.1875,,0.125,,0.35416666666666674,,False,"[""undefined_precision"", ""recommendations"", ""recommending_runs"", ""coverage"", ""precision"", ""abstention""]"
divergence-horizon-q0.25-h20,6,light,none,heterogeneity-only,20,11,0,5,9,0.0,0.0,,0.0,,0.0,,0.3333333333333333,,1.0,,0.5,,1.0,,0.875,,0.7916666666666667,,0.25,,0.125,,0.1041666666666667,,False,"[""undefined_precision"", ""recommendations"", ""recommending_runs"", ""coverage"", ""precision"", ""abstention""]"
divergence-horizon-q0.25-h20,6,light,none,incident-knowledge-only,20,12,1,3,8,0.0,0.0,,0.0,,0.0,,0.5833333333333333,,1.0,,1.0,,1.0,,1.0,,0.8020833333333334,,0.1875,,0.125,,0.0,,False,"[""undefined_precision"", ""recommendations"", ""recommending_runs"", ""coverage"", ""precision"", ""abstention""]"
divergence-horizon-q0.25-h20,6,light,none,rate-only,20,11,1,3,9,0.0,0.0,,0.0,,0.0,,0.6666666666666666,,1.0,,0.5,,1.0,,0.9375,,0.8020833333333334,,0.1875,,0.125,,0.35416666666666674,,False,"[""undefined_precision"", ""recommendations"", ""recommending_runs"", ""coverage"", ""precision"", ""abstention""]"
divergence-horizon-q0.25-h20,6,peak,blocked_ew,aligned-control,20,20,0,0,0,0.0,0.0,,0.0,,0.0,,1.0,,1.0,,1.0,,1.0,,1.0,,0.7499999999999999,,0.625,,0.625,,0.0,,False,"[""undefined_precision"", ""recommendations"", ""recommending_runs"", ""coverage"", ""precision"", ""abstention""]"
divergence-horizon-q0.25-h20,6,peak,blocked_ew,combined-rate-plus-incident,20,20,0,0,0,0.0,0.0,,0.0,,0.0,,1.0,,1.0,,0.625,,0.25,,0.625,,1.34375,,0.625,,0.625,,7.364583333333334,,False,"[""undefined_precision"", ""recommendations"", ""recommending_runs"", ""coverage"", ""precision"", ""abstention""]"
divergence-horizon-q0.25-h20,6,peak,blocked_ew,heterogeneity-only,20,20,0,0,0,0.0,0.0,,0.0,,0.0,,1.0,,1.0,,0.25,,1.0,,1.0,,0.5729166666666667,,0.6875,,0.6875,,0.5937499999999991,,False,"[""undefined_precision"", ""recommendations"", ""recommending_runs"", ""coverage"", ""precision"", ""abstention""]"
divergence-horizon-q0.25-h20,6,peak,blocked_ew,incident-knowledge-only,20,20,0,0,0,0.0,0.0,,0.0,,0.0,,1.0,,1.0,,0.625,,0.375,,0.8125,,1.3437499999999996,,0.625,,0.625,,1.53125,,False,"[""undefined_precision"", ""recommendations"", ""recommending_runs"", ""coverage"", ""precision"", ""abstention""]"
divergence-horizon-q0.25-h20,6,peak,blocked_ew,rate-only,20,20,0,0,0,0.0,0.0,,0.0,,0.0,,1.0,,1.0,,0.3125,,1.0,,0.625,,0.7499999999999999,,0.625,,0.625,,5.041666666666667,,False,"[""undefined_precision"", ""recommendations"", ""recommending_runs"", ""coverage"", ""precision"", ""abstention""]"
divergence-horizon-q0.25-h20,6,peak,none,aligned-control,20,20,0,0,0,0.0,0.0,,0.0,,0.0,,1.0,,1.0,,1.0,,1.0,,1.0,,0.6562499999999999,,0.5,,0.5,,0.0,,False,"[""undefined_precision"", ""recommendations"", ""recommending_runs"", ""coverage"", ""precision"", ""abstention""]"
divergence-horizon-q0.25-h20,6,peak,none,combined-rate-plus-incident,20,20,0,0,0,0.0,0.0,,0.0,,0.0,,1.0,,1.0,,0.5625,,0.6875,,0.5,,0.8333333333333344,,0.5,,0.5,,5.28125,,False,"[""undefined_precision"", ""recommendations"", ""recommending_runs"", ""coverage"", ""precision"", ""abstention""]"
divergence-horizon-q0.25-h20,6,peak,none,heterogeneity-only,20,20,0,1,0,0.0,0.0,,0.0,,0.0,,1.0,,1.0,,0.625,,1.0,,0.875,,0.6406250000000004,,0.5,,0.5,,0.7187499999999998,,False,"[""undefined_precision"", ""recommendations"", ""recommending_runs"", ""coverage"", ""precision"", ""abstention""]"
divergence-horizon-q0.25-h20,6,peak,none,incident-knowledge-only,20,20,0,0,0,0.0,0.0,,0.0,,0.0,,1.0,,1.0,,1.0,,1.0,,1.0,,0.6562499999999999,,0.5,,0.5,,0.0,,False,"[""undefined_precision"", ""recommendations"", ""recommending_runs"", ""coverage"", ""precision"", ""abstention""]"
divergence-horizon-q0.25-h20,6,peak,none,rate-only,20,20,0,0,0,0.0,0.0,,0.0,,0.0,,1.0,,1.0,,0.5625,,0.6875,,0.5,,0.8333333333333344,,0.5,,0.5,,5.28125,,False,"[""undefined_precision"", ""recommendations"", ""recommending_runs"", ""coverage"", ""precision"", ""abstention""]"
divergence-horizon-q0.25-h20,20,light,blocked_ew,aligned-control,20,19,12,0,1,0.0,0.0,,0.0,,0.0,,1.0,,1.0,,1.0,,1.0,,1.0,,0.0,,1.0,,1.0,,0.0,,False,"[""undefined_precision"", ""recommendations"", ""recommending_runs"", ""coverage"", ""precision"", ""abstention""]"
divergence-horizon-q0.25-h20,20,light,blocked_ew,combined-rate-plus-incident,20,20,11,0,0,0.0,0.0,,0.0,,0.0,,1.0,,1.0,,1.0,,0.0,,1.0,,1.5812499999999998,,1.0,,1.0,,10.671875,,False,"[""undefined_precision"", ""recommendations"", ""recommending_runs"", ""coverage"", ""precision"", ""abstention""]"
divergence-horizon-q0.25-h20,20,light,blocked_ew,heterogeneity-only,20,20,10,0,0,0.0,0.0,,0.0,,0.0,,1.0,,1.0,,0.125,,1.0,,1.0,,0.025000000000000022,,0.9375,,0.9375,,0.3328125000000002,,False,"[""undefined_precision"", ""recommendations"", ""recommending_runs"", ""coverage"", ""precision"", ""abstention""]"
divergence-horizon-q0.25-h20,20,light,blocked_ew,incident-knowledge-only,20,20,11,0,0,0.0,0.0,,0.0,,0.0,,1.0,,1.0,,1.0,,0.0,,1.0,,1.0562500000000004,,1.0,,1.0,,3.871875,,False,"[""undefined_precision"", ""recommendations"", ""recommending_runs"", ""coverage"", ""precision"", ""abstention""]"
divergence-horizon-q0.25-h20,20,light,blocked_ew,rate-only,20,19,12,0,1,0.0,0.0,,0.0,,0.0,,1.0,,1.0,,0.125,,1.0,,1.0,,0.0,,1.0,,1.0,,2.1343749999999995,,False,"[""undefined_precision"", ""recommendations"", ""recommending_runs"", ""coverage"", ""precision"", ""abstention""]"
divergence-horizon-q0.25-h20,20,light,none,aligned-control,20,20,2,1,0,0.0,0.0,,0.0,,0.0,,1.0,,1.0,,1.0,,1.0,,1.0,,0.39062499999999994,,0.625,,0.625,,0.0,,False,"[""undefined_precision"", ""recommendations"", ""recommending_runs"", ""coverage"", ""precision"", ""abstention""]"
divergence-horizon-q0.25-h20,20,light,none,combined-rate-plus-incident,20,20,2,1,0,0.0,0.0,,0.0,,0.0,,1.0,,1.0,,0.125,,1.0,,1.0,,0.39062499999999994,,0.625,,0.625,,0.19687499999999997,,False,"[""undefined_precision"", ""recommendations"", ""recommending_runs"", ""coverage"", ""precision"", ""abstention""]"
divergence-horizon-q0.25-h20,20,light,none,heterogeneity-only,20,20,3,1,0,0.0,0.0,,0.0,,0.0,,1.0,,1.0,,0.375,,1.0,,1.0,,0.3109375,,0.625,,0.625,,0.043750000000000025,,False,"[""undefined_precision"", ""recommendations"", ""recommending_runs"", ""coverage"", ""precision"", ""abstention""]"
divergence-horizon-q0.25-h20,20,light,none,incident-knowledge-only,20,20,2,1,0,0.0,0.0,,0.0,,0.0,,1.0,,1.0,,1.0,,1.0,,1.0,,0.39062499999999994,,0.625,,0.625,,0.0,,False,"[""undefined_precision"", ""recommendations"", ""recommending_runs"", ""coverage"", ""precision"", ""abstention""]"
divergence-horizon-q0.25-h20,20,light,none,rate-only,20,20,2,1,0,0.0,0.0,,0.0,,0.0,,1.0,,1.0,,0.125,,1.0,,1.0,,0.39062499999999994,,0.625,,0.625,,0.19687499999999997,,False,"[""undefined_precision"", ""recommendations"", ""recommending_runs"", ""coverage"", ""precision"", ""abstention""]"
divergence-horizon-q0.25-h20,20,peak,blocked_ew,aligned-control,20,20,0,0,0,0.0,0.0,,0.0,,0.0,,1.0,,1.0,,1.0,,1.0,,1.0,,1.35,,0.75,,0.75,,0.0,,False,"[""undefined_precision"", ""recommendations"", ""recommending_runs"", ""coverage"", ""precision"", ""abstention""]"
divergence-horizon-q0.25-h20,20,peak,blocked_ew,combined-rate-plus-incident,20,20,0,0,0,0.0,0.0,,0.0,,0.0,,1.0,,1.0,,0.75,,0.0,,0.75,,2.7281250000000004,,0.75,,0.75,,19.124999999999993,,False,"[""undefined_precision"", ""recommendations"", ""recommending_runs"", ""coverage"", ""precision"", ""abstention""]"
divergence-horizon-q0.25-h20,20,peak,blocked_ew,heterogeneity-only,20,20,0,0,0,0.0,0.0,,0.0,,0.0,,1.0,,1.0,,0.125,,1.0,,1.0,,1.2968749999999991,,0.75,,0.75,,1.2125000000000008,,False,"[""undefined_precision"", ""recommendations"", ""recommending_runs"", ""coverage"", ""precision"", ""abstention""]"
divergence-horizon-q0.25-h20,20,peak,blocked_ew,incident-knowledge-only,20,20,0,0,0,0.0,0.0,,0.0,,0.0,,1.0,,1.0,,0.75,,0.25,,1.0,,1.4375000000000004,,0.75,,0.75,,1.3968749999999996,,False,"[""undefined_precision"", ""recommendations"", ""recommending_runs"", ""coverage"", ""precision"", ""abstention""]"
divergence-horizon-q0.25-h20,20,peak,blocked_ew,rate-only,20,20,0,0,0,0.0,0.0,,0.0,,0.0,,1.0,,1.0,,0.125,,1.0,,0.75,,1.35,,0.75,,0.75,,13.693749999999994,,False,"[""undefined_precision"", ""recommendations"", ""recommending_runs"", ""coverage"", ""precision"", ""abstention""]"
divergence-horizon-q0.25-h20,20,peak,none,aligned-control,20,20,0,2,0,0.0,0.0,,0.0,,0.0,,1.0,,1.0,,1.0,,1.0,,1.0,,2.1937499999999996,,0.1875,,0.1875,,0.0,,False,"[""undefined_precision"", ""recommendations"", ""recommending_runs"", ""coverage"", ""precision"", ""abstention""]"
divergence-horizon-q0.25-h20,20,peak,none,combined-rate-plus-incident,20,20,0,2,0,0.0,0.0,,0.0,,0.0,,1.0,,1.0,,0.375,,0.5,,0.375,,2.340625,,0.1875,,0.1875,,11.734375,,False,"[""undefined_precision"", ""recommendations"", ""recommending_runs"", ""coverage"", ""precision"", ""abstention""]"
divergence-horizon-q0.25-h20,20,peak,none,heterogeneity-only,20,20,0,0,0,0.0,0.0,,0.0,,0.0,,1.0,,1.0,,0.625,,1.0,,0.875,,2.0734375,,0.125,,0.125,,1.1093750000000013,,False,"[""undefined_precision"", ""recommendations"", ""recommending_runs"", ""coverage"", ""precision"", ""abstention""]"
divergence-horizon-q0.25-h20,20,peak,none,incident-knowledge-only,20,20,0,2,0,0.0,0.0,,0.0,,0.0,,1.0,,1.0,,1.0,,1.0,,1.0,,2.1937499999999996,,0.1875,,0.1875,,0.0,,False,"[""undefined_precision"", ""recommendations"", ""recommending_runs"", ""coverage"", ""precision"", ""abstention""]"
divergence-horizon-q0.25-h20,20,peak,none,rate-only,20,20,0,2,0,0.0,0.0,,0.0,,0.0,,1.0,,1.0,,0.375,,0.5,,0.375,,2.340625,,0.1875,,0.1875,,11.734375,,False,"[""undefined_precision"", ""recommendations"", ""recommending_runs"", ""coverage"", ""precision"", ""abstention""]"
divergence-q0.5,2,light,blocked_ew,aligned-control,20,0,9,0,20,7.0,0.875,"[0.75, 1.0]",1.0,"[1.0, 1.0]",0.0,"[0.0, 0.0]",0.0,"[0.0, 0.0]",0.125,"[0.0, 0.25]",1.0,"[1.0, 1.0]",1.0,"[1.0, 1.0]",1.0,"[1.0, 1.0]",0.0,"[0.0, 0.0625]",0.875,"[0.75, 1.0]",0.0,"[0.0, 0.0]",0.0,"[0.0, 0.0]",True,[]
divergence-q0.5,2,light,blocked_ew,combined-rate-plus-incident,20,20,7,0,0,0.0,0.0,"[0.0, 0.0]",0.0,"[0.0, 0.0]",0.0,"[0.0, 0.0]",1.0,"[1.0, 1.0]",1.0,"[1.0, 1.0]",1.0,"[0.875, 1.0]",0.0,"[0.0, 0.0]",0.875,"[0.75, 1.0]",0.1875,"[0.125, 0.21875]",0.875,"[0.75, 1.0]",0.875,"[0.75, 1.0]",1.625,"[1.5, 1.8125]",False,"[""undefined_precision"", ""recommendations"", ""recommending_runs"", ""coverage"", ""precision"", ""abstention""]"
divergence-q0.5,2,light,blocked_ew,heterogeneity-only,20,0,5,0,20,7.0,0.875,"[0.875, 0.875]",1.0,"[1.0, 1.0]",0.0,"[0.0, 0.0]",0.0,"[0.0, 0.0]",0.125,"[0.125, 0.125]",0.4375,"[0.25, 0.5]",1.0,"[1.0, 1.0]",1.0,"[1.0, 1.0]",0.0,"[0.0, 0.0625]",0.875,"[0.875, 0.875]",0.0,"[0.0, 0.0]",0.25,"[0.21875, 0.34375]",True,[]
divergence-q0.5,2,light,blocked_ew,incident-knowledge-only,20,20,9,0,0,0.0,0.0,"[0.0, 0.0]",0.0,"[0.0, 0.0]",0.0,"[0.0, 0.0]",1.0,"[1.0, 1.0]",1.0,"[1.0, 1.0]",1.0,"[0.875, 1.0]",0.0,"[0.0, 0.0]",0.875,"[0.875, 1.0]",0.0,"[0.0, 0.15625]",0.875,"[0.75, 1.0]",0.875,"[0.75, 1.0]",0.125,"[0.0625, 0.28125]",False,"[""undefined_precision"", ""recommendations"", ""recommending_runs"", ""coverage"", ""precision"", ""abstention""]"
divergence-q0.5,2,light,blocked_ew,rate-only,20,0,9,0,20,7.0,0.875,"[0.75, 1.0]",1.0,"[1.0, 1.0]",0.0,"[0.0, 0.0]",0.0,"[0.0, 0.0]",0.125,"[0.0, 0.25]",0.1875,"[0.125, 0.25]",0.875,"[0.875, 1.0]",1.0,"[0.875, 1.0]",0.0,"[0.0, 0.0625]",0.875,"[0.75, 1.0]",0.0,"[0.0, 0.0]",1.21875,"[1.03125, 1.25]",True,[]
divergence-q0.5,2,light,none,aligned-control,20,1,0,1,19,1.0,0.125,"[0.125, 0.25]",1.0,"[1.0, 1.0]",0.0,"[0.0, 0.0]",0.0,"[0.0, 0.0]",0.875,"[0.75, 0.875]",1.0,"[1.0, 1.0]",1.0,"[1.0, 1.0]",1.0,"[1.0, 1.0]",0.4375,"[0.34375, 0.5]",0.125,"[0.125, 0.25]",0.0,"[0.0, 0.0]",0.0,"[0.0, 0.0]",False,"[""undefined_precision"", ""recommendations"", ""coverage"", ""abstention""]"
divergence-q0.5,2,light,none,combined-rate-plus-incident,20,5,0,1,15,1.0,0.125,"[0.125, 0.25]",1.0,"[0.0, 1.0]",0.0,"[0.0, 0.0]",0.0,"[0.0, 0.75]",0.875,"[0.75, 0.875]",1.0,"[0.875, 1.0]",0.75,"[0.625, 0.875]",0.75,"[0.75, 0.875]",0.46875,"[0.34375, 0.5]",0.125,"[0.125, 0.25]",0.0,"[0.0, 0.125]",0.5,"[0.40625, 0.53125]",False,"[""undefined_precision"", ""recommendations"", ""coverage"", ""abstention""]"
divergence-q0.5,2,light,none,heterogeneity-only,20,4,0,3,16,1.0,0.125,"[0.125, 0.1875]",1.0,"[1.0, 1.0]",0.0,"[0.0, 0.0]",0.0,"[0.0, 0.0]",0.875,"[0.8125, 0.875]",0.875,"[0.75, 0.9375]",0.875,"[0.75, 0.875]",0.875,"[0.75, 0.875]",0.4375,"[0.40625, 0.5]",0.125,"[0.125, 0.25]",0.0,"[0.0, 0.0]",0.15625,"[0.109375, 0.1875]",False,"[""undefined_precision"", ""recommendations"", ""coverage"", ""abstention""]"
divergence-q0.5,2,light,none,incident-knowledge-only,20,1,0,1,19,1.0,0.125,"[0.125, 0.25]",1.0,"[1.0, 1.0]",0.0,"[0.0, 0.0]",0.0,"[0.0, 0.0]",0.875,"[0.75, 0.875]",1.0,"[1.0, 1.0]",1.0,"[1.0, 1.0]",1.0,"[1.0, 1.0]",0.4375,"[0.34375, 0.5]",0.125,"[0.125, 0.25]",0.0,"[0.0, 0.0]",0.0,"[0.0, 0.0]",False,"[""undefined_precision"", ""recommendations"", ""coverage"", ""abstention""]"
divergence-q0.5,2,light,none,rate-only,20,5,0,1,15,1.0,0.125,"[0.125, 0.25]",1.0,"[0.0, 1.0]",0.0,"[0.0, 0.0]",0.0,"[0.0, 0.75]",0.875,"[0.75, 0.875]",1.0,"[0.875, 1.0]",0.75,"[0.625, 0.875]",0.75,"[0.75, 0.875]",0.46875,"[0.34375, 0.5]",0.125,"[0.125, 0.25]",0.0,"[0.0, 0.125]",0.5,"[0.40625, 0.53125]",False,"[""undefined_precision"", ""recommendations"", ""coverage"", ""abstention""]"
divergence-q0.5,2,peak,blocked_ew,aligned-control,20,0,0,0,20,4.0,0.5,"[0.5, 0.625]",1.0,"[1.0, 1.0]",0.0,"[0.0, 0.0]",0.0,"[0.0, 0.0]",0.5,"[0.375, 0.5]",1.0,"[1.0, 1.0]",1.0,"[1.0, 1.0]",1.0,"[1.0, 1.0]",0.375,"[0.25, 0.375]",0.5,"[0.5, 0.625]",0.0,"[0.0, 0.0]",0.0,"[0.0, 0.0]",True,[]
divergence-q0.5,2,peak,blocked_ew,combined-rate-plus-incident,20,20,0,0,0,0.0,0.0,"[0.0, 0.0]",0.0,"[0.0, 0.0]",0.0,"[0.0, 0.0]",1.0,"[1.0, 1.0]",1.0,"[1.0, 1.0]",0.75,"[0.75, 0.75]",0.5,"[0.5, 0.625]",0.5,"[0.5, 0.625]",0.59375,"[0.5, 0.625]",0.5,"[0.5, 0.625]",0.5,"[0.5, 0.625]",3.375,"[3.28125, 3.4375]",False,"[""undefined_precision"", ""recommendations"", ""recommending_runs"", ""coverage"", ""precision"", ""abstention""]"
divergence-q0.5,2,peak,blocked_ew,heterogeneity-only,20,0,0,0,20,4.5,0.5625,"[0.5, 0.625]",1.0,"[1.0, 1.0]",0.0,"[0.0, 0.0]",0.0,"[0.0, 0.0]",0.4375,"[0.375, 0.5]",0.5,"[0.375, 0.625]",1.0,"[1.0, 1.0]",0.875,"[0.875, 1.0]",0.3125,"[0.296875, 0.390625]",0.5625,"[0.5, 0.625]",0.0,"[0.0, 0.0]",0.46875,"[0.359375, 0.625]",True,[]
divergence-q0.5,2,peak,blocked_ew,incident-knowledge-only,20,20,0,0,0,0.0,0.0,"[0.0, 0.0]",0.0,"[0.0, 0.0]",0.0,"[0.0, 0.0]",1.0,"[1.0, 1.0]",1.0,"[1.0, 1.0]",0.5,"[0.5, 0.625]",0.5,"[0.5, 0.625]",0.75,"[0.75, 0.75]",0.59375,"[0.5, 0.625]",0.5,"[0.5, 0.625]",0.5,"[0.5, 0.625]",0.84375,"[0.78125, 0.875]",False,"[""undefined_precision"", ""recommendations"", ""recommending_runs"", ""coverage"", ""precision"", ""abstention""]"
divergence-q0.5,2,peak,blocked_ew,rate-only,20,0,0,0,20,4.0,0.5,"[0.5, 0.625]",1.0,"[1.0, 1.0]",0.0,"[0.0, 0.0]",0.0,"[0.0, 0.0]",0.5,"[0.375, 0.5]",0.5,"[0.375, 0.5]",1.0,"[1.0, 1.0]",0.5,"[0.5, 0.625]",0.375,"[0.25, 0.375]",0.5,"[0.5, 0.625]",0.0,"[0.0, 0.0]",1.96875,"[1.9375, 2.0]",True,[]
divergence-q0.5,2,peak,none,aligned-control,20,0,0,0,20,4.0,0.5,"[0.4375, 0.625]",1.0,"[1.0, 1.0]",0.0,"[0.0, 0.0]",0.0,"[0.0, 0.0]",0.5,"[0.4375, 0.5625]",1.0,"[1.0, 1.0]",1.0,"[1.0, 1.0]",1.0,"[1.0, 1.0]",0.21875,"[0.1875, 0.3125]",0.5,"[0.4375, 0.5625]",0.0,"[0.0, 0.0]",0.0,"[0.0, 0.0]",True,[]
divergence-q0.5,2,peak,none,combined-rate-plus-incident,20,0,0,0,20,4.0,0.5,"[0.375, 0.5]",1.0,"[1.0, 1.0]",0.0,"[0.0, 0.0]",0.0,"[0.0, 0.0]",0.5,"[0.5, 0.625]",0.625,"[0.5, 0.625]",0.875,"[0.75, 0.875]",0.5,"[0.4375, 0.5625]",0.25,"[0.1875, 0.375]",0.5,"[0.4375, 0.5625]",0.0,"[0.0, 0.0]",2.4375,"[2.1875, 2.53125]",True,[]
divergence-q0.5,2,peak,none,heterogeneity-only,20,0,0,0,20,4.0,0.5,"[0.375, 0.625]",1.0,"[1.0, 1.0]",0.0,"[0.0, 0.0]",0.0,"[0.0, 0.0]",0.5,"[0.375, 0.625]",0.625,"[0.5, 0.6875]",1.0,"[1.0, 1.0]",0.8125,"[0.75, 0.875]",0.3125,"[0.21875, 0.40625]",0.5,"[0.375, 0.625]",0.0,"[0.0, 0.0]",0.546875,"[0.421875, 0.671875]",True,[]
divergence-q0.5,2,peak,none,incident-knowledge-only,20,0,0,0,20,4.0,0.5,"[0.4375, 0.5625]",1.0,"[1.0, 1.0]",0.0,"[0.0, 0.0]",0.0,"[0.0, 0.0]",0.5,"[0.4375, 0.5625]",1.0,"[1.0, 1.0]",1.0,"[1.0, 1.0]",1.0,"[1.0, 1.0]",0.21875,"[0.1875, 0.3125]",0.5,"[0.4375, 0.5625]",0.0,"[0.0, 0.0]",0.0,"[0.0, 0.0]",True,[]
divergence-q0.5,2,peak,none,rate-only,20,0,0,0,20,4.0,0.5,"[0.375, 0.5]",1.0,"[1.0, 1.0]",0.0,"[0.0, 0.0]",0.0,"[0.0, 0.0]",0.5,"[0.5, 0.625]",0.625,"[0.5, 0.625]",0.875,"[0.75, 0.875]",0.5,"[0.4375, 0.5625]",0.25,"[0.1875, 0.375]",0.5,"[0.4375, 0.5625]",0.0,"[0.0, 0.0]",2.4375,"[2.1875, 2.53125]",True,[]
divergence-q0.5,6,light,blocked_ew,aligned-control,20,0,8,0,20,3.0,0.375,"[0.25, 0.375]",1.0,"[1.0, 1.0]",0.0,"[0.0, 0.0]",0.625,"[0.5714285714285714, 0.7142857142857143]",0.625,"[0.625, 0.75]",1.0,"[1.0, 1.0]",1.0,"[1.0, 1.0]",1.0,"[1.0, 1.0]",0.0,"[0.0, 0.11458333333333343]",0.875,"[0.875, 1.0]",0.625,"[0.5, 0.625]",0.0,"[0.0, 0.0]",True,[]
divergence-q0.5,6,light,blocked_ew,combined-rate-plus-incident,20,20,8,0,0,0.0,0.0,"[0.0, 0.0]",0.0,"[0.0, 0.0]",0.0,"[0.0, 0.0]",1.0,"[1.0, 1.0]",1.0,"[1.0, 1.0]",1.0,"[0.875, 1.0]",0.0,"[0.0, 0.0]",0.875,"[0.875, 1.0]",0.7499999999999998,"[0.6458333333333333, 0.9791666666666667]",0.875,"[0.875, 1.0]",0.875,"[0.875, 1.0]",4.135416666666666,"[4.041666666666666, 4.322916666666666]",False,"[""undefined_precision"", ""recommendations"", ""recommending_runs"", ""coverage"", ""precision"", ""abstention""]"
divergence-q0.5,6,light,blocked_ew,heterogeneity-only,20,0,9,0,20,3.0,0.375,"[0.25, 0.4375]",1.0,"[1.0, 1.0]",0.0,"[0.0, 0.0]",0.625,"[0.5357142857142857, 0.7142857142857143]",0.625,"[0.5625, 0.75]",0.25,"[0.125, 0.25]",1.0,"[1.0, 1.0]",1.0,"[1.0, 1.0]",0.0,"[0.0, 0.11458333333333326]",0.875,"[0.875, 1.0]",0.625,"[0.5, 0.625]",0.3489583333333336,"[0.21875000000000022, 0.44791666666666624]",True,[]
divergence-q0.5,6,light,blocked_ew,incident-knowledge-only,20,20,8,0,0,0.0,0.0,"[0.0, 0.0]",0.0,"[0.0, 0.0]",0.0,"[0.0, 0.0]",1.0,"[1.0, 1.0]",1.0,"[1.0, 1.0]",1.0,"[0.875, 1.0]",0.0,"[0.0, 0.0]",0.875,"[0.875, 1.0]",0.14583333333333326,"[0.10416666666666655, 0.4687500000000001]",0.875,"[0.875, 1.0]",0.875,"[0.875, 1.0]",0.4375000000000001,"[0.43749999999999983, 0.8958333333333331]",False,"[""undefined_precision"", ""recommendations"", ""recommending_runs"", ""coverage"", ""precision"", ""abstention""]"
divergence-q0.5,6,light,blocked_ew,rate-only,20,0,8,0,20,2.0,0.25,"[0.25, 0.25]",1.0,"[1.0, 1.0]",0.0,"[0.0, 0.0]",0.7142857142857143,"[0.7142857142857143, 0.75]",0.75,"[0.75, 0.75]",0.125,"[0.125, 0.25]",0.9375,"[0.75, 1.0]",1.0,"[0.875, 1.0]",0.0,"[0.0, 0.11458333333333343]",0.875,"[0.875, 1.0]",0.625,"[0.625, 0.75]",2.1562499999999996,"[1.7083333333333335, 2.479166666666667]",False,"[""abstention""]"
divergence-q0.5,6,light,none,aligned-control,20,3,1,3,17,1.5,0.1875,"[0.125, 0.375]",1.0,"[1.0, 1.0]",0.0,"[0.0, 0.0]",0.0,"[0.0, 0.0]",0.8125,"[0.625, 0.875]",1.0,"[1.0, 1.0]",1.0,"[1.0, 1.0]",1.0,"[1.0, 1.0]",0.8020833333333334,"[0.5833333333333334, 0.9479166666666667]",0.1875,"[0.125, 0.375]",0.0,"[0.0, 0.0]",0.0,"[0.0, 0.0]",False,"[""undefined_precision"", ""recommendations"", ""coverage"", ""abstention""]"
divergence-q0.5,6,light,none,combined-rate-plus-incident,20,3,1,3,17,1.5,0.1875,"[0.125, 0.375]",1.0,"[1.0, 1.0]",0.0,"[0.0, 0.0]",0.0,"[0.0, 0.0]",0.8125,"[0.625, 0.875]",0.5,"[0.4375, 0.625]",1.0,"[1.0, 1.0]",0.9375,"[0.8125, 1.0]",0.8020833333333334,"[0.5833333333333334, 0.9479166666666667]",0.1875,"[0.125, 0.375]",0.0,"[0.0, 0.0]",0.35416666666666674,"[0.30208333333333337, 0.4166666666666667]",False,"[""undefined_precision"", ""recommendations"", ""coverage"", ""abstention""]"
divergence-q0.5,6,light,none,heterogeneity-only,20,5,0,5,15,2.0,0.25,"[0.125, 0.375]",1.0,"[0.9285714285714286, 1.0]",0.0,"[0.0, 0.0]",0.0,"[0.0, 0.0]",0.75,"[0.625, 0.875]",0.5,"[0.5, 0.75]",1.0,"[1.0, 1.0]",0.875,"[0.875, 1.0]",0.7916666666666667,"[0.5208333333333333, 0.890625]",0.25,"[0.125, 0.375]",0.0,"[0.0, 0.0]",0.1041666666666667,"[0.08333333333333331, 0.15104166666666663]",False,"[""undefined_precision"", ""abstention""]"
divergence-q0.5,6,light,none,incident-knowledge-only,20,3,1,3,17,1.5,0.1875,"[0.125, 0.375]",1.0,"[1.0, 1.0]",0.0,"[0.0, 0.0]",0.0,"[0.0, 0.0]",0.8125,"[0.625, 0.875]",1.0,"[1.0, 1.0]",1.0,"[1.0, 1.0]",1.0,"[1.0, 1.0]",0.8020833333333334,"[0.5833333333333334, 0.9479166666666667]",0.1875,"[0.125, 0.375]",0.0,"[0.0, 0.0]",0.0,"[0.0, 0.0]",False,"[""undefined_precision"", ""recommendations"", ""coverage"", ""abstention""]"
divergence-q0.5,6,light,none,rate-only,20,3,1,3,17,1.5,0.1875,"[0.125, 0.375]",1.0,"[1.0, 1.0]",0.0,"[0.0, 0.0]",0.0,"[0.0, 0.0]",0.8125,"[0.625, 0.875]",0.5,"[0.4375, 0.625]",1.0,"[1.0, 1.0]",0.9375,"[0.8125, 1.0]",0.8020833333333334,"[0.5833333333333334, 0.9479166666666667]",0.1875,"[0.125, 0.375]",0.0,"[0.0, 0.0]",0.35416666666666674,"[0.2916666666666667, 0.40625000000000006]",False,"[""undefined_precision"", ""recommendations"", ""coverage"", ""abstention""]"
divergence-q0.5,6,peak,blocked_ew,aligned-control,20,20,0,0,0,0.0,0.0,"[0.0, 0.0]",0.0,"[0.0, 0.0]",0.0,"[0.0, 0.0]",1.0,"[1.0, 1.0]",1.0,"[1.0, 1.0]",1.0,"[1.0, 1.0]",1.0,"[1.0, 1.0]",1.0,"[1.0, 1.0]",0.7499999999999999,"[0.5, 0.75]",0.625,"[0.625, 0.75]",0.625,"[0.625, 0.75]",0.0,"[0.0, 0.0]",False,"[""undefined_precision"", ""recommendations"", ""recommending_runs"", ""coverage"", ""precision"", ""abstention""]"
divergence-q0.5,6,peak,blocked_ew,combined-rate-plus-incident,20,20,0,0,0,0.0,0.0,"[0.0, 0.0]",0.0,"[0.0, 0.0]",0.0,"[0.0, 0.0]",1.0,"[1.0, 1.0]",1.0,"[1.0, 1.0]",0.625,"[0.625, 0.75]",0.25,"[0.1875, 0.375]",0.625,"[0.625, 0.75]",1.34375,"[1.020833333333334, 1.791666666666667]",0.625,"[0.625, 0.75]",0.625,"[0.625, 0.75]",7.364583333333334,"[7.020833333333335, 7.968750000000002]",False,"[""undefined_precision"", ""recommendations"", ""recommending_runs"", ""coverage"", ""precision"", ""abstention""]"
divergence-q0.5,6,peak,blocked_ew,heterogeneity-only,20,19,0,0,1,0.0,0.0,"[0.0, 0.0]",0.0,"[0.0, 0.0]",0.0,"[0.0, 0.0]",1.0,"[1.0, 1.0]",1.0,"[1.0, 1.0]",0.25,"[0.25, 0.375]",1.0,"[1.0, 1.0]",1.0,"[1.0, 1.0]",0.5729166666666667,"[0.47916666666666674, 0.8125000000000003]",0.6875,"[0.625, 0.75]",0.6875,"[0.625, 0.75]",0.5937499999999991,"[0.5364583333333346, 0.6562500000000013]",False,"[""undefined_precision"", ""recommendations"", ""recommending_runs"", ""coverage"", ""precision"", ""abstention""]"
divergence-q0.5,6,peak,blocked_ew,incident-knowledge-only,20,20,0,0,0,0.0,0.0,"[0.0, 0.0]",0.0,"[0.0, 0.0]",0.0,"[0.0, 0.0]",1.0,"[1.0, 1.0]",1.0,"[1.0, 1.0]",0.625,"[0.625, 0.75]",0.375,"[0.375, 0.4375]",0.8125,"[0.75, 0.875]",1.3437499999999996,"[0.895833333333333, 1.5416666666666679]",0.625,"[0.625, 0.75]",0.625,"[0.625, 0.75]",1.53125,"[1.0208333333333335, 1.8958333333333335]",False,"[""undefined_precision"", ""recommendations"", ""recommending_runs"", ""coverage"", ""precision"", ""abstention""]"
divergence-q0.5,6,peak,blocked_ew,rate-only,20,20,0,0,0,0.0,0.0,"[0.0, 0.0]",0.0,"[0.0, 0.0]",0.0,"[0.0, 0.0]",1.0,"[1.0, 1.0]",1.0,"[1.0, 1.0]",0.3125,"[0.25, 0.375]",1.0,"[1.0, 1.0]",0.625,"[0.625, 0.75]",0.7499999999999999,"[0.5, 0.75]",0.625,"[0.625, 0.75]",0.625,"[0.625, 0.75]",5.041666666666667,"[4.770833333333332, 5.125000000000003]",False,"[""undefined_precision"", ""recommendations"", ""recommending_runs"", ""coverage"", ""precision"", ""abstention""]"
divergence-q0.5,6,peak,none,aligned-control,20,20,0,0,0,0.0,0.0,"[0.0, 0.0]",0.0,"[0.0, 0.0]",0.0,"[0.0, 0.0]",1.0,"[1.0, 1.0]",1.0,"[1.0, 1.0]",1.0,"[1.0, 1.0]",1.0,"[1.0, 1.0]",1.0,"[1.0, 1.0]",0.6562499999999999,"[0.5416666666666661, 0.7291666666666665]",0.5,"[0.375, 0.5]",0.5,"[0.375, 0.5]",0.0,"[0.0, 0.0]",False,"[""undefined_precision"", ""recommendations"", ""recommending_runs"", ""coverage"", ""precision"", ""abstention""]"
divergence-q0.5,6,peak,none,combined-rate-plus-incident,20,14,0,0,6,0.0,0.0,"[0.0, 0.0625]",0.0,"[0.0, 0.0]",0.0,"[0.0, 0.07142857142857142]",1.0,"[1.0, 1.0]",1.0,"[0.9375, 1.0]",0.5625,"[0.5, 0.6875]",0.6875,"[0.625, 0.75]",0.5,"[0.375, 0.5]",0.8333333333333344,"[0.7604166666666666, 0.8750000000000001]",0.5,"[0.375, 0.5]",0.5,"[0.375, 0.5]",5.28125,"[4.71875, 5.718750000000001]",False,"[""undefined_precision"", ""recommendations"", ""recommending_runs"", ""coverage"", ""precision"", ""abstention""]"
divergence-q0.5,6,peak,none,heterogeneity-only,20,20,0,1,0,0.0,0.0,"[0.0, 0.0]",0.0,"[0.0, 0.0]",0.0,"[0.0, 0.0]",1.0,"[1.0, 1.0]",1.0,"[1.0, 1.0]",0.625,"[0.5, 0.75]",1.0,"[1.0, 1.0]",0.875,"[0.875, 1.0]",0.6406250000000004,"[0.4895833333333337, 0.9374999999999994]",0.5,"[0.25, 0.5]",0.5,"[0.25, 0.5]",0.7187499999999998,"[0.6510416666666664, 0.8124999999999996]",False,"[""undefined_precision"", ""recommendations"", ""recommending_runs"", ""coverage"", ""precision"", ""abstention""]"
divergence-q0.5,6,peak,none,incident-knowledge-only,20,20,0,0,0,0.0,0.0,"[0.0, 0.0]",0.0,"[0.0, 0.0]",0.0,"[0.0, 0.0]",1.0,"[1.0, 1.0]",1.0,"[1.0, 1.0]",1.0,"[1.0, 1.0]",1.0,"[1.0, 1.0]",1.0,"[1.0, 1.0]",0.6562499999999999,"[0.5416666666666665, 0.7291666666666665]",0.5,"[0.375, 0.5]",0.5,"[0.375, 0.5]",0.0,"[0.0, 0.0]",False,"[""undefined_precision"", ""recommendations"", ""recommending_runs"", ""coverage"", ""precision"", ""abstention""]"
divergence-q0.5,6,peak,none,rate-only,20,14,0,0,6,0.0,0.0,"[0.0, 0.0625]",0.0,"[0.0, 0.0]",0.0,"[0.0, 0.07142857142857142]",1.0,"[1.0, 1.0]",1.0,"[0.9375, 1.0]",0.5625,"[0.5, 0.6875]",0.6875,"[0.625, 0.75]",0.5,"[0.375, 0.5]",0.8333333333333344,"[0.7604166666666666, 0.8750000000000001]",0.5,"[0.375, 0.5]",0.5,"[0.375, 0.5]",5.28125,"[4.71875, 5.791666666666668]",False,"[""undefined_precision"", ""recommendations"", ""recommending_runs"", ""coverage"", ""precision"", ""abstention""]"
divergence-q0.5,20,light,blocked_ew,aligned-control,20,17,12,0,3,0.0,0.0,"[0.0, 0.0]",0.0,"[0.0, 0.0]",0.0,"[0.0, 0.0]",1.0,"[1.0, 1.0]",1.0,"[1.0, 1.0]",1.0,"[1.0, 1.0]",1.0,"[1.0, 1.0]",1.0,"[1.0, 1.0]",0.0,"[0.0, 0.06875000000000003]",1.0,"[0.875, 1.0]",0.875,"[0.875, 1.0]",0.0,"[0.0, 0.0]",False,"[""undefined_precision"", ""recommendations"", ""recommending_runs"", ""coverage"", ""precision"", ""abstention""]"
divergence-q0.5,20,light,blocked_ew,combined-rate-plus-incident,20,20,11,0,0,0.0,0.0,"[0.0, 0.0]",0.0,"[0.0, 0.0]",0.0,"[0.0, 0.0]",1.0,"[1.0, 1.0]",1.0,"[1.0, 1.0]",1.0,"[0.875, 1.0]",0.0,"[0.0, 0.0]",1.0,"[0.875, 1.0]",1.5812499999999998,"[1.0687500000000005, 2.159375]",1.0,"[0.875, 1.0]",1.0,"[0.875, 1.0]",10.671875,"[9.2, 11.73125]",False,"[""undefined_precision"", ""recommendations"", ""recommending_runs"", ""coverage"", ""precision"", ""abstention""]"
divergence-q0.5,20,light,blocked_ew,heterogeneity-only,20,16,10,0,4,0.0,0.0,"[0.0, 0.0]",0.0,"[0.0, 0.0]",0.0,"[0.0, 0.0]",1.0,"[1.0, 1.0]",1.0,"[1.0, 1.0]",0.125,"[0.125, 0.25]",1.0,"[1.0, 1.0]",1.0,"[1.0, 1.0]",0.025000000000000022,"[0.0, 0.12812500000000016]",0.9375,"[0.875, 1.0]",0.875,"[0.875, 1.0]",0.3328125000000002,"[0.2578125, 0.38906249999999987]",False,"[""undefined_precision"", ""recommendations"", ""recommending_runs"", ""coverage"", ""precision"", ""abstention""]"
divergence-q0.5,20,light,blocked_ew,incident-knowledge-only,20,20,11,0,0,0.0,0.0,"[0.0, 0.0]",0.0,"[0.0, 0.0]",0.0,"[0.0, 0.0]",1.0,"[1.0, 1.0]",1.0,"[1.0, 1.0]",1.0,"[0.875, 1.0]",0.0,"[0.0, 0.0]",1.0,"[0.875, 1.0]",1.0562500000000004,"[0.8499999999999998, 1.4343750000000002]",1.0,"[0.875, 1.0]",1.0,"[0.875, 1.0]",3.871875,"[3.4750000000000005, 4.2875]",False,"[""undefined_precision"", ""recommendations"", ""recommending_runs"", ""coverage"", ""precision"", ""abstention""]"
divergence-q0.5,20,light,blocked_ew,rate-only,20,17,12,0,3,0.0,0.0,"[0.0, 0.0]",0.0,"[0.0, 0.0]",0.0,"[0.0, 0.0]",1.0,"[1.0, 1.0]",1.0,"[1.0, 1.0]",0.125,"[0.125, 0.125]",1.0,"[1.0, 1.0]",1.0,"[1.0, 1.0]",0.0,"[0.0, 0.050000000000000044]",1.0,"[0.875, 1.0]",0.875,"[0.875, 1.0]",2.1343749999999995,"[1.478125, 2.678125]",False,"[""undefined_precision"", ""recommendations"", ""recommending_runs"", ""coverage"", ""precision"", ""abstention""]"
divergence-q0.5,20,light,none,aligned-control,20,10,2,1,10,0.5,0.0625,"[0.0, 0.125]",0.5,"[0.0, 1.0]",0.0,"[0.0, 0.0]",0.8660714285714286,"[0.8, 1.0]",0.9375,"[0.875, 1.0]",1.0,"[1.0, 1.0]",1.0,"[1.0, 1.0]",1.0,"[1.0, 1.0]",0.39062499999999994,"[0.17500000000000002, 0.590625]",0.625,"[0.375, 0.75]",0.5,"[0.375, 0.625]",0.0,"[0.0, 0.0]",False,"[""undefined_precision"", ""recommendations"", ""recommending_runs"", ""coverage"", ""precision"", ""abstention""]"
divergence-q0.5,20,light,none,combined-rate-plus-incident,20,8,2,1,12,1.0,0.125,"[0.0, 0.125]",0.5,"[0.0, 1.0]",0.0,"[0.0, 0.0]",0.8660714285714286,"[0.8, 1.0]",0.875,"[0.875, 1.0]",0.125,"[0.0, 0.125]",1.0,"[0.875, 1.0]",1.0,"[0.875, 1.0]",0.39062499999999994,"[0.17187500000000006, 0.590625]",0.625,"[0.375, 0.75]",0.5,"[0.375, 0.625]",0.19687499999999997,"[0.16874999999999996, 0.225]",False,"[""undefined_precision"", ""recommendations"", ""coverage"", ""precision"", ""abstention""]"
divergence-q0.5,20,light,none,heterogeneity-only,20,10,3,1,10,0.5,0.0625,"[0.0, 0.125]",0.5,"[0.0, 1.0]",0.0,"[0.0, 0.0]",0.8571428571428571,"[0.775, 1.0]",0.9375,"[0.875, 1.0]",0.375,"[0.375, 0.5]",1.0,"[1.0, 1.0]",1.0,"[1.0, 1.0]",0.3109375,"[0.08593749999999997, 0.5984375]",0.625,"[0.5, 0.875]",0.5625,"[0.375, 0.625]",0.043750000000000025,"[0.03906249999999998, 0.059375]",False,"[""undefined_precision"", ""recommendations"", ""recommending_runs"", ""coverage"", ""precision"", ""abstention""]"
divergence-q0.5,20,light,none,incident-knowledge-only,20,10,2,1,10,0.5,0.0625,"[0.0, 0.125]",0.5,"[0.0, 1.0]",0.0,"[0.0, 0.0]",0.8660714285714286,"[0.8, 1.0]",0.9375,"[0.875, 1.0]",1.0,"[1.0, 1.0]",1.0,"[1.0, 1.0]",1.0,"[1.0, 1.0]",0.39062499999999994,"[0.17187500000000006, 0.5999999999999999]",0.625,"[0.375, 0.75]",0.5,"[0.375, 0.625]",0.0,"[0.0, 0.0]",False,"[""undefined_precision"", ""recommendations"", ""recommending_runs"", ""coverage"", ""precision"", ""abstention""]"
divergence-q0.5,20,light,none,rate-only,20,8,2,1,12,1.0,0.125,"[0.0, 0.125]",0.5,"[0.0, 1.0]",0.0,"[0.0, 0.0]",0.8660714285714286,"[0.8, 1.0]",0.875,"[0.875, 1.0]",0.125,"[0.0, 0.125]",1.0,"[0.875, 1.0]",1.0,"[0.875, 1.0]",0.39062499999999994,"[0.17500000000000004, 0.590625]",0.625,"[0.375, 0.75]",0.5,"[0.375, 0.625]",0.19687499999999997,"[0.16249999999999992, 0.225]",False,"[""undefined_precision"", ""recommendations"", ""coverage"", ""precision"", ""abstention""]"
divergence-q0.5,20,peak,blocked_ew,aligned-control,20,20,0,0,0,0.0,0.0,"[0.0, 0.0]",0.0,"[0.0, 0.0]",0.0,"[0.0, 0.0]",1.0,"[1.0, 1.0]",1.0,"[1.0, 1.0]",1.0,"[1.0, 1.0]",1.0,"[1.0, 1.0]",1.0,"[1.0, 1.0]",1.35,"[1.1875, 1.375]",0.75,"[0.75, 0.75]",0.75,"[0.75, 0.75]",0.0,"[0.0, 0.0]",False,"[""undefined_precision"", ""recommendations"", ""recommending_runs"", ""coverage"", ""precision"", ""abstention""]"
divergence-q0.5,20,peak,blocked_ew,combined-rate-plus-incident,20,20,0,0,0,0.0,0.0,"[0.0, 0.0]",0.0,"[0.0, 0.0]",0.0,"[0.0, 0.0]",1.0,"[1.0, 1.0]",1.0,"[1.0, 1.0]",0.75,"[0.75, 0.75]",0.0,"[0.0, 0.0]",0.75,"[0.75, 0.75]",2.7281250000000004,"[2.6593750000000003, 2.934375]",0.75,"[0.75, 0.75]",0.75,"[0.75, 0.75]",19.124999999999993,"[18.346874999999997, 19.406249999999996]",False,"[""undefined_precision"", ""recommendations"", ""recommending_runs"", ""coverage"", ""precision"", ""abstention""]"
divergence-q0.5,20,peak,blocked_ew,heterogeneity-only,20,20,0,0,0,0.0,0.0,"[0.0, 0.0]",0.0,"[0.0, 0.0]",0.0,"[0.0, 0.0]",1.0,"[1.0, 1.0]",1.0,"[1.0, 1.0]",0.125,"[0.0, 0.125]",1.0,"[1.0, 1.0]",1.0,"[1.0, 1.0]",1.2968749999999991,"[1.2124999999999995, 1.3515625]",0.75,"[0.75, 0.75]",0.75,"[0.75, 0.75]",1.2125000000000008,"[0.9421875000000028, 1.331250000000003]",False,"[""undefined_precision"", ""recommendations"", ""recommending_runs"", ""coverage"", ""precision"", ""abstention""]"
divergence-q0.5,20,peak,blocked_ew,incident-knowledge-only,20,20,0,0,0,0.0,0.0,"[0.0, 0.0]",0.0,"[0.0, 0.0]",0.0,"[0.0, 0.0]",1.0,"[1.0, 1.0]",1.0,"[1.0, 1.0]",0.75,"[0.75, 0.75]",0.25,"[0.25, 0.25]",1.0,"[0.9375, 1.0]",1.4375000000000004,"[1.271875, 1.6187500000000004]",0.75,"[0.75, 0.75]",0.75,"[0.75, 0.75]",1.3968749999999996,"[1.0937500000000013, 1.7062499999999994]",False,"[""undefined_precision"", ""recommendations"", ""recommending_runs"", ""coverage"", ""precision"", ""abstention""]"
divergence-q0.5,20,peak,blocked_ew,rate-only,20,20,0,0,0,0.0,0.0,"[0.0, 0.0]",0.0,"[0.0, 0.0]",0.0,"[0.0, 0.0]",1.0,"[1.0, 1.0]",1.0,"[1.0, 1.0]",0.125,"[0.0, 0.125]",1.0,"[1.0, 1.0]",0.75,"[0.75, 0.875]",1.35,"[1.1875, 1.375]",0.75,"[0.75, 0.75]",0.75,"[0.75, 0.75]",13.693749999999994,"[13.096874999999994, 14.44375]",False,"[""undefined_precision"", ""recommendations"", ""recommending_runs"", ""coverage"", ""precision"", ""abstention""]"
divergence-q0.5,20,peak,none,aligned-control,20,20,0,2,0,0.0,0.0,"[0.0, 0.0]",0.0,"[0.0, 0.0]",0.0,"[0.0, 0.0]",1.0,"[1.0, 1.0]",1.0,"[1.0, 1.0]",1.0,"[1.0, 1.0]",1.0,"[1.0, 1.0]",1.0,"[1.0, 1.0]",2.1937499999999996,"[1.5937499999999996, 2.5124999999999984]",0.1875,"[0.125, 0.25]",0.1875,"[0.125, 0.25]",0.0,"[0.0, 0.0]",False,"[""undefined_precision"", ""recommendations"", ""recommending_runs"", ""coverage"", ""precision"", ""abstention""]"
divergence-q0.5,20,peak,none,combined-rate-plus-incident,20,20,0,2,0,0.0,0.0,"[0.0, 0.0]",0.0,"[0.0, 0.0]",0.0,"[0.0, 0.0]",1.0,"[1.0, 1.0]",1.0,"[1.0, 1.0]",0.375,"[0.3125, 0.375]",0.5,"[0.5, 0.5]",0.375,"[0.3125, 0.375]",2.340625,"[1.8375000000000004, 2.8406249999999997]",0.1875,"[0.125, 0.25]",0.1875,"[0.125, 0.25]",11.734375,"[11.071874999999999, 12.384374999999999]",False,"[""undefined_precision"", ""recommendations"", ""recommending_runs"", ""coverage"", ""precision"", ""abstention""]"
divergence-q0.5,20,peak,none,heterogeneity-only,20,20,0,0,0,0.0,0.0,"[0.0, 0.0]",0.0,"[0.0, 0.0]",0.0,"[0.0, 0.0]",1.0,"[1.0, 1.0]",1.0,"[1.0, 1.0]",0.625,"[0.5, 0.6875]",1.0,"[1.0, 1.0]",0.875,"[0.75, 0.875]",2.0734375,"[1.8218750000000004, 2.590625]",0.125,"[0.125, 0.25]",0.125,"[0.125, 0.25]",1.1093750000000013,"[0.9484374999999993, 1.2687500000000003]",False,"[""undefined_precision"", ""recommendations"", ""recommending_runs"", ""coverage"", ""precision"", ""abstention""]"
divergence-q0.5,20,peak,none,incident-knowledge-only,20,20,0,2,0,0.0,0.0,"[0.0, 0.0]",0.0,"[0.0, 0.0]",0.0,"[0.0, 0.0]",1.0,"[1.0, 1.0]",1.0,"[1.0, 1.0]",1.0,"[1.0, 1.0]",1.0,"[1.0, 1.0]",1.0,"[1.0, 1.0]",2.1937499999999996,"[1.6593750000000007, 2.5124999999999984]",0.1875,"[0.125, 0.25]",0.1875,"[0.125, 0.25]",0.0,"[0.0, 0.0]",False,"[""undefined_precision"", ""recommendations"", ""recommending_runs"", ""coverage"", ""precision"", ""abstention""]"
divergence-q0.5,20,peak,none,rate-only,20,20,0,2,0,0.0,0.0,"[0.0, 0.0]",0.0,"[0.0, 0.0]",0.0,"[0.0, 0.0]",1.0,"[1.0, 1.0]",1.0,"[1.0, 1.0]",0.375,"[0.3125, 0.375]",0.5,"[0.5, 0.5]",0.375,"[0.3125, 0.375]",2.340625,"[1.8375000000000004, 2.8406249999999997]",0.1875,"[0.125, 0.25]",0.1875,"[0.125, 0.25]",11.734375,"[10.974999999999998, 12.384374999999999]",False,"[""undefined_precision"", ""recommendations"", ""recommending_runs"", ""coverage"", ""precision"", ""abstention""]"
divergence-horizon-q0.5-h2,2,light,blocked_ew,aligned-control,20,0,9,0,20,7.0,0.875,,1.0,,0.0,,0.0,,0.125,,1.0,,1.0,,1.0,,0.0,,0.875,,0.0,,0.0,,True,[]
divergence-horizon-q0.5-h2,2,light,blocked_ew,combined-rate-plus-incident,20,20,7,0,0,0.0,0.0,,0.0,,0.0,,1.0,,1.0,,1.0,,0.0,,0.875,,0.1875,,0.875,,0.875,,1.625,,False,"[""undefined_precision"", ""recommendations"", ""recommending_runs"", ""coverage"", ""precision"", ""abstention""]"
divergence-horizon-q0.5-h2,2,light,blocked_ew,heterogeneity-only,20,0,5,0,20,7.0,0.875,,1.0,,0.0,,0.0,,0.125,,0.4375,,1.0,,1.0,,0.0,,0.875,,0.0,,0.25,,True,[]
divergence-horizon-q0.5-h2,2,light,blocked_ew,incident-knowledge-only,20,20,9,0,0,0.0,0.0,,0.0,,0.0,,1.0,,1.0,,1.0,,0.0,,0.875,,0.0,,0.875,,0.875,,0.125,,False,"[""undefined_precision"", ""recommendations"", ""recommending_runs"", ""coverage"", ""precision"", ""abstention""]"
divergence-horizon-q0.5-h2,2,light,blocked_ew,rate-only,20,0,9,0,20,7.0,0.875,,1.0,,0.0,,0.0,,0.125,,0.1875,,0.875,,1.0,,0.0,,0.875,,0.0,,1.21875,,True,[]
divergence-horizon-q0.5-h2,2,light,none,aligned-control,20,1,0,1,19,1.0,0.125,,1.0,,0.0,,0.0,,0.875,,1.0,,1.0,,1.0,,0.4375,,0.125,,0.0,,0.0,,False,"[""undefined_precision"", ""recommendations"", ""coverage"", ""abstention""]"
divergence-horizon-q0.5-h2,2,light,none,combined-rate-plus-incident,20,5,0,1,15,1.0,0.125,,1.0,,0.0,,0.0,,0.875,,1.0,,0.75,,0.75,,0.46875,,0.125,,0.0,,0.5,,False,"[""undefined_precision"", ""recommendations"", ""coverage"", ""abstention""]"
divergence-horizon-q0.5-h2,2,light,none,heterogeneity-only,20,4,0,3,16,1.0,0.125,,1.0,,0.0,,0.0,,0.875,,0.875,,0.875,,0.875,,0.4375,,0.125,,0.0,,0.15625,,False,"[""undefined_precision"", ""recommendations"", ""coverage"", ""abstention""]"
divergence-horizon-q0.5-h2,2,light,none,incident-knowledge-only,20,1,0,1,19,1.0,0.125,,1.0,,0.0,,0.0,,0.875,,1.0,,1.0,,1.0,,0.4375,,0.125,,0.0,,0.0,,False,"[""undefined_precision"", ""recommendations"", ""coverage"", ""abstention""]"
divergence-horizon-q0.5-h2,2,light,none,rate-only,20,5,0,1,15,1.0,0.125,,1.0,,0.0,,0.0,,0.875,,1.0,,0.75,,0.75,,0.46875,,0.125,,0.0,,0.5,,False,"[""undefined_precision"", ""recommendations"", ""coverage"", ""abstention""]"
divergence-horizon-q0.5-h2,2,peak,blocked_ew,aligned-control,20,0,0,0,20,4.0,0.5,,1.0,,0.0,,0.0,,0.5,,1.0,,1.0,,1.0,,0.375,,0.5,,0.0,,0.0,,True,[]
divergence-horizon-q0.5-h2,2,peak,blocked_ew,combined-rate-plus-incident,20,20,0,0,0,0.0,0.0,,0.0,,0.0,,1.0,,1.0,,0.75,,0.5,,0.5,,0.59375,,0.5,,0.5,,3.375,,False,"[""undefined_precision"", ""recommendations"", ""recommending_runs"", ""coverage"", ""precision"", ""abstention""]"
divergence-horizon-q0.5-h2,2,peak,blocked_ew,heterogeneity-only,20,0,0,0,20,4.5,0.5625,,1.0,,0.0,,0.0,,0.4375,,0.5,,1.0,,0.875,,0.3125,,0.5625,,0.0,,0.46875,,True,[]
divergence-horizon-q0.5-h2,2,peak,blocked_ew,incident-knowledge-only,20,20,0,0,0,0.0,0.0,,0.0,,0.0,,1.0,,1.0,,0.5,,0.5,,0.75,,0.59375,,0.5,,0.5,,0.84375,,False,"[""undefined_precision"", ""recommendations"", ""recommending_runs"", ""coverage"", ""precision"", ""abstention""]"
divergence-horizon-q0.5-h2,2,peak,blocked_ew,rate-only,20,0,0,0,20,4.0,0.5,,1.0,,0.0,,0.0,,0.5,,0.5,,1.0,,0.5,,0.375,,0.5,,0.0,,1.96875,,True,[]
divergence-horizon-q0.5-h2,2,peak,none,aligned-control,20,0,0,0,20,4.0,0.5,,1.0,,0.0,,0.0,,0.5,,1.0,,1.0,,1.0,,0.21875,,0.5,,0.0,,0.0,,True,[]
divergence-horizon-q0.5-h2,2,peak,none,combined-rate-plus-incident,20,0,0,0,20,4.0,0.5,,1.0,,0.0,,0.0,,0.5,,0.625,,0.875,,0.5,,0.25,,0.5,,0.0,,2.4375,,True,[]
divergence-horizon-q0.5-h2,2,peak,none,heterogeneity-only,20,0,0,0,20,4.0,0.5,,1.0,,0.0,,0.0,,0.5,,0.625,,1.0,,0.8125,,0.3125,,0.5,,0.0,,0.546875,,True,[]
divergence-horizon-q0.5-h2,2,peak,none,incident-knowledge-only,20,0,0,0,20,4.0,0.5,,1.0,,0.0,,0.0,,0.5,,1.0,,1.0,,1.0,,0.21875,,0.5,,0.0,,0.0,,True,[]
divergence-horizon-q0.5-h2,2,peak,none,rate-only,20,0,0,0,20,4.0,0.5,,1.0,,0.0,,0.0,,0.5,,0.625,,0.875,,0.5,,0.25,,0.5,,0.0,,2.4375,,True,[]
divergence-horizon-q0.5-h2,6,light,blocked_ew,aligned-control,20,20,8,0,0,0.0,0.0,,0.0,,0.0,,1.0,,1.0,,1.0,,1.0,,1.0,,0.0,,0.875,,0.875,,0.0,,False,"[""undefined_precision"", ""recommendations"", ""recommending_runs"", ""coverage"", ""precision"", ""abstention""]"
divergence-horizon-q0.5-h2,6,light,blocked_ew,combined-rate-plus-incident,20,20,8,0,0,0.0,0.0,,0.0,,0.0,,1.0,,1.0,,1.0,,0.0,,0.875,,0.7499999999999998,,0.875,,0.875,,4.135416666666666,,False,"[""undefined_precision"", ""recommendations"", ""recommending_runs"", ""coverage"", ""precision"", ""abstention""]"
divergence-horizon-q0.5-h2,6,light,blocked_ew,heterogeneity-only,20,20,9,0,0,0.0,0.0,,0.0,,0.0,,1.0,,1.0,,0.25,,1.0,,1.0,,0.0,,0.875,,0.875,,0.3489583333333336,,False,"[""undefined_precision"", ""recommendations"", ""recommending_runs"", ""coverage"", ""precision"", ""abstention""]"
divergence-horizon-q0.5-h2,6,light,blocked_ew,incident-knowledge-only,20,20,8,0,0,0.0,0.0,,0.0,,0.0,,1.0,,1.0,,1.0,,0.0,,0.875,,0.14583333333333326,,0.875,,0.875,,0.4375000000000001,,False,"[""undefined_precision"", ""recommendations"", ""recommending_runs"", ""coverage"", ""precision"", ""abstention""]"
divergence-horizon-q0.5-h2,6,light,blocked_ew,rate-only,20,20,8,0,0,0.0,0.0,,0.0,,0.0,,1.0,,1.0,,0.125,,0.9375,,1.0,,0.0,,0.875,,0.875,,2.1562499999999996,,False,"[""undefined_precision"", ""recommendations"", ""recommending_runs"", ""coverage"", ""precision"", ""abstention""]"
divergence-horizon-q0.5-h2,6,light,none,aligned-control,20,20,1,3,0,0.0,0.0,,0.0,,0.0,,1.0,,1.0,,1.0,,1.0,,1.0,,0.8020833333333334,,0.1875,,0.1875,,0.0,,False,"[""undefined_precision"", ""recommendations"", ""recommending_runs"", ""coverage"", ""precision"", ""abstention""]"
divergence-horizon-q0.5-h2,6,light,none,combined-rate-plus-incident,20,20,1,3,0,0.0,0.0,,0.0,,0.0,,1.0,,1.0,,0.5,,1.0,,0.9375,,0.8020833333333334,,0.1875,,0.1875,,0.35416666666666674,,False,"[""undefined_precision"", ""recommendations"", ""recommending_runs"", ""coverage"", ""precision"", ""abstention""]"
divergence-horizon-q0.5-h2,6,light,none,heterogeneity-only,20,20,0,5,0,0.0,0.0,,0.0,,0.0,,1.0,,1.0,,0.5,,1.0,,0.875,,0.7916666666666667,,0.25,,0.25,,0.1041666666666667,,False,"[""undefined_precision"", ""recommendations"", ""recommending_runs"", ""coverage"", ""precision"", ""abstention""]"
divergence-horizon-q0.5-h2,6,light,none,incident-knowledge-only,20,20,1,3,0,0.0,0.0,,0.0,,0.0,,1.0,,1.0,,1.0,,1.0,,1.0,,0.8020833333333334,,0.1875,,0.1875,,0.0,,False,"[""undefined_precision"", ""recommendations"", ""recommending_runs"", ""coverage"", ""precision"", ""abstention""]"
divergence-horizon-q0.5-h2,6,light,none,rate-only,20,20,1,3,0,0.0,0.0,,0.0,,0.0,,1.0,,1.0,,0.5,,1.0,,0.9375,,0.8020833333333334,,0.1875,,0.1875,,0.35416666666666674,,False,"[""undefined_precision"", ""recommendations"", ""recommending_runs"", ""coverage"", ""precision"", ""abstention""]"
divergence-horizon-q0.5-h2,6,peak,blocked_ew,aligned-control,20,20,0,0,0,0.0,0.0,,0.0,,0.0,,1.0,,1.0,,1.0,,1.0,,1.0,,0.7499999999999999,,0.625,,0.625,,0.0,,False,"[""undefined_precision"", ""recommendations"", ""recommending_runs"", ""coverage"", ""precision"", ""abstention""]"
divergence-horizon-q0.5-h2,6,peak,blocked_ew,combined-rate-plus-incident,20,20,0,0,0,0.0,0.0,,0.0,,0.0,,1.0,,1.0,,0.625,,0.25,,0.625,,1.34375,,0.625,,0.625,,7.364583333333334,,False,"[""undefined_precision"", ""recommendations"", ""recommending_runs"", ""coverage"", ""precision"", ""abstention""]"
divergence-horizon-q0.5-h2,6,peak,blocked_ew,heterogeneity-only,20,20,0,0,0,0.0,0.0,,0.0,,0.0,,1.0,,1.0,,0.25,,1.0,,1.0,,0.5729166666666667,,0.6875,,0.6875,,0.5937499999999991,,False,"[""undefined_precision"", ""recommendations"", ""recommending_runs"", ""coverage"", ""precision"", ""abstention""]"
divergence-horizon-q0.5-h2,6,peak,blocked_ew,incident-knowledge-only,20,20,0,0,0,0.0,0.0,,0.0,,0.0,,1.0,,1.0,,0.625,,0.375,,0.8125,,1.3437499999999996,,0.625,,0.625,,1.53125,,False,"[""undefined_precision"", ""recommendations"", ""recommending_runs"", ""coverage"", ""precision"", ""abstention""]"
divergence-horizon-q0.5-h2,6,peak,blocked_ew,rate-only,20,20,0,0,0,0.0,0.0,,0.0,,0.0,,1.0,,1.0,,0.3125,,1.0,,0.625,,0.7499999999999999,,0.625,,0.625,,5.041666666666667,,False,"[""undefined_precision"", ""recommendations"", ""recommending_runs"", ""coverage"", ""precision"", ""abstention""]"
divergence-horizon-q0.5-h2,6,peak,none,aligned-control,20,20,0,0,0,0.0,0.0,,0.0,,0.0,,1.0,,1.0,,1.0,,1.0,,1.0,,0.6562499999999999,,0.5,,0.5,,0.0,,False,"[""undefined_precision"", ""recommendations"", ""recommending_runs"", ""coverage"", ""precision"", ""abstention""]"
divergence-horizon-q0.5-h2,6,peak,none,combined-rate-plus-incident,20,20,0,0,0,0.0,0.0,,0.0,,0.0,,1.0,,1.0,,0.5625,,0.6875,,0.5,,0.8333333333333344,,0.5,,0.5,,5.28125,,False,"[""undefined_precision"", ""recommendations"", ""recommending_runs"", ""coverage"", ""precision"", ""abstention""]"
divergence-horizon-q0.5-h2,6,peak,none,heterogeneity-only,20,20,0,1,0,0.0,0.0,,0.0,,0.0,,1.0,,1.0,,0.625,,1.0,,0.875,,0.6406250000000004,,0.5,,0.5,,0.7187499999999998,,False,"[""undefined_precision"", ""recommendations"", ""recommending_runs"", ""coverage"", ""precision"", ""abstention""]"
divergence-horizon-q0.5-h2,6,peak,none,incident-knowledge-only,20,20,0,0,0,0.0,0.0,,0.0,,0.0,,1.0,,1.0,,1.0,,1.0,,1.0,,0.6562499999999999,,0.5,,0.5,,0.0,,False,"[""undefined_precision"", ""recommendations"", ""recommending_runs"", ""coverage"", ""precision"", ""abstention""]"
divergence-horizon-q0.5-h2,6,peak,none,rate-only,20,20,0,0,0,0.0,0.0,,0.0,,0.0,,1.0,,1.0,,0.5625,,0.6875,,0.5,,0.8333333333333344,,0.5,,0.5,,5.28125,,False,"[""undefined_precision"", ""recommendations"", ""recommending_runs"", ""coverage"", ""precision"", ""abstention""]"
divergence-horizon-q0.5-h2,20,light,blocked_ew,aligned-control,20,20,12,0,0,0.0,0.0,,0.0,,0.0,,1.0,,1.0,,1.0,,1.0,,1.0,,0.0,,1.0,,1.0,,0.0,,False,"[""undefined_precision"", ""recommendations"", ""recommending_runs"", ""coverage"", ""precision"", ""abstention""]"
divergence-horizon-q0.5-h2,20,light,blocked_ew,combined-rate-plus-incident,20,20,11,0,0,0.0,0.0,,0.0,,0.0,,1.0,,1.0,,1.0,,0.0,,1.0,,1.5812499999999998,,1.0,,1.0,,10.671875,,False,"[""undefined_precision"", ""recommendations"", ""recommending_runs"", ""coverage"", ""precision"", ""abstention""]"
divergence-horizon-q0.5-h2,20,light,blocked_ew,heterogeneity-only,20,20,10,0,0,0.0,0.0,,0.0,,0.0,,1.0,,1.0,,0.125,,1.0,,1.0,,0.025000000000000022,,0.9375,,0.9375,,0.3328125000000002,,False,"[""undefined_precision"", ""recommendations"", ""recommending_runs"", ""coverage"", ""precision"", ""abstention""]"
divergence-horizon-q0.5-h2,20,light,blocked_ew,incident-knowledge-only,20,20,11,0,0,0.0,0.0,,0.0,,0.0,,1.0,,1.0,,1.0,,0.0,,1.0,,1.0562500000000004,,1.0,,1.0,,3.871875,,False,"[""undefined_precision"", ""recommendations"", ""recommending_runs"", ""coverage"", ""precision"", ""abstention""]"
divergence-horizon-q0.5-h2,20,light,blocked_ew,rate-only,20,20,12,0,0,0.0,0.0,,0.0,,0.0,,1.0,,1.0,,0.125,,1.0,,1.0,,0.0,,1.0,,1.0,,2.1343749999999995,,False,"[""undefined_precision"", ""recommendations"", ""recommending_runs"", ""coverage"", ""precision"", ""abstention""]"
divergence-horizon-q0.5-h2,20,light,none,aligned-control,20,20,2,1,0,0.0,0.0,,0.0,,0.0,,1.0,,1.0,,1.0,,1.0,,1.0,,0.39062499999999994,,0.625,,0.625,,0.0,,False,"[""undefined_precision"", ""recommendations"", ""recommending_runs"", ""coverage"", ""precision"", ""abstention""]"
divergence-horizon-q0.5-h2,20,light,none,combined-rate-plus-incident,20,20,2,1,0,0.0,0.0,,0.0,,0.0,,1.0,,1.0,,0.125,,1.0,,1.0,,0.39062499999999994,,0.625,,0.625,,0.19687499999999997,,False,"[""undefined_precision"", ""recommendations"", ""recommending_runs"", ""coverage"", ""precision"", ""abstention""]"
divergence-horizon-q0.5-h2,20,light,none,heterogeneity-only,20,20,3,1,0,0.0,0.0,,0.0,,0.0,,1.0,,1.0,,0.375,,1.0,,1.0,,0.3109375,,0.625,,0.625,,0.043750000000000025,,False,"[""undefined_precision"", ""recommendations"", ""recommending_runs"", ""coverage"", ""precision"", ""abstention""]"
divergence-horizon-q0.5-h2,20,light,none,incident-knowledge-only,20,20,2,1,0,0.0,0.0,,0.0,,0.0,,1.0,,1.0,,1.0,,1.0,,1.0,,0.39062499999999994,,0.625,,0.625,,0.0,,False,"[""undefined_precision"", ""recommendations"", ""recommending_runs"", ""coverage"", ""precision"", ""abstention""]"
divergence-horizon-q0.5-h2,20,light,none,rate-only,20,20,2,1,0,0.0,0.0,,0.0,,0.0,,1.0,,1.0,,0.125,,1.0,,1.0,,0.39062499999999994,,0.625,,0.625,,0.19687499999999997,,False,"[""undefined_precision"", ""recommendations"", ""recommending_runs"", ""coverage"", ""precision"", ""abstention""]"
divergence-horizon-q0.5-h2,20,peak,blocked_ew,aligned-control,20,20,0,0,0,0.0,0.0,,0.0,,0.0,,1.0,,1.0,,1.0,,1.0,,1.0,,1.35,,0.75,,0.75,,0.0,,False,"[""undefined_precision"", ""recommendations"", ""recommending_runs"", ""coverage"", ""precision"", ""abstention""]"
divergence-horizon-q0.5-h2,20,peak,blocked_ew,combined-rate-plus-incident,20,20,0,0,0,0.0,0.0,,0.0,,0.0,,1.0,,1.0,,0.75,,0.0,,0.75,,2.7281250000000004,,0.75,,0.75,,19.124999999999993,,False,"[""undefined_precision"", ""recommendations"", ""recommending_runs"", ""coverage"", ""precision"", ""abstention""]"
divergence-horizon-q0.5-h2,20,peak,blocked_ew,heterogeneity-only,20,20,0,0,0,0.0,0.0,,0.0,,0.0,,1.0,,1.0,,0.125,,1.0,,1.0,,1.2968749999999991,,0.75,,0.75,,1.2125000000000008,,False,"[""undefined_precision"", ""recommendations"", ""recommending_runs"", ""coverage"", ""precision"", ""abstention""]"
divergence-horizon-q0.5-h2,20,peak,blocked_ew,incident-knowledge-only,20,20,0,0,0,0.0,0.0,,0.0,,0.0,,1.0,,1.0,,0.75,,0.25,,1.0,,1.4375000000000004,,0.75,,0.75,,1.3968749999999996,,False,"[""undefined_precision"", ""recommendations"", ""recommending_runs"", ""coverage"", ""precision"", ""abstention""]"
divergence-horizon-q0.5-h2,20,peak,blocked_ew,rate-only,20,20,0,0,0,0.0,0.0,,0.0,,0.0,,1.0,,1.0,,0.125,,1.0,,0.75,,1.35,,0.75,,0.75,,13.693749999999994,,False,"[""undefined_precision"", ""recommendations"", ""recommending_runs"", ""coverage"", ""precision"", ""abstention""]"
divergence-horizon-q0.5-h2,20,peak,none,aligned-control,20,20,0,2,0,0.0,0.0,,0.0,,0.0,,1.0,,1.0,,1.0,,1.0,,1.0,,2.1937499999999996,,0.1875,,0.1875,,0.0,,False,"[""undefined_precision"", ""recommendations"", ""recommending_runs"", ""coverage"", ""precision"", ""abstention""]"
divergence-horizon-q0.5-h2,20,peak,none,combined-rate-plus-incident,20,20,0,2,0,0.0,0.0,,0.0,,0.0,,1.0,,1.0,,0.375,,0.5,,0.375,,2.340625,,0.1875,,0.1875,,11.734375,,False,"[""undefined_precision"", ""recommendations"", ""recommending_runs"", ""coverage"", ""precision"", ""abstention""]"
divergence-horizon-q0.5-h2,20,peak,none,heterogeneity-only,20,20,0,0,0,0.0,0.0,,0.0,,0.0,,1.0,,1.0,,0.625,,1.0,,0.875,,2.0734375,,0.125,,0.125,,1.1093750000000013,,False,"[""undefined_precision"", ""recommendations"", ""recommending_runs"", ""coverage"", ""precision"", ""abstention""]"
divergence-horizon-q0.5-h2,20,peak,none,incident-knowledge-only,20,20,0,2,0,0.0,0.0,,0.0,,0.0,,1.0,,1.0,,1.0,,1.0,,1.0,,2.1937499999999996,,0.1875,,0.1875,,0.0,,False,"[""undefined_precision"", ""recommendations"", ""recommending_runs"", ""coverage"", ""precision"", ""abstention""]"
divergence-horizon-q0.5-h2,20,peak,none,rate-only,20,20,0,2,0,0.0,0.0,,0.0,,0.0,,1.0,,1.0,,0.375,,0.5,,0.375,,2.340625,,0.1875,,0.1875,,11.734375,,False,"[""undefined_precision"", ""recommendations"", ""recommending_runs"", ""coverage"", ""precision"", ""abstention""]"
divergence-horizon-q0.5-h6,2,light,blocked_ew,aligned-control,20,0,9,0,20,7.0,0.875,,1.0,,0.0,,0.0,,0.125,,1.0,,1.0,,1.0,,0.0,,0.875,,0.0,,0.0,,True,[]
divergence-horizon-q0.5-h6,2,light,blocked_ew,combined-rate-plus-incident,20,20,7,0,0,0.0,0.0,,0.0,,0.0,,1.0,,1.0,,1.0,,0.0,,0.875,,0.1875,,0.875,,0.875,,1.625,,False,"[""undefined_precision"", ""recommendations"", ""recommending_runs"", ""coverage"", ""precision"", ""abstention""]"
divergence-horizon-q0.5-h6,2,light,blocked_ew,heterogeneity-only,20,0,5,0,20,7.0,0.875,,1.0,,0.0,,0.0,,0.125,,0.4375,,1.0,,1.0,,0.0,,0.875,,0.0,,0.25,,True,[]
divergence-horizon-q0.5-h6,2,light,blocked_ew,incident-knowledge-only,20,20,9,0,0,0.0,0.0,,0.0,,0.0,,1.0,,1.0,,1.0,,0.0,,0.875,,0.0,,0.875,,0.875,,0.125,,False,"[""undefined_precision"", ""recommendations"", ""recommending_runs"", ""coverage"", ""precision"", ""abstention""]"
divergence-horizon-q0.5-h6,2,light,blocked_ew,rate-only,20,0,9,0,20,7.0,0.875,,1.0,,0.0,,0.0,,0.125,,0.1875,,0.875,,1.0,,0.0,,0.875,,0.0,,1.21875,,True,[]
divergence-horizon-q0.5-h6,2,light,none,aligned-control,20,1,0,1,19,1.0,0.125,,1.0,,0.0,,0.0,,0.875,,1.0,,1.0,,1.0,,0.4375,,0.125,,0.0,,0.0,,False,"[""undefined_precision"", ""recommendations"", ""coverage"", ""abstention""]"
divergence-horizon-q0.5-h6,2,light,none,combined-rate-plus-incident,20,5,0,1,15,1.0,0.125,,1.0,,0.0,,0.0,,0.875,,1.0,,0.75,,0.75,,0.46875,,0.125,,0.0,,0.5,,False,"[""undefined_precision"", ""recommendations"", ""coverage"", ""abstention""]"
divergence-horizon-q0.5-h6,2,light,none,heterogeneity-only,20,4,0,3,16,1.0,0.125,,1.0,,0.0,,0.0,,0.875,,0.875,,0.875,,0.875,,0.4375,,0.125,,0.0,,0.15625,,False,"[""undefined_precision"", ""recommendations"", ""coverage"", ""abstention""]"
divergence-horizon-q0.5-h6,2,light,none,incident-knowledge-only,20,1,0,1,19,1.0,0.125,,1.0,,0.0,,0.0,,0.875,,1.0,,1.0,,1.0,,0.4375,,0.125,,0.0,,0.0,,False,"[""undefined_precision"", ""recommendations"", ""coverage"", ""abstention""]"
divergence-horizon-q0.5-h6,2,light,none,rate-only,20,5,0,1,15,1.0,0.125,,1.0,,0.0,,0.0,,0.875,,1.0,,0.75,,0.75,,0.46875,,0.125,,0.0,,0.5,,False,"[""undefined_precision"", ""recommendations"", ""coverage"", ""abstention""]"
divergence-horizon-q0.5-h6,2,peak,blocked_ew,aligned-control,20,0,0,0,20,4.0,0.5,,1.0,,0.0,,0.0,,0.5,,1.0,,1.0,,1.0,,0.375,,0.5,,0.0,,0.0,,True,[]
divergence-horizon-q0.5-h6,2,peak,blocked_ew,combined-rate-plus-incident,20,20,0,0,0,0.0,0.0,,0.0,,0.0,,1.0,,1.0,,0.75,,0.5,,0.5,,0.59375,,0.5,,0.5,,3.375,,False,"[""undefined_precision"", ""recommendations"", ""recommending_runs"", ""coverage"", ""precision"", ""abstention""]"
divergence-horizon-q0.5-h6,2,peak,blocked_ew,heterogeneity-only,20,0,0,0,20,4.5,0.5625,,1.0,,0.0,,0.0,,0.4375,,0.5,,1.0,,0.875,,0.3125,,0.5625,,0.0,,0.46875,,True,[]
divergence-horizon-q0.5-h6,2,peak,blocked_ew,incident-knowledge-only,20,20,0,0,0,0.0,0.0,,0.0,,0.0,,1.0,,1.0,,0.5,,0.5,,0.75,,0.59375,,0.5,,0.5,,0.84375,,False,"[""undefined_precision"", ""recommendations"", ""recommending_runs"", ""coverage"", ""precision"", ""abstention""]"
divergence-horizon-q0.5-h6,2,peak,blocked_ew,rate-only,20,0,0,0,20,4.0,0.5,,1.0,,0.0,,0.0,,0.5,,0.5,,1.0,,0.5,,0.375,,0.5,,0.0,,1.96875,,True,[]
divergence-horizon-q0.5-h6,2,peak,none,aligned-control,20,0,0,0,20,4.0,0.5,,1.0,,0.0,,0.0,,0.5,,1.0,,1.0,,1.0,,0.21875,,0.5,,0.0,,0.0,,True,[]
divergence-horizon-q0.5-h6,2,peak,none,combined-rate-plus-incident,20,0,0,0,20,4.0,0.5,,1.0,,0.0,,0.0,,0.5,,0.625,,0.875,,0.5,,0.25,,0.5,,0.0,,2.4375,,True,[]
divergence-horizon-q0.5-h6,2,peak,none,heterogeneity-only,20,0,0,0,20,4.0,0.5,,1.0,,0.0,,0.0,,0.5,,0.625,,1.0,,0.8125,,0.3125,,0.5,,0.0,,0.546875,,True,[]
divergence-horizon-q0.5-h6,2,peak,none,incident-knowledge-only,20,0,0,0,20,4.0,0.5,,1.0,,0.0,,0.0,,0.5,,1.0,,1.0,,1.0,,0.21875,,0.5,,0.0,,0.0,,True,[]
divergence-horizon-q0.5-h6,2,peak,none,rate-only,20,0,0,0,20,4.0,0.5,,1.0,,0.0,,0.0,,0.5,,0.625,,0.875,,0.5,,0.25,,0.5,,0.0,,2.4375,,True,[]
divergence-horizon-q0.5-h6,6,light,blocked_ew,aligned-control,20,0,8,0,20,3.0,0.375,,1.0,,0.0,,0.625,,0.625,,1.0,,1.0,,1.0,,0.0,,0.875,,0.625,,0.0,,True,[]
divergence-horizon-q0.5-h6,6,light,blocked_ew,combined-rate-plus-incident,20,20,8,0,0,0.0,0.0,,0.0,,0.0,,1.0,,1.0,,1.0,,0.0,,0.875,,0.7499999999999998,,0.875,,0.875,,4.135416666666666,,False,"[""undefined_precision"", ""recommendations"", ""recommending_runs"", ""coverage"", ""precision"", ""abstention""]"
divergence-horizon-q0.5-h6,6,light,blocked_ew,heterogeneity-only,20,0,9,0,20,3.0,0.375,,1.0,,0.0,,0.625,,0.625,,0.25,,1.0,,1.0,,0.0,,0.875,,0.625,,0.3489583333333336,,True,[]
divergence-horizon-q0.5-h6,6,light,blocked_ew,incident-knowledge-only,20,20,8,0,0,0.0,0.0,,0.0,,0.0,,1.0,,1.0,,1.0,,0.0,,0.875,,0.14583333333333326,,0.875,,0.875,,0.4375000000000001,,False,"[""undefined_precision"", ""recommendations"", ""recommending_runs"", ""coverage"", ""precision"", ""abstention""]"
divergence-horizon-q0.5-h6,6,light,blocked_ew,rate-only,20,0,8,0,20,2.0,0.25,,1.0,,0.0,,0.7142857142857143,,0.75,,0.125,,0.9375,,1.0,,0.0,,0.875,,0.625,,2.1562499999999996,,False,"[""abstention""]"
divergence-horizon-q0.5-h6,6,light,none,aligned-control,20,3,1,3,17,1.5,0.1875,,1.0,,0.0,,0.0,,0.8125,,1.0,,1.0,,1.0,,0.8020833333333334,,0.1875,,0.0,,0.0,,False,"[""undefined_precision"", ""recommendations"", ""coverage"", ""abstention""]"
divergence-horizon-q0.5-h6,6,light,none,combined-rate-plus-incident,20,3,1,3,17,1.5,0.1875,,1.0,,0.0,,0.0,,0.8125,,0.5,,1.0,,0.9375,,0.8020833333333334,,0.1875,,0.0,,0.35416666666666674,,False,"[""undefined_precision"", ""recommendations"", ""coverage"", ""abstention""]"
divergence-horizon-q0.5-h6,6,light,none,heterogeneity-only,20,5,0,5,15,2.0,0.25,,1.0,,0.0,,0.0,,0.75,,0.5,,1.0,,0.875,,0.7916666666666667,,0.25,,0.0,,0.1041666666666667,,False,"[""undefined_precision"", ""abstention""]"
divergence-horizon-q0.5-h6,6,light,none,incident-knowledge-only,20,3,1,3,17,1.5,0.1875,,1.0,,0.0,,0.0,,0.8125,,1.0,,1.0,,1.0,,0.8020833333333334,,0.1875,,0.0,,0.0,,False,"[""undefined_precision"", ""recommendations"", ""coverage"", ""abstention""]"
divergence-horizon-q0.5-h6,6,light,none,rate-only,20,3,1,3,17,1.5,0.1875,,1.0,,0.0,,0.0,,0.8125,,0.5,,1.0,,0.9375,,0.8020833333333334,,0.1875,,0.0,,0.35416666666666674,,False,"[""undefined_precision"", ""recommendations"", ""coverage"", ""abstention""]"
divergence-horizon-q0.5-h6,6,peak,blocked_ew,aligned-control,20,20,0,0,0,0.0,0.0,,0.0,,0.0,,1.0,,1.0,,1.0,,1.0,,1.0,,0.7499999999999999,,0.625,,0.625,,0.0,,False,"[""undefined_precision"", ""recommendations"", ""recommending_runs"", ""coverage"", ""precision"", ""abstention""]"
divergence-horizon-q0.5-h6,6,peak,blocked_ew,combined-rate-plus-incident,20,20,0,0,0,0.0,0.0,,0.0,,0.0,,1.0,,1.0,,0.625,,0.25,,0.625,,1.34375,,0.625,,0.625,,7.364583333333334,,False,"[""undefined_precision"", ""recommendations"", ""recommending_runs"", ""coverage"", ""precision"", ""abstention""]"
divergence-horizon-q0.5-h6,6,peak,blocked_ew,heterogeneity-only,20,19,0,0,1,0.0,0.0,,0.0,,0.0,,1.0,,1.0,,0.25,,1.0,,1.0,,0.5729166666666667,,0.6875,,0.6875,,0.5937499999999991,,False,"[""undefined_precision"", ""recommendations"", ""recommending_runs"", ""coverage"", ""precision"", ""abstention""]"
divergence-horizon-q0.5-h6,6,peak,blocked_ew,incident-knowledge-only,20,20,0,0,0,0.0,0.0,,0.0,,0.0,,1.0,,1.0,,0.625,,0.375,,0.8125,,1.3437499999999996,,0.625,,0.625,,1.53125,,False,"[""undefined_precision"", ""recommendations"", ""recommending_runs"", ""coverage"", ""precision"", ""abstention""]"
divergence-horizon-q0.5-h6,6,peak,blocked_ew,rate-only,20,20,0,0,0,0.0,0.0,,0.0,,0.0,,1.0,,1.0,,0.3125,,1.0,,0.625,,0.7499999999999999,,0.625,,0.625,,5.041666666666667,,False,"[""undefined_precision"", ""recommendations"", ""recommending_runs"", ""coverage"", ""precision"", ""abstention""]"
divergence-horizon-q0.5-h6,6,peak,none,aligned-control,20,20,0,0,0,0.0,0.0,,0.0,,0.0,,1.0,,1.0,,1.0,,1.0,,1.0,,0.6562499999999999,,0.5,,0.5,,0.0,,False,"[""undefined_precision"", ""recommendations"", ""recommending_runs"", ""coverage"", ""precision"", ""abstention""]"
divergence-horizon-q0.5-h6,6,peak,none,combined-rate-plus-incident,20,14,0,0,6,0.0,0.0,,0.0,,0.0,,1.0,,1.0,,0.5625,,0.6875,,0.5,,0.8333333333333344,,0.5,,0.5,,5.28125,,False,"[""undefined_precision"", ""recommendations"", ""recommending_runs"", ""coverage"", ""precision"", ""abstention""]"
divergence-horizon-q0.5-h6,6,peak,none,heterogeneity-only,20,20,0,1,0,0.0,0.0,,0.0,,0.0,,1.0,,1.0,,0.625,,1.0,,0.875,,0.6406250000000004,,0.5,,0.5,,0.7187499999999998,,False,"[""undefined_precision"", ""recommendations"", ""recommending_runs"", ""coverage"", ""precision"", ""abstention""]"
divergence-horizon-q0.5-h6,6,peak,none,incident-knowledge-only,20,20,0,0,0,0.0,0.0,,0.0,,0.0,,1.0,,1.0,,1.0,,1.0,,1.0,,0.6562499999999999,,0.5,,0.5,,0.0,,False,"[""undefined_precision"", ""recommendations"", ""recommending_runs"", ""coverage"", ""precision"", ""abstention""]"
divergence-horizon-q0.5-h6,6,peak,none,rate-only,20,14,0,0,6,0.0,0.0,,0.0,,0.0,,1.0,,1.0,,0.5625,,0.6875,,0.5,,0.8333333333333344,,0.5,,0.5,,5.28125,,False,"[""undefined_precision"", ""recommendations"", ""recommending_runs"", ""coverage"", ""precision"", ""abstention""]"
divergence-horizon-q0.5-h6,20,light,blocked_ew,aligned-control,20,20,12,0,0,0.0,0.0,,0.0,,0.0,,1.0,,1.0,,1.0,,1.0,,1.0,,0.0,,1.0,,1.0,,0.0,,False,"[""undefined_precision"", ""recommendations"", ""recommending_runs"", ""coverage"", ""precision"", ""abstention""]"
divergence-horizon-q0.5-h6,20,light,blocked_ew,combined-rate-plus-incident,20,20,11,0,0,0.0,0.0,,0.0,,0.0,,1.0,,1.0,,1.0,,0.0,,1.0,,1.5812499999999998,,1.0,,1.0,,10.671875,,False,"[""undefined_precision"", ""recommendations"", ""recommending_runs"", ""coverage"", ""precision"", ""abstention""]"
divergence-horizon-q0.5-h6,20,light,blocked_ew,heterogeneity-only,20,20,10,0,0,0.0,0.0,,0.0,,0.0,,1.0,,1.0,,0.125,,1.0,,1.0,,0.025000000000000022,,0.9375,,0.9375,,0.3328125000000002,,False,"[""undefined_precision"", ""recommendations"", ""recommending_runs"", ""coverage"", ""precision"", ""abstention""]"
divergence-horizon-q0.5-h6,20,light,blocked_ew,incident-knowledge-only,20,20,11,0,0,0.0,0.0,,0.0,,0.0,,1.0,,1.0,,1.0,,0.0,,1.0,,1.0562500000000004,,1.0,,1.0,,3.871875,,False,"[""undefined_precision"", ""recommendations"", ""recommending_runs"", ""coverage"", ""precision"", ""abstention""]"
divergence-horizon-q0.5-h6,20,light,blocked_ew,rate-only,20,20,12,0,0,0.0,0.0,,0.0,,0.0,,1.0,,1.0,,0.125,,1.0,,1.0,,0.0,,1.0,,1.0,,2.1343749999999995,,False,"[""undefined_precision"", ""recommendations"", ""recommending_runs"", ""coverage"", ""precision"", ""abstention""]"
divergence-horizon-q0.5-h6,20,light,none,aligned-control,20,20,2,1,0,0.0,0.0,,0.0,,0.0,,1.0,,1.0,,1.0,,1.0,,1.0,,0.39062499999999994,,0.625,,0.625,,0.0,,False,"[""undefined_precision"", ""recommendations"", ""recommending_runs"", ""coverage"", ""precision"", ""abstention""]"
divergence-horizon-q0.5-h6,20,light,none,combined-rate-plus-incident,20,20,2,1,0,0.0,0.0,,0.0,,0.0,,1.0,,1.0,,0.125,,1.0,,1.0,,0.39062499999999994,,0.625,,0.625,,0.19687499999999997,,False,"[""undefined_precision"", ""recommendations"", ""recommending_runs"", ""coverage"", ""precision"", ""abstention""]"
divergence-horizon-q0.5-h6,20,light,none,heterogeneity-only,20,20,3,1,0,0.0,0.0,,0.0,,0.0,,1.0,,1.0,,0.375,,1.0,,1.0,,0.3109375,,0.625,,0.625,,0.043750000000000025,,False,"[""undefined_precision"", ""recommendations"", ""recommending_runs"", ""coverage"", ""precision"", ""abstention""]"
divergence-horizon-q0.5-h6,20,light,none,incident-knowledge-only,20,20,2,1,0,0.0,0.0,,0.0,,0.0,,1.0,,1.0,,1.0,,1.0,,1.0,,0.39062499999999994,,0.625,,0.625,,0.0,,False,"[""undefined_precision"", ""recommendations"", ""recommending_runs"", ""coverage"", ""precision"", ""abstention""]"
divergence-horizon-q0.5-h6,20,light,none,rate-only,20,20,2,1,0,0.0,0.0,,0.0,,0.0,,1.0,,1.0,,0.125,,1.0,,1.0,,0.39062499999999994,,0.625,,0.625,,0.19687499999999997,,False,"[""undefined_precision"", ""recommendations"", ""recommending_runs"", ""coverage"", ""precision"", ""abstention""]"
divergence-horizon-q0.5-h6,20,peak,blocked_ew,aligned-control,20,20,0,0,0,0.0,0.0,,0.0,,0.0,,1.0,,1.0,,1.0,,1.0,,1.0,,1.35,,0.75,,0.75,,0.0,,False,"[""undefined_precision"", ""recommendations"", ""recommending_runs"", ""coverage"", ""precision"", ""abstention""]"
divergence-horizon-q0.5-h6,20,peak,blocked_ew,combined-rate-plus-incident,20,20,0,0,0,0.0,0.0,,0.0,,0.0,,1.0,,1.0,,0.75,,0.0,,0.75,,2.7281250000000004,,0.75,,0.75,,19.124999999999993,,False,"[""undefined_precision"", ""recommendations"", ""recommending_runs"", ""coverage"", ""precision"", ""abstention""]"
divergence-horizon-q0.5-h6,20,peak,blocked_ew,heterogeneity-only,20,20,0,0,0,0.0,0.0,,0.0,,0.0,,1.0,,1.0,,0.125,,1.0,,1.0,,1.2968749999999991,,0.75,,0.75,,1.2125000000000008,,False,"[""undefined_precision"", ""recommendations"", ""recommending_runs"", ""coverage"", ""precision"", ""abstention""]"
divergence-horizon-q0.5-h6,20,peak,blocked_ew,incident-knowledge-only,20,20,0,0,0,0.0,0.0,,0.0,,0.0,,1.0,,1.0,,0.75,,0.25,,1.0,,1.4375000000000004,,0.75,,0.75,,1.3968749999999996,,False,"[""undefined_precision"", ""recommendations"", ""recommending_runs"", ""coverage"", ""precision"", ""abstention""]"
divergence-horizon-q0.5-h6,20,peak,blocked_ew,rate-only,20,20,0,0,0,0.0,0.0,,0.0,,0.0,,1.0,,1.0,,0.125,,1.0,,0.75,,1.35,,0.75,,0.75,,13.693749999999994,,False,"[""undefined_precision"", ""recommendations"", ""recommending_runs"", ""coverage"", ""precision"", ""abstention""]"
divergence-horizon-q0.5-h6,20,peak,none,aligned-control,20,20,0,2,0,0.0,0.0,,0.0,,0.0,,1.0,,1.0,,1.0,,1.0,,1.0,,2.1937499999999996,,0.1875,,0.1875,,0.0,,False,"[""undefined_precision"", ""recommendations"", ""recommending_runs"", ""coverage"", ""precision"", ""abstention""]"
divergence-horizon-q0.5-h6,20,peak,none,combined-rate-plus-incident,20,20,0,2,0,0.0,0.0,,0.0,,0.0,,1.0,,1.0,,0.375,,0.5,,0.375,,2.340625,,0.1875,,0.1875,,11.734375,,False,"[""undefined_precision"", ""recommendations"", ""recommending_runs"", ""coverage"", ""precision"", ""abstention""]"
divergence-horizon-q0.5-h6,20,peak,none,heterogeneity-only,20,20,0,0,0,0.0,0.0,,0.0,,0.0,,1.0,,1.0,,0.625,,1.0,,0.875,,2.0734375,,0.125,,0.125,,1.1093750000000013,,False,"[""undefined_precision"", ""recommendations"", ""recommending_runs"", ""coverage"", ""precision"", ""abstention""]"
divergence-horizon-q0.5-h6,20,peak,none,incident-knowledge-only,20,20,0,2,0,0.0,0.0,,0.0,,0.0,,1.0,,1.0,,1.0,,1.0,,1.0,,2.1937499999999996,,0.1875,,0.1875,,0.0,,False,"[""undefined_precision"", ""recommendations"", ""recommending_runs"", ""coverage"", ""precision"", ""abstention""]"
divergence-horizon-q0.5-h6,20,peak,none,rate-only,20,20,0,2,0,0.0,0.0,,0.0,,0.0,,1.0,,1.0,,0.375,,0.5,,0.375,,2.340625,,0.1875,,0.1875,,11.734375,,False,"[""undefined_precision"", ""recommendations"", ""recommending_runs"", ""coverage"", ""precision"", ""abstention""]"
divergence-horizon-q0.5-h20,2,light,blocked_ew,aligned-control,20,0,9,0,20,7.0,0.875,"[0.75, 1.0]",1.0,"[1.0, 1.0]",0.0,"[0.0, 0.0]",0.0,"[0.0, 0.0]",0.125,"[0.0, 0.25]",1.0,"[1.0, 1.0]",1.0,"[1.0, 1.0]",1.0,"[1.0, 1.0]",0.0,"[0.0, 0.0625]",0.875,"[0.75, 1.0]",0.0,"[0.0, 0.0]",0.0,"[0.0, 0.0]",True,[]
divergence-horizon-q0.5-h20,2,light,blocked_ew,combined-rate-plus-incident,20,20,7,0,0,0.0,0.0,"[0.0, 0.0]",0.0,"[0.0, 0.0]",0.0,"[0.0, 0.0]",1.0,"[1.0, 1.0]",1.0,"[1.0, 1.0]",1.0,"[0.875, 1.0]",0.0,"[0.0, 0.0]",0.875,"[0.75, 1.0]",0.1875,"[0.125, 0.21875]",0.875,"[0.75, 1.0]",0.875,"[0.75, 1.0]",1.625,"[1.5, 1.8125]",False,"[""undefined_precision"", ""recommendations"", ""recommending_runs"", ""coverage"", ""precision"", ""abstention""]"
divergence-horizon-q0.5-h20,2,light,blocked_ew,heterogeneity-only,20,0,5,0,20,7.0,0.875,"[0.875, 0.875]",1.0,"[1.0, 1.0]",0.0,"[0.0, 0.0]",0.0,"[0.0, 0.0]",0.125,"[0.125, 0.125]",0.4375,"[0.25, 0.5]",1.0,"[1.0, 1.0]",1.0,"[1.0, 1.0]",0.0,"[0.0, 0.0625]",0.875,"[0.875, 0.875]",0.0,"[0.0, 0.0]",0.25,"[0.21875, 0.34375]",True,[]
divergence-horizon-q0.5-h20,2,light,blocked_ew,incident-knowledge-only,20,20,9,0,0,0.0,0.0,"[0.0, 0.0]",0.0,"[0.0, 0.0]",0.0,"[0.0, 0.0]",1.0,"[1.0, 1.0]",1.0,"[1.0, 1.0]",1.0,"[0.875, 1.0]",0.0,"[0.0, 0.0]",0.875,"[0.875, 1.0]",0.0,"[0.0, 0.15625]",0.875,"[0.75, 1.0]",0.875,"[0.75, 1.0]",0.125,"[0.0625, 0.28125]",False,"[""undefined_precision"", ""recommendations"", ""recommending_runs"", ""coverage"", ""precision"", ""abstention""]"
divergence-horizon-q0.5-h20,2,light,blocked_ew,rate-only,20,0,9,0,20,7.0,0.875,"[0.75, 1.0]",1.0,"[1.0, 1.0]",0.0,"[0.0, 0.0]",0.0,"[0.0, 0.0]",0.125,"[0.0, 0.25]",0.1875,"[0.125, 0.25]",0.875,"[0.875, 1.0]",1.0,"[0.875, 1.0]",0.0,"[0.0, 0.0625]",0.875,"[0.75, 1.0]",0.0,"[0.0, 0.0]",1.21875,"[1.03125, 1.25]",True,[]
divergence-horizon-q0.5-h20,2,light,none,aligned-control,20,1,0,1,19,1.0,0.125,"[0.125, 0.25]",1.0,"[1.0, 1.0]",0.0,"[0.0, 0.0]",0.0,"[0.0, 0.0]",0.875,"[0.75, 0.875]",1.0,"[1.0, 1.0]",1.0,"[1.0, 1.0]",1.0,"[1.0, 1.0]",0.4375,"[0.34375, 0.5]",0.125,"[0.125, 0.25]",0.0,"[0.0, 0.0]",0.0,"[0.0, 0.0]",False,"[""undefined_precision"", ""recommendations"", ""coverage"", ""abstention""]"
divergence-horizon-q0.5-h20,2,light,none,combined-rate-plus-incident,20,5,0,1,15,1.0,0.125,"[0.125, 0.25]",1.0,"[0.0, 1.0]",0.0,"[0.0, 0.0]",0.0,"[0.0, 0.75]",0.875,"[0.75, 0.875]",1.0,"[0.875, 1.0]",0.75,"[0.625, 0.875]",0.75,"[0.75, 0.875]",0.46875,"[0.34375, 0.5]",0.125,"[0.125, 0.25]",0.0,"[0.0, 0.125]",0.5,"[0.40625, 0.53125]",False,"[""undefined_precision"", ""recommendations"", ""coverage"", ""abstention""]"
divergence-horizon-q0.5-h20,2,light,none,heterogeneity-only,20,4,0,3,16,1.0,0.125,"[0.125, 0.1875]",1.0,"[1.0, 1.0]",0.0,"[0.0, 0.0]",0.0,"[0.0, 0.0]",0.875,"[0.8125, 0.875]",0.875,"[0.75, 0.9375]",0.875,"[0.75, 0.875]",0.875,"[0.75, 0.875]",0.4375,"[0.40625, 0.5]",0.125,"[0.125, 0.25]",0.0,"[0.0, 0.0]",0.15625,"[0.109375, 0.1875]",False,"[""undefined_precision"", ""recommendations"", ""coverage"", ""abstention""]"
divergence-horizon-q0.5-h20,2,light,none,incident-knowledge-only,20,1,0,1,19,1.0,0.125,"[0.125, 0.25]",1.0,"[1.0, 1.0]",0.0,"[0.0, 0.0]",0.0,"[0.0, 0.0]",0.875,"[0.75, 0.875]",1.0,"[1.0, 1.0]",1.0,"[1.0, 1.0]",1.0,"[1.0, 1.0]",0.4375,"[0.34375, 0.5]",0.125,"[0.125, 0.25]",0.0,"[0.0, 0.0]",0.0,"[0.0, 0.0]",False,"[""undefined_precision"", ""recommendations"", ""coverage"", ""abstention""]"
divergence-horizon-q0.5-h20,2,light,none,rate-only,20,5,0,1,15,1.0,0.125,"[0.125, 0.25]",1.0,"[0.0, 1.0]",0.0,"[0.0, 0.0]",0.0,"[0.0, 0.75]",0.875,"[0.75, 0.875]",1.0,"[0.875, 1.0]",0.75,"[0.625, 0.875]",0.75,"[0.75, 0.875]",0.46875,"[0.34375, 0.5]",0.125,"[0.125, 0.25]",0.0,"[0.0, 0.125]",0.5,"[0.40625, 0.53125]",False,"[""undefined_precision"", ""recommendations"", ""coverage"", ""abstention""]"
divergence-horizon-q0.5-h20,2,peak,blocked_ew,aligned-control,20,0,0,0,20,4.0,0.5,"[0.5, 0.625]",1.0,"[1.0, 1.0]",0.0,"[0.0, 0.0]",0.0,"[0.0, 0.0]",0.5,"[0.375, 0.5]",1.0,"[1.0, 1.0]",1.0,"[1.0, 1.0]",1.0,"[1.0, 1.0]",0.375,"[0.25, 0.375]",0.5,"[0.5, 0.625]",0.0,"[0.0, 0.0]",0.0,"[0.0, 0.0]",True,[]
divergence-horizon-q0.5-h20,2,peak,blocked_ew,combined-rate-plus-incident,20,20,0,0,0,0.0,0.0,"[0.0, 0.0]",0.0,"[0.0, 0.0]",0.0,"[0.0, 0.0]",1.0,"[1.0, 1.0]",1.0,"[1.0, 1.0]",0.75,"[0.75, 0.75]",0.5,"[0.5, 0.625]",0.5,"[0.5, 0.625]",0.59375,"[0.5, 0.625]",0.5,"[0.5, 0.625]",0.5,"[0.5, 0.625]",3.375,"[3.28125, 3.4375]",False,"[""undefined_precision"", ""recommendations"", ""recommending_runs"", ""coverage"", ""precision"", ""abstention""]"
divergence-horizon-q0.5-h20,2,peak,blocked_ew,heterogeneity-only,20,0,0,0,20,4.5,0.5625,"[0.5, 0.625]",1.0,"[1.0, 1.0]",0.0,"[0.0, 0.0]",0.0,"[0.0, 0.0]",0.4375,"[0.375, 0.5]",0.5,"[0.375, 0.625]",1.0,"[1.0, 1.0]",0.875,"[0.875, 1.0]",0.3125,"[0.296875, 0.390625]",0.5625,"[0.5, 0.625]",0.0,"[0.0, 0.0]",0.46875,"[0.359375, 0.625]",True,[]
divergence-horizon-q0.5-h20,2,peak,blocked_ew,incident-knowledge-only,20,20,0,0,0,0.0,0.0,"[0.0, 0.0]",0.0,"[0.0, 0.0]",0.0,"[0.0, 0.0]",1.0,"[1.0, 1.0]",1.0,"[1.0, 1.0]",0.5,"[0.5, 0.625]",0.5,"[0.5, 0.625]",0.75,"[0.75, 0.75]",0.59375,"[0.5, 0.625]",0.5,"[0.5, 0.625]",0.5,"[0.5, 0.625]",0.84375,"[0.78125, 0.875]",False,"[""undefined_precision"", ""recommendations"", ""recommending_runs"", ""coverage"", ""precision"", ""abstention""]"
divergence-horizon-q0.5-h20,2,peak,blocked_ew,rate-only,20,0,0,0,20,4.0,0.5,"[0.5, 0.625]",1.0,"[1.0, 1.0]",0.0,"[0.0, 0.0]",0.0,"[0.0, 0.0]",0.5,"[0.375, 0.5]",0.5,"[0.375, 0.5]",1.0,"[1.0, 1.0]",0.5,"[0.5, 0.625]",0.375,"[0.25, 0.375]",0.5,"[0.5, 0.625]",0.0,"[0.0, 0.0]",1.96875,"[1.9375, 2.0]",True,[]
divergence-horizon-q0.5-h20,2,peak,none,aligned-control,20,0,0,0,20,4.0,0.5,"[0.4375, 0.625]",1.0,"[1.0, 1.0]",0.0,"[0.0, 0.0]",0.0,"[0.0, 0.0]",0.5,"[0.4375, 0.5625]",1.0,"[1.0, 1.0]",1.0,"[1.0, 1.0]",1.0,"[1.0, 1.0]",0.21875,"[0.1875, 0.3125]",0.5,"[0.4375, 0.5625]",0.0,"[0.0, 0.0]",0.0,"[0.0, 0.0]",True,[]
divergence-horizon-q0.5-h20,2,peak,none,combined-rate-plus-incident,20,0,0,0,20,4.0,0.5,"[0.375, 0.5]",1.0,"[1.0, 1.0]",0.0,"[0.0, 0.0]",0.0,"[0.0, 0.0]",0.5,"[0.5, 0.625]",0.625,"[0.5, 0.625]",0.875,"[0.75, 0.875]",0.5,"[0.4375, 0.5625]",0.25,"[0.1875, 0.375]",0.5,"[0.4375, 0.5625]",0.0,"[0.0, 0.0]",2.4375,"[2.1875, 2.53125]",True,[]
divergence-horizon-q0.5-h20,2,peak,none,heterogeneity-only,20,0,0,0,20,4.0,0.5,"[0.375, 0.625]",1.0,"[1.0, 1.0]",0.0,"[0.0, 0.0]",0.0,"[0.0, 0.0]",0.5,"[0.375, 0.625]",0.625,"[0.5, 0.6875]",1.0,"[1.0, 1.0]",0.8125,"[0.75, 0.875]",0.3125,"[0.21875, 0.40625]",0.5,"[0.375, 0.625]",0.0,"[0.0, 0.0]",0.546875,"[0.421875, 0.671875]",True,[]
divergence-horizon-q0.5-h20,2,peak,none,incident-knowledge-only,20,0,0,0,20,4.0,0.5,"[0.4375, 0.5625]",1.0,"[1.0, 1.0]",0.0,"[0.0, 0.0]",0.0,"[0.0, 0.0]",0.5,"[0.4375, 0.5625]",1.0,"[1.0, 1.0]",1.0,"[1.0, 1.0]",1.0,"[1.0, 1.0]",0.21875,"[0.1875, 0.3125]",0.5,"[0.4375, 0.5625]",0.0,"[0.0, 0.0]",0.0,"[0.0, 0.0]",True,[]
divergence-horizon-q0.5-h20,2,peak,none,rate-only,20,0,0,0,20,4.0,0.5,"[0.375, 0.5]",1.0,"[1.0, 1.0]",0.0,"[0.0, 0.0]",0.0,"[0.0, 0.0]",0.5,"[0.5, 0.625]",0.625,"[0.5, 0.625]",0.875,"[0.75, 0.875]",0.5,"[0.4375, 0.5625]",0.25,"[0.1875, 0.375]",0.5,"[0.4375, 0.5625]",0.0,"[0.0, 0.0]",2.4375,"[2.1875, 2.53125]",True,[]
divergence-horizon-q0.5-h20,6,light,blocked_ew,aligned-control,20,0,8,0,20,3.0,0.375,"[0.25, 0.375]",1.0,"[1.0, 1.0]",0.0,"[0.0, 0.0]",0.625,"[0.5714285714285714, 0.7142857142857143]",0.625,"[0.625, 0.75]",1.0,"[1.0, 1.0]",1.0,"[1.0, 1.0]",1.0,"[1.0, 1.0]",0.0,"[0.0, 0.11458333333333343]",0.875,"[0.875, 1.0]",0.625,"[0.5, 0.625]",0.0,"[0.0, 0.0]",True,[]
divergence-horizon-q0.5-h20,6,light,blocked_ew,combined-rate-plus-incident,20,20,8,0,0,0.0,0.0,"[0.0, 0.0]",0.0,"[0.0, 0.0]",0.0,"[0.0, 0.0]",1.0,"[1.0, 1.0]",1.0,"[1.0, 1.0]",1.0,"[0.875, 1.0]",0.0,"[0.0, 0.0]",0.875,"[0.875, 1.0]",0.7499999999999998,"[0.6458333333333333, 0.9791666666666667]",0.875,"[0.875, 1.0]",0.875,"[0.875, 1.0]",4.135416666666666,"[4.041666666666666, 4.322916666666666]",False,"[""undefined_precision"", ""recommendations"", ""recommending_runs"", ""coverage"", ""precision"", ""abstention""]"
divergence-horizon-q0.5-h20,6,light,blocked_ew,heterogeneity-only,20,0,9,0,20,3.0,0.375,"[0.25, 0.4375]",1.0,"[1.0, 1.0]",0.0,"[0.0, 0.0]",0.625,"[0.5357142857142857, 0.7142857142857143]",0.625,"[0.5625, 0.75]",0.25,"[0.125, 0.25]",1.0,"[1.0, 1.0]",1.0,"[1.0, 1.0]",0.0,"[0.0, 0.11458333333333326]",0.875,"[0.875, 1.0]",0.625,"[0.5, 0.625]",0.3489583333333336,"[0.21875000000000022, 0.44791666666666624]",True,[]
divergence-horizon-q0.5-h20,6,light,blocked_ew,incident-knowledge-only,20,20,8,0,0,0.0,0.0,"[0.0, 0.0]",0.0,"[0.0, 0.0]",0.0,"[0.0, 0.0]",1.0,"[1.0, 1.0]",1.0,"[1.0, 1.0]",1.0,"[0.875, 1.0]",0.0,"[0.0, 0.0]",0.875,"[0.875, 1.0]",0.14583333333333326,"[0.10416666666666655, 0.4687500000000001]",0.875,"[0.875, 1.0]",0.875,"[0.875, 1.0]",0.4375000000000001,"[0.43749999999999983, 0.8958333333333331]",False,"[""undefined_precision"", ""recommendations"", ""recommending_runs"", ""coverage"", ""precision"", ""abstention""]"
divergence-horizon-q0.5-h20,6,light,blocked_ew,rate-only,20,0,8,0,20,2.0,0.25,"[0.25, 0.25]",1.0,"[1.0, 1.0]",0.0,"[0.0, 0.0]",0.7142857142857143,"[0.7142857142857143, 0.75]",0.75,"[0.75, 0.75]",0.125,"[0.125, 0.25]",0.9375,"[0.75, 1.0]",1.0,"[0.875, 1.0]",0.0,"[0.0, 0.11458333333333343]",0.875,"[0.875, 1.0]",0.625,"[0.625, 0.75]",2.1562499999999996,"[1.7083333333333335, 2.479166666666667]",False,"[""abstention""]"
divergence-horizon-q0.5-h20,6,light,none,aligned-control,20,3,1,3,17,1.5,0.1875,"[0.125, 0.375]",1.0,"[1.0, 1.0]",0.0,"[0.0, 0.0]",0.0,"[0.0, 0.0]",0.8125,"[0.625, 0.875]",1.0,"[1.0, 1.0]",1.0,"[1.0, 1.0]",1.0,"[1.0, 1.0]",0.8020833333333334,"[0.5833333333333334, 0.9479166666666667]",0.1875,"[0.125, 0.375]",0.0,"[0.0, 0.0]",0.0,"[0.0, 0.0]",False,"[""undefined_precision"", ""recommendations"", ""coverage"", ""abstention""]"
divergence-horizon-q0.5-h20,6,light,none,combined-rate-plus-incident,20,3,1,3,17,1.5,0.1875,"[0.125, 0.375]",1.0,"[1.0, 1.0]",0.0,"[0.0, 0.0]",0.0,"[0.0, 0.0]",0.8125,"[0.625, 0.875]",0.5,"[0.4375, 0.625]",1.0,"[1.0, 1.0]",0.9375,"[0.8125, 1.0]",0.8020833333333334,"[0.5833333333333334, 0.9479166666666667]",0.1875,"[0.125, 0.375]",0.0,"[0.0, 0.0]",0.35416666666666674,"[0.30208333333333337, 0.4166666666666667]",False,"[""undefined_precision"", ""recommendations"", ""coverage"", ""abstention""]"
divergence-horizon-q0.5-h20,6,light,none,heterogeneity-only,20,5,0,5,15,2.0,0.25,"[0.125, 0.375]",1.0,"[0.9285714285714286, 1.0]",0.0,"[0.0, 0.0]",0.0,"[0.0, 0.0]",0.75,"[0.625, 0.875]",0.5,"[0.5, 0.75]",1.0,"[1.0, 1.0]",0.875,"[0.875, 1.0]",0.7916666666666667,"[0.5208333333333333, 0.890625]",0.25,"[0.125, 0.375]",0.0,"[0.0, 0.0]",0.1041666666666667,"[0.08333333333333331, 0.15104166666666663]",False,"[""undefined_precision"", ""abstention""]"
divergence-horizon-q0.5-h20,6,light,none,incident-knowledge-only,20,3,1,3,17,1.5,0.1875,"[0.125, 0.375]",1.0,"[1.0, 1.0]",0.0,"[0.0, 0.0]",0.0,"[0.0, 0.0]",0.8125,"[0.625, 0.875]",1.0,"[1.0, 1.0]",1.0,"[1.0, 1.0]",1.0,"[1.0, 1.0]",0.8020833333333334,"[0.5833333333333334, 0.9479166666666667]",0.1875,"[0.125, 0.375]",0.0,"[0.0, 0.0]",0.0,"[0.0, 0.0]",False,"[""undefined_precision"", ""recommendations"", ""coverage"", ""abstention""]"
divergence-horizon-q0.5-h20,6,light,none,rate-only,20,3,1,3,17,1.5,0.1875,"[0.125, 0.375]",1.0,"[1.0, 1.0]",0.0,"[0.0, 0.0]",0.0,"[0.0, 0.0]",0.8125,"[0.625, 0.875]",0.5,"[0.4375, 0.625]",1.0,"[1.0, 1.0]",0.9375,"[0.8125, 1.0]",0.8020833333333334,"[0.5833333333333334, 0.9479166666666667]",0.1875,"[0.125, 0.375]",0.0,"[0.0, 0.0]",0.35416666666666674,"[0.2916666666666667, 0.40625000000000006]",False,"[""undefined_precision"", ""recommendations"", ""coverage"", ""abstention""]"
divergence-horizon-q0.5-h20,6,peak,blocked_ew,aligned-control,20,20,0,0,0,0.0,0.0,"[0.0, 0.0]",0.0,"[0.0, 0.0]",0.0,"[0.0, 0.0]",1.0,"[1.0, 1.0]",1.0,"[1.0, 1.0]",1.0,"[1.0, 1.0]",1.0,"[1.0, 1.0]",1.0,"[1.0, 1.0]",0.7499999999999999,"[0.5, 0.75]",0.625,"[0.625, 0.75]",0.625,"[0.625, 0.75]",0.0,"[0.0, 0.0]",False,"[""undefined_precision"", ""recommendations"", ""recommending_runs"", ""coverage"", ""precision"", ""abstention""]"
divergence-horizon-q0.5-h20,6,peak,blocked_ew,combined-rate-plus-incident,20,20,0,0,0,0.0,0.0,"[0.0, 0.0]",0.0,"[0.0, 0.0]",0.0,"[0.0, 0.0]",1.0,"[1.0, 1.0]",1.0,"[1.0, 1.0]",0.625,"[0.625, 0.75]",0.25,"[0.1875, 0.375]",0.625,"[0.625, 0.75]",1.34375,"[1.020833333333334, 1.791666666666667]",0.625,"[0.625, 0.75]",0.625,"[0.625, 0.75]",7.364583333333334,"[7.020833333333335, 7.968750000000002]",False,"[""undefined_precision"", ""recommendations"", ""recommending_runs"", ""coverage"", ""precision"", ""abstention""]"
divergence-horizon-q0.5-h20,6,peak,blocked_ew,heterogeneity-only,20,19,0,0,1,0.0,0.0,"[0.0, 0.0]",0.0,"[0.0, 0.0]",0.0,"[0.0, 0.0]",1.0,"[1.0, 1.0]",1.0,"[1.0, 1.0]",0.25,"[0.25, 0.375]",1.0,"[1.0, 1.0]",1.0,"[1.0, 1.0]",0.5729166666666667,"[0.47916666666666674, 0.8125000000000003]",0.6875,"[0.625, 0.75]",0.6875,"[0.625, 0.75]",0.5937499999999991,"[0.5364583333333346, 0.6562500000000013]",False,"[""undefined_precision"", ""recommendations"", ""recommending_runs"", ""coverage"", ""precision"", ""abstention""]"
divergence-horizon-q0.5-h20,6,peak,blocked_ew,incident-knowledge-only,20,20,0,0,0,0.0,0.0,"[0.0, 0.0]",0.0,"[0.0, 0.0]",0.0,"[0.0, 0.0]",1.0,"[1.0, 1.0]",1.0,"[1.0, 1.0]",0.625,"[0.625, 0.75]",0.375,"[0.375, 0.4375]",0.8125,"[0.75, 0.875]",1.3437499999999996,"[0.895833333333333, 1.5416666666666679]",0.625,"[0.625, 0.75]",0.625,"[0.625, 0.75]",1.53125,"[1.0208333333333335, 1.8958333333333335]",False,"[""undefined_precision"", ""recommendations"", ""recommending_runs"", ""coverage"", ""precision"", ""abstention""]"
divergence-horizon-q0.5-h20,6,peak,blocked_ew,rate-only,20,20,0,0,0,0.0,0.0,"[0.0, 0.0]",0.0,"[0.0, 0.0]",0.0,"[0.0, 0.0]",1.0,"[1.0, 1.0]",1.0,"[1.0, 1.0]",0.3125,"[0.25, 0.375]",1.0,"[1.0, 1.0]",0.625,"[0.625, 0.75]",0.7499999999999999,"[0.5, 0.75]",0.625,"[0.625, 0.75]",0.625,"[0.625, 0.75]",5.041666666666667,"[4.770833333333332, 5.125000000000003]",False,"[""undefined_precision"", ""recommendations"", ""recommending_runs"", ""coverage"", ""precision"", ""abstention""]"
divergence-horizon-q0.5-h20,6,peak,none,aligned-control,20,20,0,0,0,0.0,0.0,"[0.0, 0.0]",0.0,"[0.0, 0.0]",0.0,"[0.0, 0.0]",1.0,"[1.0, 1.0]",1.0,"[1.0, 1.0]",1.0,"[1.0, 1.0]",1.0,"[1.0, 1.0]",1.0,"[1.0, 1.0]",0.6562499999999999,"[0.5416666666666661, 0.7291666666666665]",0.5,"[0.375, 0.5]",0.5,"[0.375, 0.5]",0.0,"[0.0, 0.0]",False,"[""undefined_precision"", ""recommendations"", ""recommending_runs"", ""coverage"", ""precision"", ""abstention""]"
divergence-horizon-q0.5-h20,6,peak,none,combined-rate-plus-incident,20,14,0,0,6,0.0,0.0,"[0.0, 0.0625]",0.0,"[0.0, 0.0]",0.0,"[0.0, 0.07142857142857142]",1.0,"[1.0, 1.0]",1.0,"[0.9375, 1.0]",0.5625,"[0.5, 0.6875]",0.6875,"[0.625, 0.75]",0.5,"[0.375, 0.5]",0.8333333333333344,"[0.7604166666666666, 0.8750000000000001]",0.5,"[0.375, 0.5]",0.5,"[0.375, 0.5]",5.28125,"[4.71875, 5.718750000000001]",False,"[""undefined_precision"", ""recommendations"", ""recommending_runs"", ""coverage"", ""precision"", ""abstention""]"
divergence-horizon-q0.5-h20,6,peak,none,heterogeneity-only,20,20,0,1,0,0.0,0.0,"[0.0, 0.0]",0.0,"[0.0, 0.0]",0.0,"[0.0, 0.0]",1.0,"[1.0, 1.0]",1.0,"[1.0, 1.0]",0.625,"[0.5, 0.75]",1.0,"[1.0, 1.0]",0.875,"[0.875, 1.0]",0.6406250000000004,"[0.4895833333333337, 0.9374999999999994]",0.5,"[0.25, 0.5]",0.5,"[0.25, 0.5]",0.7187499999999998,"[0.6510416666666664, 0.8124999999999996]",False,"[""undefined_precision"", ""recommendations"", ""recommending_runs"", ""coverage"", ""precision"", ""abstention""]"
divergence-horizon-q0.5-h20,6,peak,none,incident-knowledge-only,20,20,0,0,0,0.0,0.0,"[0.0, 0.0]",0.0,"[0.0, 0.0]",0.0,"[0.0, 0.0]",1.0,"[1.0, 1.0]",1.0,"[1.0, 1.0]",1.0,"[1.0, 1.0]",1.0,"[1.0, 1.0]",1.0,"[1.0, 1.0]",0.6562499999999999,"[0.5416666666666665, 0.7291666666666665]",0.5,"[0.375, 0.5]",0.5,"[0.375, 0.5]",0.0,"[0.0, 0.0]",False,"[""undefined_precision"", ""recommendations"", ""recommending_runs"", ""coverage"", ""precision"", ""abstention""]"
divergence-horizon-q0.5-h20,6,peak,none,rate-only,20,14,0,0,6,0.0,0.0,"[0.0, 0.0625]",0.0,"[0.0, 0.0]",0.0,"[0.0, 0.07142857142857142]",1.0,"[1.0, 1.0]",1.0,"[0.9375, 1.0]",0.5625,"[0.5, 0.6875]",0.6875,"[0.625, 0.75]",0.5,"[0.375, 0.5]",0.8333333333333344,"[0.7604166666666666, 0.8750000000000001]",0.5,"[0.375, 0.5]",0.5,"[0.375, 0.5]",5.28125,"[4.71875, 5.791666666666668]",False,"[""undefined_precision"", ""recommendations"", ""recommending_runs"", ""coverage"", ""precision"", ""abstention""]"
divergence-horizon-q0.5-h20,20,light,blocked_ew,aligned-control,20,17,12,0,3,0.0,0.0,"[0.0, 0.0]",0.0,"[0.0, 0.0]",0.0,"[0.0, 0.0]",1.0,"[1.0, 1.0]",1.0,"[1.0, 1.0]",1.0,"[1.0, 1.0]",1.0,"[1.0, 1.0]",1.0,"[1.0, 1.0]",0.0,"[0.0, 0.06875000000000003]",1.0,"[0.875, 1.0]",0.875,"[0.875, 1.0]",0.0,"[0.0, 0.0]",False,"[""undefined_precision"", ""recommendations"", ""recommending_runs"", ""coverage"", ""precision"", ""abstention""]"
divergence-horizon-q0.5-h20,20,light,blocked_ew,combined-rate-plus-incident,20,20,11,0,0,0.0,0.0,"[0.0, 0.0]",0.0,"[0.0, 0.0]",0.0,"[0.0, 0.0]",1.0,"[1.0, 1.0]",1.0,"[1.0, 1.0]",1.0,"[0.875, 1.0]",0.0,"[0.0, 0.0]",1.0,"[0.875, 1.0]",1.5812499999999998,"[1.0687500000000005, 2.159375]",1.0,"[0.875, 1.0]",1.0,"[0.875, 1.0]",10.671875,"[9.2, 11.73125]",False,"[""undefined_precision"", ""recommendations"", ""recommending_runs"", ""coverage"", ""precision"", ""abstention""]"
divergence-horizon-q0.5-h20,20,light,blocked_ew,heterogeneity-only,20,16,10,0,4,0.0,0.0,"[0.0, 0.0]",0.0,"[0.0, 0.0]",0.0,"[0.0, 0.0]",1.0,"[1.0, 1.0]",1.0,"[1.0, 1.0]",0.125,"[0.125, 0.25]",1.0,"[1.0, 1.0]",1.0,"[1.0, 1.0]",0.025000000000000022,"[0.0, 0.12812500000000016]",0.9375,"[0.875, 1.0]",0.875,"[0.875, 1.0]",0.3328125000000002,"[0.2578125, 0.38906249999999987]",False,"[""undefined_precision"", ""recommendations"", ""recommending_runs"", ""coverage"", ""precision"", ""abstention""]"
divergence-horizon-q0.5-h20,20,light,blocked_ew,incident-knowledge-only,20,20,11,0,0,0.0,0.0,"[0.0, 0.0]",0.0,"[0.0, 0.0]",0.0,"[0.0, 0.0]",1.0,"[1.0, 1.0]",1.0,"[1.0, 1.0]",1.0,"[0.875, 1.0]",0.0,"[0.0, 0.0]",1.0,"[0.875, 1.0]",1.0562500000000004,"[0.8499999999999998, 1.4343750000000002]",1.0,"[0.875, 1.0]",1.0,"[0.875, 1.0]",3.871875,"[3.4750000000000005, 4.2875]",False,"[""undefined_precision"", ""recommendations"", ""recommending_runs"", ""coverage"", ""precision"", ""abstention""]"
divergence-horizon-q0.5-h20,20,light,blocked_ew,rate-only,20,17,12,0,3,0.0,0.0,"[0.0, 0.0]",0.0,"[0.0, 0.0]",0.0,"[0.0, 0.0]",1.0,"[1.0, 1.0]",1.0,"[1.0, 1.0]",0.125,"[0.125, 0.125]",1.0,"[1.0, 1.0]",1.0,"[1.0, 1.0]",0.0,"[0.0, 0.050000000000000044]",1.0,"[0.875, 1.0]",0.875,"[0.875, 1.0]",2.1343749999999995,"[1.478125, 2.678125]",False,"[""undefined_precision"", ""recommendations"", ""recommending_runs"", ""coverage"", ""precision"", ""abstention""]"
divergence-horizon-q0.5-h20,20,light,none,aligned-control,20,10,2,1,10,0.5,0.0625,"[0.0, 0.125]",0.5,"[0.0, 1.0]",0.0,"[0.0, 0.0]",0.8660714285714286,"[0.8, 1.0]",0.9375,"[0.875, 1.0]",1.0,"[1.0, 1.0]",1.0,"[1.0, 1.0]",1.0,"[1.0, 1.0]",0.39062499999999994,"[0.17500000000000002, 0.590625]",0.625,"[0.375, 0.75]",0.5,"[0.375, 0.625]",0.0,"[0.0, 0.0]",False,"[""undefined_precision"", ""recommendations"", ""recommending_runs"", ""coverage"", ""precision"", ""abstention""]"
divergence-horizon-q0.5-h20,20,light,none,combined-rate-plus-incident,20,8,2,1,12,1.0,0.125,"[0.0, 0.125]",0.5,"[0.0, 1.0]",0.0,"[0.0, 0.0]",0.8660714285714286,"[0.8, 1.0]",0.875,"[0.875, 1.0]",0.125,"[0.0, 0.125]",1.0,"[0.875, 1.0]",1.0,"[0.875, 1.0]",0.39062499999999994,"[0.17187500000000006, 0.590625]",0.625,"[0.375, 0.75]",0.5,"[0.375, 0.625]",0.19687499999999997,"[0.16874999999999996, 0.225]",False,"[""undefined_precision"", ""recommendations"", ""coverage"", ""precision"", ""abstention""]"
divergence-horizon-q0.5-h20,20,light,none,heterogeneity-only,20,10,3,1,10,0.5,0.0625,"[0.0, 0.125]",0.5,"[0.0, 1.0]",0.0,"[0.0, 0.0]",0.8571428571428571,"[0.775, 1.0]",0.9375,"[0.875, 1.0]",0.375,"[0.375, 0.5]",1.0,"[1.0, 1.0]",1.0,"[1.0, 1.0]",0.3109375,"[0.08593749999999997, 0.5984375]",0.625,"[0.5, 0.875]",0.5625,"[0.375, 0.625]",0.043750000000000025,"[0.03906249999999998, 0.059375]",False,"[""undefined_precision"", ""recommendations"", ""recommending_runs"", ""coverage"", ""precision"", ""abstention""]"
divergence-horizon-q0.5-h20,20,light,none,incident-knowledge-only,20,10,2,1,10,0.5,0.0625,"[0.0, 0.125]",0.5,"[0.0, 1.0]",0.0,"[0.0, 0.0]",0.8660714285714286,"[0.8, 1.0]",0.9375,"[0.875, 1.0]",1.0,"[1.0, 1.0]",1.0,"[1.0, 1.0]",1.0,"[1.0, 1.0]",0.39062499999999994,"[0.17187500000000006, 0.5999999999999999]",0.625,"[0.375, 0.75]",0.5,"[0.375, 0.625]",0.0,"[0.0, 0.0]",False,"[""undefined_precision"", ""recommendations"", ""recommending_runs"", ""coverage"", ""precision"", ""abstention""]"
divergence-horizon-q0.5-h20,20,light,none,rate-only,20,8,2,1,12,1.0,0.125,"[0.0, 0.125]",0.5,"[0.0, 1.0]",0.0,"[0.0, 0.0]",0.8660714285714286,"[0.8, 1.0]",0.875,"[0.875, 1.0]",0.125,"[0.0, 0.125]",1.0,"[0.875, 1.0]",1.0,"[0.875, 1.0]",0.39062499999999994,"[0.17500000000000004, 0.590625]",0.625,"[0.375, 0.75]",0.5,"[0.375, 0.625]",0.19687499999999997,"[0.16249999999999992, 0.225]",False,"[""undefined_precision"", ""recommendations"", ""coverage"", ""precision"", ""abstention""]"
divergence-horizon-q0.5-h20,20,peak,blocked_ew,aligned-control,20,20,0,0,0,0.0,0.0,"[0.0, 0.0]",0.0,"[0.0, 0.0]",0.0,"[0.0, 0.0]",1.0,"[1.0, 1.0]",1.0,"[1.0, 1.0]",1.0,"[1.0, 1.0]",1.0,"[1.0, 1.0]",1.0,"[1.0, 1.0]",1.35,"[1.1875, 1.375]",0.75,"[0.75, 0.75]",0.75,"[0.75, 0.75]",0.0,"[0.0, 0.0]",False,"[""undefined_precision"", ""recommendations"", ""recommending_runs"", ""coverage"", ""precision"", ""abstention""]"
divergence-horizon-q0.5-h20,20,peak,blocked_ew,combined-rate-plus-incident,20,20,0,0,0,0.0,0.0,"[0.0, 0.0]",0.0,"[0.0, 0.0]",0.0,"[0.0, 0.0]",1.0,"[1.0, 1.0]",1.0,"[1.0, 1.0]",0.75,"[0.75, 0.75]",0.0,"[0.0, 0.0]",0.75,"[0.75, 0.75]",2.7281250000000004,"[2.6593750000000003, 2.934375]",0.75,"[0.75, 0.75]",0.75,"[0.75, 0.75]",19.124999999999993,"[18.346874999999997, 19.406249999999996]",False,"[""undefined_precision"", ""recommendations"", ""recommending_runs"", ""coverage"", ""precision"", ""abstention""]"
divergence-horizon-q0.5-h20,20,peak,blocked_ew,heterogeneity-only,20,20,0,0,0,0.0,0.0,"[0.0, 0.0]",0.0,"[0.0, 0.0]",0.0,"[0.0, 0.0]",1.0,"[1.0, 1.0]",1.0,"[1.0, 1.0]",0.125,"[0.0, 0.125]",1.0,"[1.0, 1.0]",1.0,"[1.0, 1.0]",1.2968749999999991,"[1.2124999999999995, 1.3515625]",0.75,"[0.75, 0.75]",0.75,"[0.75, 0.75]",1.2125000000000008,"[0.9421875000000028, 1.331250000000003]",False,"[""undefined_precision"", ""recommendations"", ""recommending_runs"", ""coverage"", ""precision"", ""abstention""]"
divergence-horizon-q0.5-h20,20,peak,blocked_ew,incident-knowledge-only,20,20,0,0,0,0.0,0.0,"[0.0, 0.0]",0.0,"[0.0, 0.0]",0.0,"[0.0, 0.0]",1.0,"[1.0, 1.0]",1.0,"[1.0, 1.0]",0.75,"[0.75, 0.75]",0.25,"[0.25, 0.25]",1.0,"[0.9375, 1.0]",1.4375000000000004,"[1.271875, 1.6187500000000004]",0.75,"[0.75, 0.75]",0.75,"[0.75, 0.75]",1.3968749999999996,"[1.0937500000000013, 1.7062499999999994]",False,"[""undefined_precision"", ""recommendations"", ""recommending_runs"", ""coverage"", ""precision"", ""abstention""]"
divergence-horizon-q0.5-h20,20,peak,blocked_ew,rate-only,20,20,0,0,0,0.0,0.0,"[0.0, 0.0]",0.0,"[0.0, 0.0]",0.0,"[0.0, 0.0]",1.0,"[1.0, 1.0]",1.0,"[1.0, 1.0]",0.125,"[0.0, 0.125]",1.0,"[1.0, 1.0]",0.75,"[0.75, 0.875]",1.35,"[1.1875, 1.375]",0.75,"[0.75, 0.75]",0.75,"[0.75, 0.75]",13.693749999999994,"[13.096874999999994, 14.44375]",False,"[""undefined_precision"", ""recommendations"", ""recommending_runs"", ""coverage"", ""precision"", ""abstention""]"
divergence-horizon-q0.5-h20,20,peak,none,aligned-control,20,20,0,2,0,0.0,0.0,"[0.0, 0.0]",0.0,"[0.0, 0.0]",0.0,"[0.0, 0.0]",1.0,"[1.0, 1.0]",1.0,"[1.0, 1.0]",1.0,"[1.0, 1.0]",1.0,"[1.0, 1.0]",1.0,"[1.0, 1.0]",2.1937499999999996,"[1.5937499999999996, 2.5124999999999984]",0.1875,"[0.125, 0.25]",0.1875,"[0.125, 0.25]",0.0,"[0.0, 0.0]",False,"[""undefined_precision"", ""recommendations"", ""recommending_runs"", ""coverage"", ""precision"", ""abstention""]"
divergence-horizon-q0.5-h20,20,peak,none,combined-rate-plus-incident,20,20,0,2,0,0.0,0.0,"[0.0, 0.0]",0.0,"[0.0, 0.0]",0.0,"[0.0, 0.0]",1.0,"[1.0, 1.0]",1.0,"[1.0, 1.0]",0.375,"[0.3125, 0.375]",0.5,"[0.5, 0.5]",0.375,"[0.3125, 0.375]",2.340625,"[1.8375000000000004, 2.8406249999999997]",0.1875,"[0.125, 0.25]",0.1875,"[0.125, 0.25]",11.734375,"[11.071874999999999, 12.384374999999999]",False,"[""undefined_precision"", ""recommendations"", ""recommending_runs"", ""coverage"", ""precision"", ""abstention""]"
divergence-horizon-q0.5-h20,20,peak,none,heterogeneity-only,20,20,0,0,0,0.0,0.0,"[0.0, 0.0]",0.0,"[0.0, 0.0]",0.0,"[0.0, 0.0]",1.0,"[1.0, 1.0]",1.0,"[1.0, 1.0]",0.625,"[0.5, 0.6875]",1.0,"[1.0, 1.0]",0.875,"[0.75, 0.875]",2.0734375,"[1.8218750000000004, 2.590625]",0.125,"[0.125, 0.25]",0.125,"[0.125, 0.25]",1.1093750000000013,"[0.9484374999999993, 1.2687500000000003]",False,"[""undefined_precision"", ""recommendations"", ""recommending_runs"", ""coverage"", ""precision"", ""abstention""]"
divergence-horizon-q0.5-h20,20,peak,none,incident-knowledge-only,20,20,0,2,0,0.0,0.0,"[0.0, 0.0]",0.0,"[0.0, 0.0]",0.0,"[0.0, 0.0]",1.0,"[1.0, 1.0]",1.0,"[1.0, 1.0]",1.0,"[1.0, 1.0]",1.0,"[1.0, 1.0]",1.0,"[1.0, 1.0]",2.1937499999999996,"[1.6593750000000007, 2.5124999999999984]",0.1875,"[0.125, 0.25]",0.1875,"[0.125, 0.25]",0.0,"[0.0, 0.0]",False,"[""undefined_precision"", ""recommendations"", ""recommending_runs"", ""coverage"", ""precision"", ""abstention""]"
divergence-horizon-q0.5-h20,20,peak,none,rate-only,20,20,0,2,0,0.0,0.0,"[0.0, 0.0]",0.0,"[0.0, 0.0]",0.0,"[0.0, 0.0]",1.0,"[1.0, 1.0]",1.0,"[1.0, 1.0]",0.375,"[0.3125, 0.375]",0.5,"[0.5, 0.5]",0.375,"[0.3125, 0.375]",2.340625,"[1.8375000000000004, 2.8406249999999997]",0.1875,"[0.125, 0.25]",0.1875,"[0.125, 0.25]",11.734375,"[10.974999999999998, 12.384374999999999]",False,"[""undefined_precision"", ""recommendations"", ""recommending_runs"", ""coverage"", ""precision"", ""abstention""]"
divergence-q0.75,2,light,blocked_ew,aligned-control,20,0,9,0,20,7.0,0.875,,1.0,,0.0,,0.0,,0.125,,1.0,,1.0,,1.0,,0.0,,0.875,,0.0,,0.0,,True,[]
divergence-q0.75,2,light,blocked_ew,combined-rate-plus-incident,20,20,7,0,0,0.0,0.0,,0.0,,0.0,,1.0,,1.0,,1.0,,0.0,,0.875,,0.1875,,0.875,,0.875,,1.625,,False,"[""undefined_precision"", ""recommendations"", ""recommending_runs"", ""coverage"", ""precision"", ""abstention""]"
divergence-q0.75,2,light,blocked_ew,heterogeneity-only,20,0,5,0,20,7.0,0.875,,1.0,,0.0,,0.0,,0.125,,0.4375,,1.0,,1.0,,0.0,,0.875,,0.0,,0.25,,True,[]
divergence-q0.75,2,light,blocked_ew,incident-knowledge-only,20,20,9,0,0,0.0,0.0,,0.0,,0.0,,1.0,,1.0,,1.0,,0.0,,0.875,,0.0,,0.875,,0.875,,0.125,,False,"[""undefined_precision"", ""recommendations"", ""recommending_runs"", ""coverage"", ""precision"", ""abstention""]"
divergence-q0.75,2,light,blocked_ew,rate-only,20,0,9,0,20,7.0,0.875,,1.0,,0.0,,0.0,,0.125,,0.1875,,0.875,,1.0,,0.0,,0.875,,0.0,,1.21875,,True,[]
divergence-q0.75,2,light,none,aligned-control,20,1,0,1,19,1.0,0.125,,1.0,,0.0,,0.0,,0.875,,1.0,,1.0,,1.0,,0.4375,,0.125,,0.0,,0.0,,False,"[""undefined_precision"", ""recommendations"", ""coverage"", ""abstention""]"
divergence-q0.75,2,light,none,combined-rate-plus-incident,20,5,0,1,15,1.0,0.125,,1.0,,0.0,,0.0,,0.875,,1.0,,0.75,,0.75,,0.46875,,0.125,,0.0,,0.5,,False,"[""undefined_precision"", ""recommendations"", ""coverage"", ""abstention""]"
divergence-q0.75,2,light,none,heterogeneity-only,20,4,0,3,16,1.0,0.125,,1.0,,0.0,,0.0,,0.875,,0.875,,0.875,,0.875,,0.4375,,0.125,,0.0,,0.15625,,False,"[""undefined_precision"", ""recommendations"", ""coverage"", ""abstention""]"
divergence-q0.75,2,light,none,incident-knowledge-only,20,1,0,1,19,1.0,0.125,,1.0,,0.0,,0.0,,0.875,,1.0,,1.0,,1.0,,0.4375,,0.125,,0.0,,0.0,,False,"[""undefined_precision"", ""recommendations"", ""coverage"", ""abstention""]"
divergence-q0.75,2,light,none,rate-only,20,5,0,1,15,1.0,0.125,,1.0,,0.0,,0.0,,0.875,,1.0,,0.75,,0.75,,0.46875,,0.125,,0.0,,0.5,,False,"[""undefined_precision"", ""recommendations"", ""coverage"", ""abstention""]"
divergence-q0.75,2,peak,blocked_ew,aligned-control,20,0,0,0,20,4.0,0.5,,1.0,,0.0,,0.0,,0.5,,1.0,,1.0,,1.0,,0.375,,0.5,,0.0,,0.0,,True,[]
divergence-q0.75,2,peak,blocked_ew,combined-rate-plus-incident,20,20,0,0,0,0.0,0.0,,0.0,,0.0,,1.0,,1.0,,0.75,,0.5,,0.5,,0.59375,,0.5,,0.5,,3.375,,False,"[""undefined_precision"", ""recommendations"", ""recommending_runs"", ""coverage"", ""precision"", ""abstention""]"
divergence-q0.75,2,peak,blocked_ew,heterogeneity-only,20,0,0,0,20,4.5,0.5625,,1.0,,0.0,,0.0,,0.4375,,0.5,,1.0,,0.875,,0.3125,,0.5625,,0.0,,0.46875,,True,[]
divergence-q0.75,2,peak,blocked_ew,incident-knowledge-only,20,20,0,0,0,0.0,0.0,,0.0,,0.0,,1.0,,1.0,,0.5,,0.5,,0.75,,0.59375,,0.5,,0.5,,0.84375,,False,"[""undefined_precision"", ""recommendations"", ""recommending_runs"", ""coverage"", ""precision"", ""abstention""]"
divergence-q0.75,2,peak,blocked_ew,rate-only,20,0,0,0,20,4.0,0.5,,1.0,,0.0,,0.0,,0.5,,0.5,,1.0,,0.5,,0.375,,0.5,,0.0,,1.96875,,True,[]
divergence-q0.75,2,peak,none,aligned-control,20,0,0,0,20,4.0,0.5,,1.0,,0.0,,0.0,,0.5,,1.0,,1.0,,1.0,,0.21875,,0.5,,0.0,,0.0,,True,[]
divergence-q0.75,2,peak,none,combined-rate-plus-incident,20,0,0,0,20,4.0,0.5,,1.0,,0.0,,0.0,,0.5,,0.625,,0.875,,0.5,,0.25,,0.5,,0.0,,2.4375,,True,[]
divergence-q0.75,2,peak,none,heterogeneity-only,20,0,0,0,20,4.0,0.5,,1.0,,0.0,,0.0,,0.5,,0.625,,1.0,,0.8125,,0.3125,,0.5,,0.0,,0.546875,,True,[]
divergence-q0.75,2,peak,none,incident-knowledge-only,20,0,0,0,20,4.0,0.5,,1.0,,0.0,,0.0,,0.5,,1.0,,1.0,,1.0,,0.21875,,0.5,,0.0,,0.0,,True,[]
divergence-q0.75,2,peak,none,rate-only,20,0,0,0,20,4.0,0.5,,1.0,,0.0,,0.0,,0.5,,0.625,,0.875,,0.5,,0.25,,0.5,,0.0,,2.4375,,True,[]
divergence-q0.75,6,light,blocked_ew,aligned-control,20,0,8,0,20,7.0,0.875,,1.0,,0.0,,0.0,,0.125,,1.0,,1.0,,1.0,,0.0,,0.875,,0.0,,0.0,,True,[]
divergence-q0.75,6,light,blocked_ew,combined-rate-plus-incident,20,20,8,0,0,0.0,0.0,,0.0,,0.0,,1.0,,1.0,,1.0,,0.0,,0.875,,0.7499999999999998,,0.875,,0.875,,4.135416666666666,,False,"[""undefined_precision"", ""recommendations"", ""recommending_runs"", ""coverage"", ""precision"", ""abstention""]"
divergence-q0.75,6,light,blocked_ew,heterogeneity-only,20,0,9,0,20,7.0,0.875,,1.0,,0.0,,0.0,,0.125,,0.25,,1.0,,1.0,,0.0,,0.875,,0.0,,0.3489583333333336,,True,[]
divergence-q0.75,6,light,blocked_ew,incident-knowledge-only,20,20,8,0,0,0.0,0.0,,0.0,,0.0,,1.0,,1.0,,1.0,,0.0,,0.875,,0.14583333333333326,,0.875,,0.875,,0.4375000000000001,,False,"[""undefined_precision"", ""recommendations"", ""recommending_runs"", ""coverage"", ""precision"", ""abstention""]"
divergence-q0.75,6,light,blocked_ew,rate-only,20,0,8,0,20,7.0,0.875,,1.0,,0.0,,0.0,,0.125,,0.125,,0.9375,,1.0,,0.0,,0.875,,0.0,,2.1562499999999996,,True,[]
divergence-q0.75,6,light,none,aligned-control,20,3,1,3,17,1.5,0.1875,,1.0,,0.0,,0.0,,0.8125,,1.0,,1.0,,1.0,,0.8020833333333334,,0.1875,,0.0,,0.0,,False,"[""undefined_precision"", ""recommendations"", ""coverage"", ""abstention""]"
divergence-q0.75,6,light,none,combined-rate-plus-incident,20,3,1,3,17,1.5,0.1875,,1.0,,0.0,,0.0,,0.8125,,0.5,,1.0,,0.9375,,0.8020833333333334,,0.1875,,0.0,,0.35416666666666674,,False,"[""undefined_precision"", ""recommendations"", ""coverage"", ""abstention""]"
divergence-q0.75,6,light,none,heterogeneity-only,20,5,0,5,15,2.0,0.25,,1.0,,0.0,,0.0,,0.75,,0.5,,1.0,,0.875,,0.7916666666666667,,0.25,,0.0,,0.1041666666666667,,False,"[""undefined_precision"", ""abstention""]"
divergence-q0.75,6,light,none,incident-knowledge-only,20,3,1,3,17,1.5,0.1875,,1.0,,0.0,,0.0,,0.8125,,1.0,,1.0,,1.0,,0.8020833333333334,,0.1875,,0.0,,0.0,,False,"[""undefined_precision"", ""recommendations"", ""coverage"", ""abstention""]"
divergence-q0.75,6,light,none,rate-only,20,3,1,3,17,1.5,0.1875,,1.0,,0.0,,0.0,,0.8125,,0.5,,1.0,,0.9375,,0.8020833333333334,,0.1875,,0.0,,0.35416666666666674,,False,"[""undefined_precision"", ""recommendations"", ""coverage"", ""abstention""]"
divergence-q0.75,6,peak,blocked_ew,aligned-control,20,0,0,0,20,5.0,0.625,,1.0,,0.0,,0.0,,0.375,,1.0,,1.0,,1.0,,0.7499999999999999,,0.625,,0.0,,0.0,,True,[]
divergence-q0.75,6,peak,blocked_ew,combined-rate-plus-incident,20,20,0,0,0,0.0,0.0,,0.0,,0.0,,1.0,,1.0,,0.625,,0.25,,0.625,,1.34375,,0.625,,0.625,,7.364583333333334,,False,"[""undefined_precision"", ""recommendations"", ""recommending_runs"", ""coverage"", ""precision"", ""abstention""]"
divergence-q0.75,6,peak,blocked_ew,heterogeneity-only,20,0,0,0,20,5.5,0.6875,,1.0,,0.0,,0.0,,0.3125,,0.25,,1.0,,1.0,,0.5729166666666667,,0.6875,,0.0,,0.5937499999999991,,True,[]
divergence-q0.75,6,peak,blocked_ew,incident-knowledge-only,20,20,0,0,0,0.0,0.0,,0.0,,0.0,,1.0,,1.0,,0.625,,0.375,,0.8125,,1.3437499999999996,,0.625,,0.625,,1.53125,,False,"[""undefined_precision"", ""recommendations"", ""recommending_runs"", ""coverage"", ""precision"", ""abstention""]"
divergence-q0.75,6,peak,blocked_ew,rate-only,20,0,0,0,20,5.0,0.625,,1.0,,0.0,,0.0,,0.375,,0.3125,,1.0,,0.625,,0.7499999999999999,,0.625,,0.0,,5.041666666666667,,True,[]
divergence-q0.75,6,peak,none,aligned-control,20,0,0,0,20,4.0,0.5,,1.0,,0.0,,0.0,,0.5,,1.0,,1.0,,1.0,,0.6562499999999999,,0.5,,0.0,,0.0,,True,[]
divergence-q0.75,6,peak,none,combined-rate-plus-incident,20,0,0,0,20,3.5,0.4375,,1.0,,0.0,,0.2,,0.5625,,0.5625,,0.6875,,0.5,,0.8333333333333344,,0.5,,0.125,,5.28125,,True,[]
divergence-q0.75,6,peak,none,heterogeneity-only,20,1,0,1,19,3.5,0.4375,,1.0,,0.0,,0.0,,0.5625,,0.625,,1.0,,0.875,,0.6406250000000004,,0.5,,0.0,,0.7187499999999998,,False,"[""undefined_precision""]"
divergence-q0.75,6,peak,none,incident-knowledge-only,20,0,0,0,20,4.0,0.5,,1.0,,0.0,,0.0,,0.5,,1.0,,1.0,,1.0,,0.6562499999999999,,0.5,,0.0,,0.0,,True,[]
divergence-q0.75,6,peak,none,rate-only,20,0,0,0,20,3.5,0.4375,,1.0,,0.0,,0.2,,0.5625,,0.5625,,0.6875,,0.5,,0.8333333333333344,,0.5,,0.125,,5.28125,,True,[]
divergence-q0.75,20,light,blocked_ew,aligned-control,20,0,12,0,20,1.0,0.125,,1.0,,0.0,,0.8571428571428571,,0.875,,1.0,,1.0,,1.0,,0.0,,1.0,,0.75,,0.0,,False,"[""recommendations"", ""coverage"", ""abstention""]"
divergence-q0.75,20,light,blocked_ew,combined-rate-plus-incident,20,20,11,0,0,0.0,0.0,,0.0,,0.0,,1.0,,1.0,,1.0,,0.0,,1.0,,1.5812499999999998,,1.0,,1.0,,10.671875,,False,"[""undefined_precision"", ""recommendations"", ""recommending_runs"", ""coverage"", ""precision"", ""abstention""]"
divergence-q0.75,20,light,blocked_ew,heterogeneity-only,20,0,10,0,20,1.0,0.125,,1.0,,0.0,,0.8571428571428571,,0.875,,0.125,,1.0,,1.0,,0.025000000000000022,,0.9375,,0.75,,0.3328125000000002,,False,"[""recommendations"", ""coverage"", ""abstention""]"
divergence-q0.75,20,light,blocked_ew,incident-knowledge-only,20,20,11,0,0,0.0,0.0,,0.0,,0.0,,1.0,,1.0,,1.0,,0.0,,1.0,,1.0562500000000004,,1.0,,1.0,,3.871875,,False,"[""undefined_precision"", ""recommendations"", ""recommending_runs"", ""coverage"", ""precision"", ""abstention""]"
divergence-q0.75,20,light,blocked_ew,rate-only,20,0,12,0,20,1.0,0.125,,1.0,,0.0,,0.8571428571428571,,0.875,,0.125,,1.0,,1.0,,0.0,,1.0,,0.75,,2.1343749999999995,,False,"[""recommendations"", ""coverage"", ""abstention""]"
divergence-q0.75,20,light,none,aligned-control,20,1,2,1,19,4.5,0.5625,,1.0,,0.0,,0.0,,0.4375,,1.0,,1.0,,1.0,,0.39062499999999994,,0.625,,0.0,,0.0,,False,"[""undefined_precision""]"
divergence-q0.75,20,light,none,combined-rate-plus-incident,20,0,2,1,20,4.5,0.5625,,1.0,,0.0,,0.0,,0.4375,,0.125,,1.0,,1.0,,0.39062499999999994,,0.625,,0.0,,0.19687499999999997,,True,[]
divergence-q0.75,20,light,none,heterogeneity-only,20,1,3,1,19,5.0,0.625,,1.0,,0.0,,0.0,,0.375,,0.375,,1.0,,1.0,,0.3109375,,0.625,,0.0,,0.043750000000000025,,False,"[""undefined_precision""]"
divergence-q0.75,20,light,none,incident-knowledge-only,20,1,2,1,19,4.5,0.5625,,1.0,,0.0,,0.0,,0.4375,,1.0,,1.0,,1.0,,0.39062499999999994,,0.625,,0.0,,0.0,,False,"[""undefined_precision""]"
divergence-q0.75,20,light,none,rate-only,20,0,2,1,20,4.5,0.5625,,1.0,,0.0,,0.0,,0.4375,,0.125,,1.0,,1.0,,0.39062499999999994,,0.625,,0.0,,0.19687499999999997,,True,[]
divergence-q0.75,20,peak,blocked_ew,aligned-control,20,20,0,0,0,0.0,0.0,,0.0,,0.0,,1.0,,1.0,,1.0,,1.0,,1.0,,1.35,,0.75,,0.75,,0.0,,False,"[""undefined_precision"", ""recommendations"", ""recommending_runs"", ""coverage"", ""precision"", ""abstention""]"
divergence-q0.75,20,peak,blocked_ew,combined-rate-plus-incident,20,20,0,0,0,0.0,0.0,,0.0,,0.0,,1.0,,1.0,,0.75,,0.0,,0.75,,2.7281250000000004,,0.75,,0.75,,19.124999999999993,,False,"[""undefined_precision"", ""recommendations"", ""recommending_runs"", ""coverage"", ""precision"", ""abstention""]"
divergence-q0.75,20,peak,blocked_ew,heterogeneity-only,20,20,0,0,0,0.0,0.0,,0.0,,0.0,,1.0,,1.0,,0.125,,1.0,,1.0,,1.2968749999999991,,0.75,,0.75,,1.2125000000000008,,False,"[""undefined_precision"", ""recommendations"", ""recommending_runs"", ""coverage"", ""precision"", ""abstention""]"
divergence-q0.75,20,peak,blocked_ew,incident-knowledge-only,20,20,0,0,0,0.0,0.0,,0.0,,0.0,,1.0,,1.0,,0.75,,0.25,,1.0,,1.4375000000000004,,0.75,,0.75,,1.3968749999999996,,False,"[""undefined_precision"", ""recommendations"", ""recommending_runs"", ""coverage"", ""precision"", ""abstention""]"
divergence-q0.75,20,peak,blocked_ew,rate-only,20,20,0,0,0,0.0,0.0,,0.0,,0.0,,1.0,,1.0,,0.125,,1.0,,0.75,,1.35,,0.75,,0.75,,13.693749999999994,,False,"[""undefined_precision"", ""recommendations"", ""recommending_runs"", ""coverage"", ""precision"", ""abstention""]"
divergence-q0.75,20,peak,none,aligned-control,20,20,0,2,0,0.0,0.0,,0.0,,0.0,,1.0,,1.0,,1.0,,1.0,,1.0,,2.1937499999999996,,0.1875,,0.1875,,0.0,,False,"[""undefined_precision"", ""recommendations"", ""recommending_runs"", ""coverage"", ""precision"", ""abstention""]"
divergence-q0.75,20,peak,none,combined-rate-plus-incident,20,20,0,2,0,0.0,0.0,,0.0,,0.0,,1.0,,1.0,,0.375,,0.5,,0.375,,2.340625,,0.1875,,0.1875,,11.734375,,False,"[""undefined_precision"", ""recommendations"", ""recommending_runs"", ""coverage"", ""precision"", ""abstention""]"
divergence-q0.75,20,peak,none,heterogeneity-only,20,19,0,0,1,0.0,0.0,,0.0,,0.0,,1.0,,1.0,,0.625,,1.0,,0.875,,2.0734375,,0.125,,0.125,,1.1093750000000013,,False,"[""undefined_precision"", ""recommendations"", ""recommending_runs"", ""coverage"", ""precision"", ""abstention""]"
divergence-q0.75,20,peak,none,incident-knowledge-only,20,20,0,2,0,0.0,0.0,,0.0,,0.0,,1.0,,1.0,,1.0,,1.0,,1.0,,2.1937499999999996,,0.1875,,0.1875,,0.0,,False,"[""undefined_precision"", ""recommendations"", ""recommending_runs"", ""coverage"", ""precision"", ""abstention""]"
divergence-q0.75,20,peak,none,rate-only,20,20,0,2,0,0.0,0.0,,0.0,,0.0,,1.0,,1.0,,0.375,,0.5,,0.375,,2.340625,,0.1875,,0.1875,,11.734375,,False,"[""undefined_precision"", ""recommendations"", ""recommending_runs"", ""coverage"", ""precision"", ""abstention""]"
divergence-horizon-q0.75-h2,2,light,blocked_ew,aligned-control,20,0,9,0,20,7.0,0.875,,1.0,,0.0,,0.0,,0.125,,1.0,,1.0,,1.0,,0.0,,0.875,,0.0,,0.0,,True,[]
divergence-horizon-q0.75-h2,2,light,blocked_ew,combined-rate-plus-incident,20,20,7,0,0,0.0,0.0,,0.0,,0.0,,1.0,,1.0,,1.0,,0.0,,0.875,,0.1875,,0.875,,0.875,,1.625,,False,"[""undefined_precision"", ""recommendations"", ""recommending_runs"", ""coverage"", ""precision"", ""abstention""]"
divergence-horizon-q0.75-h2,2,light,blocked_ew,heterogeneity-only,20,0,5,0,20,7.0,0.875,,1.0,,0.0,,0.0,,0.125,,0.4375,,1.0,,1.0,,0.0,,0.875,,0.0,,0.25,,True,[]
divergence-horizon-q0.75-h2,2,light,blocked_ew,incident-knowledge-only,20,20,9,0,0,0.0,0.0,,0.0,,0.0,,1.0,,1.0,,1.0,,0.0,,0.875,,0.0,,0.875,,0.875,,0.125,,False,"[""undefined_precision"", ""recommendations"", ""recommending_runs"", ""coverage"", ""precision"", ""abstention""]"
divergence-horizon-q0.75-h2,2,light,blocked_ew,rate-only,20,0,9,0,20,7.0,0.875,,1.0,,0.0,,0.0,,0.125,,0.1875,,0.875,,1.0,,0.0,,0.875,,0.0,,1.21875,,True,[]
divergence-horizon-q0.75-h2,2,light,none,aligned-control,20,1,0,1,19,1.0,0.125,,1.0,,0.0,,0.0,,0.875,,1.0,,1.0,,1.0,,0.4375,,0.125,,0.0,,0.0,,False,"[""undefined_precision"", ""recommendations"", ""coverage"", ""abstention""]"
divergence-horizon-q0.75-h2,2,light,none,combined-rate-plus-incident,20,5,0,1,15,1.0,0.125,,1.0,,0.0,,0.0,,0.875,,1.0,,0.75,,0.75,,0.46875,,0.125,,0.0,,0.5,,False,"[""undefined_precision"", ""recommendations"", ""coverage"", ""abstention""]"
divergence-horizon-q0.75-h2,2,light,none,heterogeneity-only,20,4,0,3,16,1.0,0.125,,1.0,,0.0,,0.0,,0.875,,0.875,,0.875,,0.875,,0.4375,,0.125,,0.0,,0.15625,,False,"[""undefined_precision"", ""recommendations"", ""coverage"", ""abstention""]"
divergence-horizon-q0.75-h2,2,light,none,incident-knowledge-only,20,1,0,1,19,1.0,0.125,,1.0,,0.0,,0.0,,0.875,,1.0,,1.0,,1.0,,0.4375,,0.125,,0.0,,0.0,,False,"[""undefined_precision"", ""recommendations"", ""coverage"", ""abstention""]"
divergence-horizon-q0.75-h2,2,light,none,rate-only,20,5,0,1,15,1.0,0.125,,1.0,,0.0,,0.0,,0.875,,1.0,,0.75,,0.75,,0.46875,,0.125,,0.0,,0.5,,False,"[""undefined_precision"", ""recommendations"", ""coverage"", ""abstention""]"
divergence-horizon-q0.75-h2,2,peak,blocked_ew,aligned-control,20,0,0,0,20,4.0,0.5,,1.0,,0.0,,0.0,,0.5,,1.0,,1.0,,1.0,,0.375,,0.5,,0.0,,0.0,,True,[]
divergence-horizon-q0.75-h2,2,peak,blocked_ew,combined-rate-plus-incident,20,20,0,0,0,0.0,0.0,,0.0,,0.0,,1.0,,1.0,,0.75,,0.5,,0.5,,0.59375,,0.5,,0.5,,3.375,,False,"[""undefined_precision"", ""recommendations"", ""recommending_runs"", ""coverage"", ""precision"", ""abstention""]"
divergence-horizon-q0.75-h2,2,peak,blocked_ew,heterogeneity-only,20,0,0,0,20,4.5,0.5625,,1.0,,0.0,,0.0,,0.4375,,0.5,,1.0,,0.875,,0.3125,,0.5625,,0.0,,0.46875,,True,[]
divergence-horizon-q0.75-h2,2,peak,blocked_ew,incident-knowledge-only,20,20,0,0,0,0.0,0.0,,0.0,,0.0,,1.0,,1.0,,0.5,,0.5,,0.75,,0.59375,,0.5,,0.5,,0.84375,,False,"[""undefined_precision"", ""recommendations"", ""recommending_runs"", ""coverage"", ""precision"", ""abstention""]"
divergence-horizon-q0.75-h2,2,peak,blocked_ew,rate-only,20,0,0,0,20,4.0,0.5,,1.0,,0.0,,0.0,,0.5,,0.5,,1.0,,0.5,,0.375,,0.5,,0.0,,1.96875,,True,[]
divergence-horizon-q0.75-h2,2,peak,none,aligned-control,20,0,0,0,20,4.0,0.5,,1.0,,0.0,,0.0,,0.5,,1.0,,1.0,,1.0,,0.21875,,0.5,,0.0,,0.0,,True,[]
divergence-horizon-q0.75-h2,2,peak,none,combined-rate-plus-incident,20,0,0,0,20,4.0,0.5,,1.0,,0.0,,0.0,,0.5,,0.625,,0.875,,0.5,,0.25,,0.5,,0.0,,2.4375,,True,[]
divergence-horizon-q0.75-h2,2,peak,none,heterogeneity-only,20,0,0,0,20,4.0,0.5,,1.0,,0.0,,0.0,,0.5,,0.625,,1.0,,0.8125,,0.3125,,0.5,,0.0,,0.546875,,True,[]
divergence-horizon-q0.75-h2,2,peak,none,incident-knowledge-only,20,0,0,0,20,4.0,0.5,,1.0,,0.0,,0.0,,0.5,,1.0,,1.0,,1.0,,0.21875,,0.5,,0.0,,0.0,,True,[]
divergence-horizon-q0.75-h2,2,peak,none,rate-only,20,0,0,0,20,4.0,0.5,,1.0,,0.0,,0.0,,0.5,,0.625,,0.875,,0.5,,0.25,,0.5,,0.0,,2.4375,,True,[]
divergence-horizon-q0.75-h2,6,light,blocked_ew,aligned-control,20,20,8,0,0,0.0,0.0,,0.0,,0.0,,1.0,,1.0,,1.0,,1.0,,1.0,,0.0,,0.875,,0.875,,0.0,,False,"[""undefined_precision"", ""recommendations"", ""recommending_runs"", ""coverage"", ""precision"", ""abstention""]"
divergence-horizon-q0.75-h2,6,light,blocked_ew,combined-rate-plus-incident,20,20,8,0,0,0.0,0.0,,0.0,,0.0,,1.0,,1.0,,1.0,,0.0,,0.875,,0.7499999999999998,,0.875,,0.875,,4.135416666666666,,False,"[""undefined_precision"", ""recommendations"", ""recommending_runs"", ""coverage"", ""precision"", ""abstention""]"
divergence-horizon-q0.75-h2,6,light,blocked_ew,heterogeneity-only,20,20,9,0,0,0.0,0.0,,0.0,,0.0,,1.0,,1.0,,0.25,,1.0,,1.0,,0.0,,0.875,,0.875,,0.3489583333333336,,False,"[""undefined_precision"", ""recommendations"", ""recommending_runs"", ""coverage"", ""precision"", ""abstention""]"
divergence-horizon-q0.75-h2,6,light,blocked_ew,incident-knowledge-only,20,20,8,0,0,0.0,0.0,,0.0,,0.0,,1.0,,1.0,,1.0,,0.0,,0.875,,0.14583333333333326,,0.875,,0.875,,0.4375000000000001,,False,"[""undefined_precision"", ""recommendations"", ""recommending_runs"", ""coverage"", ""precision"", ""abstention""]"
divergence-horizon-q0.75-h2,6,light,blocked_ew,rate-only,20,20,8,0,0,0.0,0.0,,0.0,,0.0,,1.0,,1.0,,0.125,,0.9375,,1.0,,0.0,,0.875,,0.875,,2.1562499999999996,,False,"[""undefined_precision"", ""recommendations"", ""recommending_runs"", ""coverage"", ""precision"", ""abstention""]"
divergence-horizon-q0.75-h2,6,light,none,aligned-control,20,20,1,3,0,0.0,0.0,,0.0,,0.0,,1.0,,1.0,,1.0,,1.0,,1.0,,0.8020833333333334,,0.1875,,0.1875,,0.0,,False,"[""undefined_precision"", ""recommendations"", ""recommending_runs"", ""coverage"", ""precision"", ""abstention""]"
divergence-horizon-q0.75-h2,6,light,none,combined-rate-plus-incident,20,20,1,3,0,0.0,0.0,,0.0,,0.0,,1.0,,1.0,,0.5,,1.0,,0.9375,,0.8020833333333334,,0.1875,,0.1875,,0.35416666666666674,,False,"[""undefined_precision"", ""recommendations"", ""recommending_runs"", ""coverage"", ""precision"", ""abstention""]"
divergence-horizon-q0.75-h2,6,light,none,heterogeneity-only,20,20,0,5,0,0.0,0.0,,0.0,,0.0,,1.0,,1.0,,0.5,,1.0,,0.875,,0.7916666666666667,,0.25,,0.25,,0.1041666666666667,,False,"[""undefined_precision"", ""recommendations"", ""recommending_runs"", ""coverage"", ""precision"", ""abstention""]"
divergence-horizon-q0.75-h2,6,light,none,incident-knowledge-only,20,20,1,3,0,0.0,0.0,,0.0,,0.0,,1.0,,1.0,,1.0,,1.0,,1.0,,0.8020833333333334,,0.1875,,0.1875,,0.0,,False,"[""undefined_precision"", ""recommendations"", ""recommending_runs"", ""coverage"", ""precision"", ""abstention""]"
divergence-horizon-q0.75-h2,6,light,none,rate-only,20,20,1,3,0,0.0,0.0,,0.0,,0.0,,1.0,,1.0,,0.5,,1.0,,0.9375,,0.8020833333333334,,0.1875,,0.1875,,0.35416666666666674,,False,"[""undefined_precision"", ""recommendations"", ""recommending_runs"", ""coverage"", ""precision"", ""abstention""]"
divergence-horizon-q0.75-h2,6,peak,blocked_ew,aligned-control,20,20,0,0,0,0.0,0.0,,0.0,,0.0,,1.0,,1.0,,1.0,,1.0,,1.0,,0.7499999999999999,,0.625,,0.625,,0.0,,False,"[""undefined_precision"", ""recommendations"", ""recommending_runs"", ""coverage"", ""precision"", ""abstention""]"
divergence-horizon-q0.75-h2,6,peak,blocked_ew,combined-rate-plus-incident,20,20,0,0,0,0.0,0.0,,0.0,,0.0,,1.0,,1.0,,0.625,,0.25,,0.625,,1.34375,,0.625,,0.625,,7.364583333333334,,False,"[""undefined_precision"", ""recommendations"", ""recommending_runs"", ""coverage"", ""precision"", ""abstention""]"
divergence-horizon-q0.75-h2,6,peak,blocked_ew,heterogeneity-only,20,20,0,0,0,0.0,0.0,,0.0,,0.0,,1.0,,1.0,,0.25,,1.0,,1.0,,0.5729166666666667,,0.6875,,0.6875,,0.5937499999999991,,False,"[""undefined_precision"", ""recommendations"", ""recommending_runs"", ""coverage"", ""precision"", ""abstention""]"
divergence-horizon-q0.75-h2,6,peak,blocked_ew,incident-knowledge-only,20,20,0,0,0,0.0,0.0,,0.0,,0.0,,1.0,,1.0,,0.625,,0.375,,0.8125,,1.3437499999999996,,0.625,,0.625,,1.53125,,False,"[""undefined_precision"", ""recommendations"", ""recommending_runs"", ""coverage"", ""precision"", ""abstention""]"
divergence-horizon-q0.75-h2,6,peak,blocked_ew,rate-only,20,20,0,0,0,0.0,0.0,,0.0,,0.0,,1.0,,1.0,,0.3125,,1.0,,0.625,,0.7499999999999999,,0.625,,0.625,,5.041666666666667,,False,"[""undefined_precision"", ""recommendations"", ""recommending_runs"", ""coverage"", ""precision"", ""abstention""]"
divergence-horizon-q0.75-h2,6,peak,none,aligned-control,20,20,0,0,0,0.0,0.0,,0.0,,0.0,,1.0,,1.0,,1.0,,1.0,,1.0,,0.6562499999999999,,0.5,,0.5,,0.0,,False,"[""undefined_precision"", ""recommendations"", ""recommending_runs"", ""coverage"", ""precision"", ""abstention""]"
divergence-horizon-q0.75-h2,6,peak,none,combined-rate-plus-incident,20,20,0,0,0,0.0,0.0,,0.0,,0.0,,1.0,,1.0,,0.5625,,0.6875,,0.5,,0.8333333333333344,,0.5,,0.5,,5.28125,,False,"[""undefined_precision"", ""recommendations"", ""recommending_runs"", ""coverage"", ""precision"", ""abstention""]"
divergence-horizon-q0.75-h2,6,peak,none,heterogeneity-only,20,20,0,1,0,0.0,0.0,,0.0,,0.0,,1.0,,1.0,,0.625,,1.0,,0.875,,0.6406250000000004,,0.5,,0.5,,0.7187499999999998,,False,"[""undefined_precision"", ""recommendations"", ""recommending_runs"", ""coverage"", ""precision"", ""abstention""]"
divergence-horizon-q0.75-h2,6,peak,none,incident-knowledge-only,20,20,0,0,0,0.0,0.0,,0.0,,0.0,,1.0,,1.0,,1.0,,1.0,,1.0,,0.6562499999999999,,0.5,,0.5,,0.0,,False,"[""undefined_precision"", ""recommendations"", ""recommending_runs"", ""coverage"", ""precision"", ""abstention""]"
divergence-horizon-q0.75-h2,6,peak,none,rate-only,20,20,0,0,0,0.0,0.0,,0.0,,0.0,,1.0,,1.0,,0.5625,,0.6875,,0.5,,0.8333333333333344,,0.5,,0.5,,5.28125,,False,"[""undefined_precision"", ""recommendations"", ""recommending_runs"", ""coverage"", ""precision"", ""abstention""]"
divergence-horizon-q0.75-h2,20,light,blocked_ew,aligned-control,20,20,12,0,0,0.0,0.0,,0.0,,0.0,,1.0,,1.0,,1.0,,1.0,,1.0,,0.0,,1.0,,1.0,,0.0,,False,"[""undefined_precision"", ""recommendations"", ""recommending_runs"", ""coverage"", ""precision"", ""abstention""]"
divergence-horizon-q0.75-h2,20,light,blocked_ew,combined-rate-plus-incident,20,20,11,0,0,0.0,0.0,,0.0,,0.0,,1.0,,1.0,,1.0,,0.0,,1.0,,1.5812499999999998,,1.0,,1.0,,10.671875,,False,"[""undefined_precision"", ""recommendations"", ""recommending_runs"", ""coverage"", ""precision"", ""abstention""]"
divergence-horizon-q0.75-h2,20,light,blocked_ew,heterogeneity-only,20,20,10,0,0,0.0,0.0,,0.0,,0.0,,1.0,,1.0,,0.125,,1.0,,1.0,,0.025000000000000022,,0.9375,,0.9375,,0.3328125000000002,,False,"[""undefined_precision"", ""recommendations"", ""recommending_runs"", ""coverage"", ""precision"", ""abstention""]"
divergence-horizon-q0.75-h2,20,light,blocked_ew,incident-knowledge-only,20,20,11,0,0,0.0,0.0,,0.0,,0.0,,1.0,,1.0,,1.0,,0.0,,1.0,,1.0562500000000004,,1.0,,1.0,,3.871875,,False,"[""undefined_precision"", ""recommendations"", ""recommending_runs"", ""coverage"", ""precision"", ""abstention""]"
divergence-horizon-q0.75-h2,20,light,blocked_ew,rate-only,20,20,12,0,0,0.0,0.0,,0.0,,0.0,,1.0,,1.0,,0.125,,1.0,,1.0,,0.0,,1.0,,1.0,,2.1343749999999995,,False,"[""undefined_precision"", ""recommendations"", ""recommending_runs"", ""coverage"", ""precision"", ""abstention""]"
divergence-horizon-q0.75-h2,20,light,none,aligned-control,20,20,2,1,0,0.0,0.0,,0.0,,0.0,,1.0,,1.0,,1.0,,1.0,,1.0,,0.39062499999999994,,0.625,,0.625,,0.0,,False,"[""undefined_precision"", ""recommendations"", ""recommending_runs"", ""coverage"", ""precision"", ""abstention""]"
divergence-horizon-q0.75-h2,20,light,none,combined-rate-plus-incident,20,20,2,1,0,0.0,0.0,,0.0,,0.0,,1.0,,1.0,,0.125,,1.0,,1.0,,0.39062499999999994,,0.625,,0.625,,0.19687499999999997,,False,"[""undefined_precision"", ""recommendations"", ""recommending_runs"", ""coverage"", ""precision"", ""abstention""]"
divergence-horizon-q0.75-h2,20,light,none,heterogeneity-only,20,20,3,1,0,0.0,0.0,,0.0,,0.0,,1.0,,1.0,,0.375,,1.0,,1.0,,0.3109375,,0.625,,0.625,,0.043750000000000025,,False,"[""undefined_precision"", ""recommendations"", ""recommending_runs"", ""coverage"", ""precision"", ""abstention""]"
divergence-horizon-q0.75-h2,20,light,none,incident-knowledge-only,20,20,2,1,0,0.0,0.0,,0.0,,0.0,,1.0,,1.0,,1.0,,1.0,,1.0,,0.39062499999999994,,0.625,,0.625,,0.0,,False,"[""undefined_precision"", ""recommendations"", ""recommending_runs"", ""coverage"", ""precision"", ""abstention""]"
divergence-horizon-q0.75-h2,20,light,none,rate-only,20,20,2,1,0,0.0,0.0,,0.0,,0.0,,1.0,,1.0,,0.125,,1.0,,1.0,,0.39062499999999994,,0.625,,0.625,,0.19687499999999997,,False,"[""undefined_precision"", ""recommendations"", ""recommending_runs"", ""coverage"", ""precision"", ""abstention""]"
divergence-horizon-q0.75-h2,20,peak,blocked_ew,aligned-control,20,20,0,0,0,0.0,0.0,,0.0,,0.0,,1.0,,1.0,,1.0,,1.0,,1.0,,1.35,,0.75,,0.75,,0.0,,False,"[""undefined_precision"", ""recommendations"", ""recommending_runs"", ""coverage"", ""precision"", ""abstention""]"
divergence-horizon-q0.75-h2,20,peak,blocked_ew,combined-rate-plus-incident,20,20,0,0,0,0.0,0.0,,0.0,,0.0,,1.0,,1.0,,0.75,,0.0,,0.75,,2.7281250000000004,,0.75,,0.75,,19.124999999999993,,False,"[""undefined_precision"", ""recommendations"", ""recommending_runs"", ""coverage"", ""precision"", ""abstention""]"
divergence-horizon-q0.75-h2,20,peak,blocked_ew,heterogeneity-only,20,20,0,0,0,0.0,0.0,,0.0,,0.0,,1.0,,1.0,,0.125,,1.0,,1.0,,1.2968749999999991,,0.75,,0.75,,1.2125000000000008,,False,"[""undefined_precision"", ""recommendations"", ""recommending_runs"", ""coverage"", ""precision"", ""abstention""]"
divergence-horizon-q0.75-h2,20,peak,blocked_ew,incident-knowledge-only,20,20,0,0,0,0.0,0.0,,0.0,,0.0,,1.0,,1.0,,0.75,,0.25,,1.0,,1.4375000000000004,,0.75,,0.75,,1.3968749999999996,,False,"[""undefined_precision"", ""recommendations"", ""recommending_runs"", ""coverage"", ""precision"", ""abstention""]"
divergence-horizon-q0.75-h2,20,peak,blocked_ew,rate-only,20,20,0,0,0,0.0,0.0,,0.0,,0.0,,1.0,,1.0,,0.125,,1.0,,0.75,,1.35,,0.75,,0.75,,13.693749999999994,,False,"[""undefined_precision"", ""recommendations"", ""recommending_runs"", ""coverage"", ""precision"", ""abstention""]"
divergence-horizon-q0.75-h2,20,peak,none,aligned-control,20,20,0,2,0,0.0,0.0,,0.0,,0.0,,1.0,,1.0,,1.0,,1.0,,1.0,,2.1937499999999996,,0.1875,,0.1875,,0.0,,False,"[""undefined_precision"", ""recommendations"", ""recommending_runs"", ""coverage"", ""precision"", ""abstention""]"
divergence-horizon-q0.75-h2,20,peak,none,combined-rate-plus-incident,20,20,0,2,0,0.0,0.0,,0.0,,0.0,,1.0,,1.0,,0.375,,0.5,,0.375,,2.340625,,0.1875,,0.1875,,11.734375,,False,"[""undefined_precision"", ""recommendations"", ""recommending_runs"", ""coverage"", ""precision"", ""abstention""]"
divergence-horizon-q0.75-h2,20,peak,none,heterogeneity-only,20,20,0,0,0,0.0,0.0,,0.0,,0.0,,1.0,,1.0,,0.625,,1.0,,0.875,,2.0734375,,0.125,,0.125,,1.1093750000000013,,False,"[""undefined_precision"", ""recommendations"", ""recommending_runs"", ""coverage"", ""precision"", ""abstention""]"
divergence-horizon-q0.75-h2,20,peak,none,incident-knowledge-only,20,20,0,2,0,0.0,0.0,,0.0,,0.0,,1.0,,1.0,,1.0,,1.0,,1.0,,2.1937499999999996,,0.1875,,0.1875,,0.0,,False,"[""undefined_precision"", ""recommendations"", ""recommending_runs"", ""coverage"", ""precision"", ""abstention""]"
divergence-horizon-q0.75-h2,20,peak,none,rate-only,20,20,0,2,0,0.0,0.0,,0.0,,0.0,,1.0,,1.0,,0.375,,0.5,,0.375,,2.340625,,0.1875,,0.1875,,11.734375,,False,"[""undefined_precision"", ""recommendations"", ""recommending_runs"", ""coverage"", ""precision"", ""abstention""]"
divergence-horizon-q0.75-h6,2,light,blocked_ew,aligned-control,20,0,9,0,20,7.0,0.875,,1.0,,0.0,,0.0,,0.125,,1.0,,1.0,,1.0,,0.0,,0.875,,0.0,,0.0,,True,[]
divergence-horizon-q0.75-h6,2,light,blocked_ew,combined-rate-plus-incident,20,20,7,0,0,0.0,0.0,,0.0,,0.0,,1.0,,1.0,,1.0,,0.0,,0.875,,0.1875,,0.875,,0.875,,1.625,,False,"[""undefined_precision"", ""recommendations"", ""recommending_runs"", ""coverage"", ""precision"", ""abstention""]"
divergence-horizon-q0.75-h6,2,light,blocked_ew,heterogeneity-only,20,0,5,0,20,7.0,0.875,,1.0,,0.0,,0.0,,0.125,,0.4375,,1.0,,1.0,,0.0,,0.875,,0.0,,0.25,,True,[]
divergence-horizon-q0.75-h6,2,light,blocked_ew,incident-knowledge-only,20,20,9,0,0,0.0,0.0,,0.0,,0.0,,1.0,,1.0,,1.0,,0.0,,0.875,,0.0,,0.875,,0.875,,0.125,,False,"[""undefined_precision"", ""recommendations"", ""recommending_runs"", ""coverage"", ""precision"", ""abstention""]"
divergence-horizon-q0.75-h6,2,light,blocked_ew,rate-only,20,0,9,0,20,7.0,0.875,,1.0,,0.0,,0.0,,0.125,,0.1875,,0.875,,1.0,,0.0,,0.875,,0.0,,1.21875,,True,[]
divergence-horizon-q0.75-h6,2,light,none,aligned-control,20,1,0,1,19,1.0,0.125,,1.0,,0.0,,0.0,,0.875,,1.0,,1.0,,1.0,,0.4375,,0.125,,0.0,,0.0,,False,"[""undefined_precision"", ""recommendations"", ""coverage"", ""abstention""]"
divergence-horizon-q0.75-h6,2,light,none,combined-rate-plus-incident,20,5,0,1,15,1.0,0.125,,1.0,,0.0,,0.0,,0.875,,1.0,,0.75,,0.75,,0.46875,,0.125,,0.0,,0.5,,False,"[""undefined_precision"", ""recommendations"", ""coverage"", ""abstention""]"
divergence-horizon-q0.75-h6,2,light,none,heterogeneity-only,20,4,0,3,16,1.0,0.125,,1.0,,0.0,,0.0,,0.875,,0.875,,0.875,,0.875,,0.4375,,0.125,,0.0,,0.15625,,False,"[""undefined_precision"", ""recommendations"", ""coverage"", ""abstention""]"
divergence-horizon-q0.75-h6,2,light,none,incident-knowledge-only,20,1,0,1,19,1.0,0.125,,1.0,,0.0,,0.0,,0.875,,1.0,,1.0,,1.0,,0.4375,,0.125,,0.0,,0.0,,False,"[""undefined_precision"", ""recommendations"", ""coverage"", ""abstention""]"
divergence-horizon-q0.75-h6,2,light,none,rate-only,20,5,0,1,15,1.0,0.125,,1.0,,0.0,,0.0,,0.875,,1.0,,0.75,,0.75,,0.46875,,0.125,,0.0,,0.5,,False,"[""undefined_precision"", ""recommendations"", ""coverage"", ""abstention""]"
divergence-horizon-q0.75-h6,2,peak,blocked_ew,aligned-control,20,0,0,0,20,4.0,0.5,,1.0,,0.0,,0.0,,0.5,,1.0,,1.0,,1.0,,0.375,,0.5,,0.0,,0.0,,True,[]
divergence-horizon-q0.75-h6,2,peak,blocked_ew,combined-rate-plus-incident,20,20,0,0,0,0.0,0.0,,0.0,,0.0,,1.0,,1.0,,0.75,,0.5,,0.5,,0.59375,,0.5,,0.5,,3.375,,False,"[""undefined_precision"", ""recommendations"", ""recommending_runs"", ""coverage"", ""precision"", ""abstention""]"
divergence-horizon-q0.75-h6,2,peak,blocked_ew,heterogeneity-only,20,0,0,0,20,4.5,0.5625,,1.0,,0.0,,0.0,,0.4375,,0.5,,1.0,,0.875,,0.3125,,0.5625,,0.0,,0.46875,,True,[]
divergence-horizon-q0.75-h6,2,peak,blocked_ew,incident-knowledge-only,20,20,0,0,0,0.0,0.0,,0.0,,0.0,,1.0,,1.0,,0.5,,0.5,,0.75,,0.59375,,0.5,,0.5,,0.84375,,False,"[""undefined_precision"", ""recommendations"", ""recommending_runs"", ""coverage"", ""precision"", ""abstention""]"
divergence-horizon-q0.75-h6,2,peak,blocked_ew,rate-only,20,0,0,0,20,4.0,0.5,,1.0,,0.0,,0.0,,0.5,,0.5,,1.0,,0.5,,0.375,,0.5,,0.0,,1.96875,,True,[]
divergence-horizon-q0.75-h6,2,peak,none,aligned-control,20,0,0,0,20,4.0,0.5,,1.0,,0.0,,0.0,,0.5,,1.0,,1.0,,1.0,,0.21875,,0.5,,0.0,,0.0,,True,[]
divergence-horizon-q0.75-h6,2,peak,none,combined-rate-plus-incident,20,0,0,0,20,4.0,0.5,,1.0,,0.0,,0.0,,0.5,,0.625,,0.875,,0.5,,0.25,,0.5,,0.0,,2.4375,,True,[]
divergence-horizon-q0.75-h6,2,peak,none,heterogeneity-only,20,0,0,0,20,4.0,0.5,,1.0,,0.0,,0.0,,0.5,,0.625,,1.0,,0.8125,,0.3125,,0.5,,0.0,,0.546875,,True,[]
divergence-horizon-q0.75-h6,2,peak,none,incident-knowledge-only,20,0,0,0,20,4.0,0.5,,1.0,,0.0,,0.0,,0.5,,1.0,,1.0,,1.0,,0.21875,,0.5,,0.0,,0.0,,True,[]
divergence-horizon-q0.75-h6,2,peak,none,rate-only,20,0,0,0,20,4.0,0.5,,1.0,,0.0,,0.0,,0.5,,0.625,,0.875,,0.5,,0.25,,0.5,,0.0,,2.4375,,True,[]
divergence-horizon-q0.75-h6,6,light,blocked_ew,aligned-control,20,0,8,0,20,7.0,0.875,,1.0,,0.0,,0.0,,0.125,,1.0,,1.0,,1.0,,0.0,,0.875,,0.0,,0.0,,True,[]
divergence-horizon-q0.75-h6,6,light,blocked_ew,combined-rate-plus-incident,20,20,8,0,0,0.0,0.0,,0.0,,0.0,,1.0,,1.0,,1.0,,0.0,,0.875,,0.7499999999999998,,0.875,,0.875,,4.135416666666666,,False,"[""undefined_precision"", ""recommendations"", ""recommending_runs"", ""coverage"", ""precision"", ""abstention""]"
divergence-horizon-q0.75-h6,6,light,blocked_ew,heterogeneity-only,20,0,9,0,20,7.0,0.875,,1.0,,0.0,,0.0,,0.125,,0.25,,1.0,,1.0,,0.0,,0.875,,0.0,,0.3489583333333336,,True,[]
divergence-horizon-q0.75-h6,6,light,blocked_ew,incident-knowledge-only,20,20,8,0,0,0.0,0.0,,0.0,,0.0,,1.0,,1.0,,1.0,,0.0,,0.875,,0.14583333333333326,,0.875,,0.875,,0.4375000000000001,,False,"[""undefined_precision"", ""recommendations"", ""recommending_runs"", ""coverage"", ""precision"", ""abstention""]"
divergence-horizon-q0.75-h6,6,light,blocked_ew,rate-only,20,0,8,0,20,7.0,0.875,,1.0,,0.0,,0.0,,0.125,,0.125,,0.9375,,1.0,,0.0,,0.875,,0.0,,2.1562499999999996,,True,[]
divergence-horizon-q0.75-h6,6,light,none,aligned-control,20,3,1,3,17,1.5,0.1875,,1.0,,0.0,,0.0,,0.8125,,1.0,,1.0,,1.0,,0.8020833333333334,,0.1875,,0.0,,0.0,,False,"[""undefined_precision"", ""recommendations"", ""coverage"", ""abstention""]"
divergence-horizon-q0.75-h6,6,light,none,combined-rate-plus-incident,20,3,1,3,17,1.5,0.1875,,1.0,,0.0,,0.0,,0.8125,,0.5,,1.0,,0.9375,,0.8020833333333334,,0.1875,,0.0,,0.35416666666666674,,False,"[""undefined_precision"", ""recommendations"", ""coverage"", ""abstention""]"
divergence-horizon-q0.75-h6,6,light,none,heterogeneity-only,20,5,0,5,15,2.0,0.25,,1.0,,0.0,,0.0,,0.75,,0.5,,1.0,,0.875,,0.7916666666666667,,0.25,,0.0,,0.1041666666666667,,False,"[""undefined_precision"", ""abstention""]"
divergence-horizon-q0.75-h6,6,light,none,incident-knowledge-only,20,3,1,3,17,1.5,0.1875,,1.0,,0.0,,0.0,,0.8125,,1.0,,1.0,,1.0,,0.8020833333333334,,0.1875,,0.0,,0.0,,False,"[""undefined_precision"", ""recommendations"", ""coverage"", ""abstention""]"
divergence-horizon-q0.75-h6,6,light,none,rate-only,20,3,1,3,17,1.5,0.1875,,1.0,,0.0,,0.0,,0.8125,,0.5,,1.0,,0.9375,,0.8020833333333334,,0.1875,,0.0,,0.35416666666666674,,False,"[""undefined_precision"", ""recommendations"", ""coverage"", ""abstention""]"
divergence-horizon-q0.75-h6,6,peak,blocked_ew,aligned-control,20,0,0,0,20,5.0,0.625,,1.0,,0.0,,0.0,,0.375,,1.0,,1.0,,1.0,,0.7499999999999999,,0.625,,0.0,,0.0,,True,[]
divergence-horizon-q0.75-h6,6,peak,blocked_ew,combined-rate-plus-incident,20,20,0,0,0,0.0,0.0,,0.0,,0.0,,1.0,,1.0,,0.625,,0.25,,0.625,,1.34375,,0.625,,0.625,,7.364583333333334,,False,"[""undefined_precision"", ""recommendations"", ""recommending_runs"", ""coverage"", ""precision"", ""abstention""]"
divergence-horizon-q0.75-h6,6,peak,blocked_ew,heterogeneity-only,20,0,0,0,20,5.5,0.6875,,1.0,,0.0,,0.0,,0.3125,,0.25,,1.0,,1.0,,0.5729166666666667,,0.6875,,0.0,,0.5937499999999991,,True,[]
divergence-horizon-q0.75-h6,6,peak,blocked_ew,incident-knowledge-only,20,20,0,0,0,0.0,0.0,,0.0,,0.0,,1.0,,1.0,,0.625,,0.375,,0.8125,,1.3437499999999996,,0.625,,0.625,,1.53125,,False,"[""undefined_precision"", ""recommendations"", ""recommending_runs"", ""coverage"", ""precision"", ""abstention""]"
divergence-horizon-q0.75-h6,6,peak,blocked_ew,rate-only,20,0,0,0,20,5.0,0.625,,1.0,,0.0,,0.0,,0.375,,0.3125,,1.0,,0.625,,0.7499999999999999,,0.625,,0.0,,5.041666666666667,,True,[]
divergence-horizon-q0.75-h6,6,peak,none,aligned-control,20,0,0,0,20,4.0,0.5,,1.0,,0.0,,0.0,,0.5,,1.0,,1.0,,1.0,,0.6562499999999999,,0.5,,0.0,,0.0,,True,[]
divergence-horizon-q0.75-h6,6,peak,none,combined-rate-plus-incident,20,0,0,0,20,3.5,0.4375,,1.0,,0.0,,0.2,,0.5625,,0.5625,,0.6875,,0.5,,0.8333333333333344,,0.5,,0.125,,5.28125,,True,[]
divergence-horizon-q0.75-h6,6,peak,none,heterogeneity-only,20,1,0,1,19,3.5,0.4375,,1.0,,0.0,,0.0,,0.5625,,0.625,,1.0,,0.875,,0.6406250000000004,,0.5,,0.0,,0.7187499999999998,,False,"[""undefined_precision""]"
divergence-horizon-q0.75-h6,6,peak,none,incident-knowledge-only,20,0,0,0,20,4.0,0.5,,1.0,,0.0,,0.0,,0.5,,1.0,,1.0,,1.0,,0.6562499999999999,,0.5,,0.0,,0.0,,True,[]
divergence-horizon-q0.75-h6,6,peak,none,rate-only,20,0,0,0,20,3.5,0.4375,,1.0,,0.0,,0.2,,0.5625,,0.5625,,0.6875,,0.5,,0.8333333333333344,,0.5,,0.125,,5.28125,,True,[]
divergence-horizon-q0.75-h6,20,light,blocked_ew,aligned-control,20,20,12,0,0,0.0,0.0,,0.0,,0.0,,1.0,,1.0,,1.0,,1.0,,1.0,,0.0,,1.0,,1.0,,0.0,,False,"[""undefined_precision"", ""recommendations"", ""recommending_runs"", ""coverage"", ""precision"", ""abstention""]"
divergence-horizon-q0.75-h6,20,light,blocked_ew,combined-rate-plus-incident,20,20,11,0,0,0.0,0.0,,0.0,,0.0,,1.0,,1.0,,1.0,,0.0,,1.0,,1.5812499999999998,,1.0,,1.0,,10.671875,,False,"[""undefined_precision"", ""recommendations"", ""recommending_runs"", ""coverage"", ""precision"", ""abstention""]"
divergence-horizon-q0.75-h6,20,light,blocked_ew,heterogeneity-only,20,20,10,0,0,0.0,0.0,,0.0,,0.0,,1.0,,1.0,,0.125,,1.0,,1.0,,0.025000000000000022,,0.9375,,0.9375,,0.3328125000000002,,False,"[""undefined_precision"", ""recommendations"", ""recommending_runs"", ""coverage"", ""precision"", ""abstention""]"
divergence-horizon-q0.75-h6,20,light,blocked_ew,incident-knowledge-only,20,20,11,0,0,0.0,0.0,,0.0,,0.0,,1.0,,1.0,,1.0,,0.0,,1.0,,1.0562500000000004,,1.0,,1.0,,3.871875,,False,"[""undefined_precision"", ""recommendations"", ""recommending_runs"", ""coverage"", ""precision"", ""abstention""]"
divergence-horizon-q0.75-h6,20,light,blocked_ew,rate-only,20,20,12,0,0,0.0,0.0,,0.0,,0.0,,1.0,,1.0,,0.125,,1.0,,1.0,,0.0,,1.0,,1.0,,2.1343749999999995,,False,"[""undefined_precision"", ""recommendations"", ""recommending_runs"", ""coverage"", ""precision"", ""abstention""]"
divergence-horizon-q0.75-h6,20,light,none,aligned-control,20,20,2,1,0,0.0,0.0,,0.0,,0.0,,1.0,,1.0,,1.0,,1.0,,1.0,,0.39062499999999994,,0.625,,0.625,,0.0,,False,"[""undefined_precision"", ""recommendations"", ""recommending_runs"", ""coverage"", ""precision"", ""abstention""]"
divergence-horizon-q0.75-h6,20,light,none,combined-rate-plus-incident,20,20,2,1,0,0.0,0.0,,0.0,,0.0,,1.0,,1.0,,0.125,,1.0,,1.0,,0.39062499999999994,,0.625,,0.625,,0.19687499999999997,,False,"[""undefined_precision"", ""recommendations"", ""recommending_runs"", ""coverage"", ""precision"", ""abstention""]"
divergence-horizon-q0.75-h6,20,light,none,heterogeneity-only,20,20,3,1,0,0.0,0.0,,0.0,,0.0,,1.0,,1.0,,0.375,,1.0,,1.0,,0.3109375,,0.625,,0.625,,0.043750000000000025,,False,"[""undefined_precision"", ""recommendations"", ""recommending_runs"", ""coverage"", ""precision"", ""abstention""]"
divergence-horizon-q0.75-h6,20,light,none,incident-knowledge-only,20,20,2,1,0,0.0,0.0,,0.0,,0.0,,1.0,,1.0,,1.0,,1.0,,1.0,,0.39062499999999994,,0.625,,0.625,,0.0,,False,"[""undefined_precision"", ""recommendations"", ""recommending_runs"", ""coverage"", ""precision"", ""abstention""]"
divergence-horizon-q0.75-h6,20,light,none,rate-only,20,20,2,1,0,0.0,0.0,,0.0,,0.0,,1.0,,1.0,,0.125,,1.0,,1.0,,0.39062499999999994,,0.625,,0.625,,0.19687499999999997,,False,"[""undefined_precision"", ""recommendations"", ""recommending_runs"", ""coverage"", ""precision"", ""abstention""]"
divergence-horizon-q0.75-h6,20,peak,blocked_ew,aligned-control,20,20,0,0,0,0.0,0.0,,0.0,,0.0,,1.0,,1.0,,1.0,,1.0,,1.0,,1.35,,0.75,,0.75,,0.0,,False,"[""undefined_precision"", ""recommendations"", ""recommending_runs"", ""coverage"", ""precision"", ""abstention""]"
divergence-horizon-q0.75-h6,20,peak,blocked_ew,combined-rate-plus-incident,20,20,0,0,0,0.0,0.0,,0.0,,0.0,,1.0,,1.0,,0.75,,0.0,,0.75,,2.7281250000000004,,0.75,,0.75,,19.124999999999993,,False,"[""undefined_precision"", ""recommendations"", ""recommending_runs"", ""coverage"", ""precision"", ""abstention""]"
divergence-horizon-q0.75-h6,20,peak,blocked_ew,heterogeneity-only,20,20,0,0,0,0.0,0.0,,0.0,,0.0,,1.0,,1.0,,0.125,,1.0,,1.0,,1.2968749999999991,,0.75,,0.75,,1.2125000000000008,,False,"[""undefined_precision"", ""recommendations"", ""recommending_runs"", ""coverage"", ""precision"", ""abstention""]"
divergence-horizon-q0.75-h6,20,peak,blocked_ew,incident-knowledge-only,20,20,0,0,0,0.0,0.0,,0.0,,0.0,,1.0,,1.0,,0.75,,0.25,,1.0,,1.4375000000000004,,0.75,,0.75,,1.3968749999999996,,False,"[""undefined_precision"", ""recommendations"", ""recommending_runs"", ""coverage"", ""precision"", ""abstention""]"
divergence-horizon-q0.75-h6,20,peak,blocked_ew,rate-only,20,20,0,0,0,0.0,0.0,,0.0,,0.0,,1.0,,1.0,,0.125,,1.0,,0.75,,1.35,,0.75,,0.75,,13.693749999999994,,False,"[""undefined_precision"", ""recommendations"", ""recommending_runs"", ""coverage"", ""precision"", ""abstention""]"
divergence-horizon-q0.75-h6,20,peak,none,aligned-control,20,20,0,2,0,0.0,0.0,,0.0,,0.0,,1.0,,1.0,,1.0,,1.0,,1.0,,2.1937499999999996,,0.1875,,0.1875,,0.0,,False,"[""undefined_precision"", ""recommendations"", ""recommending_runs"", ""coverage"", ""precision"", ""abstention""]"
divergence-horizon-q0.75-h6,20,peak,none,combined-rate-plus-incident,20,20,0,2,0,0.0,0.0,,0.0,,0.0,,1.0,,1.0,,0.375,,0.5,,0.375,,2.340625,,0.1875,,0.1875,,11.734375,,False,"[""undefined_precision"", ""recommendations"", ""recommending_runs"", ""coverage"", ""precision"", ""abstention""]"
divergence-horizon-q0.75-h6,20,peak,none,heterogeneity-only,20,20,0,0,0,0.0,0.0,,0.0,,0.0,,1.0,,1.0,,0.625,,1.0,,0.875,,2.0734375,,0.125,,0.125,,1.1093750000000013,,False,"[""undefined_precision"", ""recommendations"", ""recommending_runs"", ""coverage"", ""precision"", ""abstention""]"
divergence-horizon-q0.75-h6,20,peak,none,incident-knowledge-only,20,20,0,2,0,0.0,0.0,,0.0,,0.0,,1.0,,1.0,,1.0,,1.0,,1.0,,2.1937499999999996,,0.1875,,0.1875,,0.0,,False,"[""undefined_precision"", ""recommendations"", ""recommending_runs"", ""coverage"", ""precision"", ""abstention""]"
divergence-horizon-q0.75-h6,20,peak,none,rate-only,20,20,0,2,0,0.0,0.0,,0.0,,0.0,,1.0,,1.0,,0.375,,0.5,,0.375,,2.340625,,0.1875,,0.1875,,11.734375,,False,"[""undefined_precision"", ""recommendations"", ""recommending_runs"", ""coverage"", ""precision"", ""abstention""]"
divergence-horizon-q0.75-h20,2,light,blocked_ew,aligned-control,20,0,9,0,20,7.0,0.875,,1.0,,0.0,,0.0,,0.125,,1.0,,1.0,,1.0,,0.0,,0.875,,0.0,,0.0,,True,[]
divergence-horizon-q0.75-h20,2,light,blocked_ew,combined-rate-plus-incident,20,20,7,0,0,0.0,0.0,,0.0,,0.0,,1.0,,1.0,,1.0,,0.0,,0.875,,0.1875,,0.875,,0.875,,1.625,,False,"[""undefined_precision"", ""recommendations"", ""recommending_runs"", ""coverage"", ""precision"", ""abstention""]"
divergence-horizon-q0.75-h20,2,light,blocked_ew,heterogeneity-only,20,0,5,0,20,7.0,0.875,,1.0,,0.0,,0.0,,0.125,,0.4375,,1.0,,1.0,,0.0,,0.875,,0.0,,0.25,,True,[]
divergence-horizon-q0.75-h20,2,light,blocked_ew,incident-knowledge-only,20,20,9,0,0,0.0,0.0,,0.0,,0.0,,1.0,,1.0,,1.0,,0.0,,0.875,,0.0,,0.875,,0.875,,0.125,,False,"[""undefined_precision"", ""recommendations"", ""recommending_runs"", ""coverage"", ""precision"", ""abstention""]"
divergence-horizon-q0.75-h20,2,light,blocked_ew,rate-only,20,0,9,0,20,7.0,0.875,,1.0,,0.0,,0.0,,0.125,,0.1875,,0.875,,1.0,,0.0,,0.875,,0.0,,1.21875,,True,[]
divergence-horizon-q0.75-h20,2,light,none,aligned-control,20,1,0,1,19,1.0,0.125,,1.0,,0.0,,0.0,,0.875,,1.0,,1.0,,1.0,,0.4375,,0.125,,0.0,,0.0,,False,"[""undefined_precision"", ""recommendations"", ""coverage"", ""abstention""]"
divergence-horizon-q0.75-h20,2,light,none,combined-rate-plus-incident,20,5,0,1,15,1.0,0.125,,1.0,,0.0,,0.0,,0.875,,1.0,,0.75,,0.75,,0.46875,,0.125,,0.0,,0.5,,False,"[""undefined_precision"", ""recommendations"", ""coverage"", ""abstention""]"
divergence-horizon-q0.75-h20,2,light,none,heterogeneity-only,20,4,0,3,16,1.0,0.125,,1.0,,0.0,,0.0,,0.875,,0.875,,0.875,,0.875,,0.4375,,0.125,,0.0,,0.15625,,False,"[""undefined_precision"", ""recommendations"", ""coverage"", ""abstention""]"
divergence-horizon-q0.75-h20,2,light,none,incident-knowledge-only,20,1,0,1,19,1.0,0.125,,1.0,,0.0,,0.0,,0.875,,1.0,,1.0,,1.0,,0.4375,,0.125,,0.0,,0.0,,False,"[""undefined_precision"", ""recommendations"", ""coverage"", ""abstention""]"
divergence-horizon-q0.75-h20,2,light,none,rate-only,20,5,0,1,15,1.0,0.125,,1.0,,0.0,,0.0,,0.875,,1.0,,0.75,,0.75,,0.46875,,0.125,,0.0,,0.5,,False,"[""undefined_precision"", ""recommendations"", ""coverage"", ""abstention""]"
divergence-horizon-q0.75-h20,2,peak,blocked_ew,aligned-control,20,0,0,0,20,4.0,0.5,,1.0,,0.0,,0.0,,0.5,,1.0,,1.0,,1.0,,0.375,,0.5,,0.0,,0.0,,True,[]
divergence-horizon-q0.75-h20,2,peak,blocked_ew,combined-rate-plus-incident,20,20,0,0,0,0.0,0.0,,0.0,,0.0,,1.0,,1.0,,0.75,,0.5,,0.5,,0.59375,,0.5,,0.5,,3.375,,False,"[""undefined_precision"", ""recommendations"", ""recommending_runs"", ""coverage"", ""precision"", ""abstention""]"
divergence-horizon-q0.75-h20,2,peak,blocked_ew,heterogeneity-only,20,0,0,0,20,4.5,0.5625,,1.0,,0.0,,0.0,,0.4375,,0.5,,1.0,,0.875,,0.3125,,0.5625,,0.0,,0.46875,,True,[]
divergence-horizon-q0.75-h20,2,peak,blocked_ew,incident-knowledge-only,20,20,0,0,0,0.0,0.0,,0.0,,0.0,,1.0,,1.0,,0.5,,0.5,,0.75,,0.59375,,0.5,,0.5,,0.84375,,False,"[""undefined_precision"", ""recommendations"", ""recommending_runs"", ""coverage"", ""precision"", ""abstention""]"
divergence-horizon-q0.75-h20,2,peak,blocked_ew,rate-only,20,0,0,0,20,4.0,0.5,,1.0,,0.0,,0.0,,0.5,,0.5,,1.0,,0.5,,0.375,,0.5,,0.0,,1.96875,,True,[]
divergence-horizon-q0.75-h20,2,peak,none,aligned-control,20,0,0,0,20,4.0,0.5,,1.0,,0.0,,0.0,,0.5,,1.0,,1.0,,1.0,,0.21875,,0.5,,0.0,,0.0,,True,[]
divergence-horizon-q0.75-h20,2,peak,none,combined-rate-plus-incident,20,0,0,0,20,4.0,0.5,,1.0,,0.0,,0.0,,0.5,,0.625,,0.875,,0.5,,0.25,,0.5,,0.0,,2.4375,,True,[]
divergence-horizon-q0.75-h20,2,peak,none,heterogeneity-only,20,0,0,0,20,4.0,0.5,,1.0,,0.0,,0.0,,0.5,,0.625,,1.0,,0.8125,,0.3125,,0.5,,0.0,,0.546875,,True,[]
divergence-horizon-q0.75-h20,2,peak,none,incident-knowledge-only,20,0,0,0,20,4.0,0.5,,1.0,,0.0,,0.0,,0.5,,1.0,,1.0,,1.0,,0.21875,,0.5,,0.0,,0.0,,True,[]
divergence-horizon-q0.75-h20,2,peak,none,rate-only,20,0,0,0,20,4.0,0.5,,1.0,,0.0,,0.0,,0.5,,0.625,,0.875,,0.5,,0.25,,0.5,,0.0,,2.4375,,True,[]
divergence-horizon-q0.75-h20,6,light,blocked_ew,aligned-control,20,0,8,0,20,7.0,0.875,,1.0,,0.0,,0.0,,0.125,,1.0,,1.0,,1.0,,0.0,,0.875,,0.0,,0.0,,True,[]
divergence-horizon-q0.75-h20,6,light,blocked_ew,combined-rate-plus-incident,20,20,8,0,0,0.0,0.0,,0.0,,0.0,,1.0,,1.0,,1.0,,0.0,,0.875,,0.7499999999999998,,0.875,,0.875,,4.135416666666666,,False,"[""undefined_precision"", ""recommendations"", ""recommending_runs"", ""coverage"", ""precision"", ""abstention""]"
divergence-horizon-q0.75-h20,6,light,blocked_ew,heterogeneity-only,20,0,9,0,20,7.0,0.875,,1.0,,0.0,,0.0,,0.125,,0.25,,1.0,,1.0,,0.0,,0.875,,0.0,,0.3489583333333336,,True,[]
divergence-horizon-q0.75-h20,6,light,blocked_ew,incident-knowledge-only,20,20,8,0,0,0.0,0.0,,0.0,,0.0,,1.0,,1.0,,1.0,,0.0,,0.875,,0.14583333333333326,,0.875,,0.875,,0.4375000000000001,,False,"[""undefined_precision"", ""recommendations"", ""recommending_runs"", ""coverage"", ""precision"", ""abstention""]"
divergence-horizon-q0.75-h20,6,light,blocked_ew,rate-only,20,0,8,0,20,7.0,0.875,,1.0,,0.0,,0.0,,0.125,,0.125,,0.9375,,1.0,,0.0,,0.875,,0.0,,2.1562499999999996,,True,[]
divergence-horizon-q0.75-h20,6,light,none,aligned-control,20,3,1,3,17,1.5,0.1875,,1.0,,0.0,,0.0,,0.8125,,1.0,,1.0,,1.0,,0.8020833333333334,,0.1875,,0.0,,0.0,,False,"[""undefined_precision"", ""recommendations"", ""coverage"", ""abstention""]"
divergence-horizon-q0.75-h20,6,light,none,combined-rate-plus-incident,20,3,1,3,17,1.5,0.1875,,1.0,,0.0,,0.0,,0.8125,,0.5,,1.0,,0.9375,,0.8020833333333334,,0.1875,,0.0,,0.35416666666666674,,False,"[""undefined_precision"", ""recommendations"", ""coverage"", ""abstention""]"
divergence-horizon-q0.75-h20,6,light,none,heterogeneity-only,20,5,0,5,15,2.0,0.25,,1.0,,0.0,,0.0,,0.75,,0.5,,1.0,,0.875,,0.7916666666666667,,0.25,,0.0,,0.1041666666666667,,False,"[""undefined_precision"", ""abstention""]"
divergence-horizon-q0.75-h20,6,light,none,incident-knowledge-only,20,3,1,3,17,1.5,0.1875,,1.0,,0.0,,0.0,,0.8125,,1.0,,1.0,,1.0,,0.8020833333333334,,0.1875,,0.0,,0.0,,False,"[""undefined_precision"", ""recommendations"", ""coverage"", ""abstention""]"
divergence-horizon-q0.75-h20,6,light,none,rate-only,20,3,1,3,17,1.5,0.1875,,1.0,,0.0,,0.0,,0.8125,,0.5,,1.0,,0.9375,,0.8020833333333334,,0.1875,,0.0,,0.35416666666666674,,False,"[""undefined_precision"", ""recommendations"", ""coverage"", ""abstention""]"
divergence-horizon-q0.75-h20,6,peak,blocked_ew,aligned-control,20,0,0,0,20,5.0,0.625,,1.0,,0.0,,0.0,,0.375,,1.0,,1.0,,1.0,,0.7499999999999999,,0.625,,0.0,,0.0,,True,[]
divergence-horizon-q0.75-h20,6,peak,blocked_ew,combined-rate-plus-incident,20,20,0,0,0,0.0,0.0,,0.0,,0.0,,1.0,,1.0,,0.625,,0.25,,0.625,,1.34375,,0.625,,0.625,,7.364583333333334,,False,"[""undefined_precision"", ""recommendations"", ""recommending_runs"", ""coverage"", ""precision"", ""abstention""]"
divergence-horizon-q0.75-h20,6,peak,blocked_ew,heterogeneity-only,20,0,0,0,20,5.5,0.6875,,1.0,,0.0,,0.0,,0.3125,,0.25,,1.0,,1.0,,0.5729166666666667,,0.6875,,0.0,,0.5937499999999991,,True,[]
divergence-horizon-q0.75-h20,6,peak,blocked_ew,incident-knowledge-only,20,20,0,0,0,0.0,0.0,,0.0,,0.0,,1.0,,1.0,,0.625,,0.375,,0.8125,,1.3437499999999996,,0.625,,0.625,,1.53125,,False,"[""undefined_precision"", ""recommendations"", ""recommending_runs"", ""coverage"", ""precision"", ""abstention""]"
divergence-horizon-q0.75-h20,6,peak,blocked_ew,rate-only,20,0,0,0,20,5.0,0.625,,1.0,,0.0,,0.0,,0.375,,0.3125,,1.0,,0.625,,0.7499999999999999,,0.625,,0.0,,5.041666666666667,,True,[]
divergence-horizon-q0.75-h20,6,peak,none,aligned-control,20,0,0,0,20,4.0,0.5,,1.0,,0.0,,0.0,,0.5,,1.0,,1.0,,1.0,,0.6562499999999999,,0.5,,0.0,,0.0,,True,[]
divergence-horizon-q0.75-h20,6,peak,none,combined-rate-plus-incident,20,0,0,0,20,3.5,0.4375,,1.0,,0.0,,0.2,,0.5625,,0.5625,,0.6875,,0.5,,0.8333333333333344,,0.5,,0.125,,5.28125,,True,[]
divergence-horizon-q0.75-h20,6,peak,none,heterogeneity-only,20,1,0,1,19,3.5,0.4375,,1.0,,0.0,,0.0,,0.5625,,0.625,,1.0,,0.875,,0.6406250000000004,,0.5,,0.0,,0.7187499999999998,,False,"[""undefined_precision""]"
divergence-horizon-q0.75-h20,6,peak,none,incident-knowledge-only,20,0,0,0,20,4.0,0.5,,1.0,,0.0,,0.0,,0.5,,1.0,,1.0,,1.0,,0.6562499999999999,,0.5,,0.0,,0.0,,True,[]
divergence-horizon-q0.75-h20,6,peak,none,rate-only,20,0,0,0,20,3.5,0.4375,,1.0,,0.0,,0.2,,0.5625,,0.5625,,0.6875,,0.5,,0.8333333333333344,,0.5,,0.125,,5.28125,,True,[]
divergence-horizon-q0.75-h20,20,light,blocked_ew,aligned-control,20,0,12,0,20,1.0,0.125,,1.0,,0.0,,0.8571428571428571,,0.875,,1.0,,1.0,,1.0,,0.0,,1.0,,0.75,,0.0,,False,"[""recommendations"", ""coverage"", ""abstention""]"
divergence-horizon-q0.75-h20,20,light,blocked_ew,combined-rate-plus-incident,20,20,11,0,0,0.0,0.0,,0.0,,0.0,,1.0,,1.0,,1.0,,0.0,,1.0,,1.5812499999999998,,1.0,,1.0,,10.671875,,False,"[""undefined_precision"", ""recommendations"", ""recommending_runs"", ""coverage"", ""precision"", ""abstention""]"
divergence-horizon-q0.75-h20,20,light,blocked_ew,heterogeneity-only,20,0,10,0,20,1.0,0.125,,1.0,,0.0,,0.8571428571428571,,0.875,,0.125,,1.0,,1.0,,0.025000000000000022,,0.9375,,0.75,,0.3328125000000002,,False,"[""recommendations"", ""coverage"", ""abstention""]"
divergence-horizon-q0.75-h20,20,light,blocked_ew,incident-knowledge-only,20,20,11,0,0,0.0,0.0,,0.0,,0.0,,1.0,,1.0,,1.0,,0.0,,1.0,,1.0562500000000004,,1.0,,1.0,,3.871875,,False,"[""undefined_precision"", ""recommendations"", ""recommending_runs"", ""coverage"", ""precision"", ""abstention""]"
divergence-horizon-q0.75-h20,20,light,blocked_ew,rate-only,20,0,12,0,20,1.0,0.125,,1.0,,0.0,,0.8571428571428571,,0.875,,0.125,,1.0,,1.0,,0.0,,1.0,,0.75,,2.1343749999999995,,False,"[""recommendations"", ""coverage"", ""abstention""]"
divergence-horizon-q0.75-h20,20,light,none,aligned-control,20,1,2,1,19,4.5,0.5625,,1.0,,0.0,,0.0,,0.4375,,1.0,,1.0,,1.0,,0.39062499999999994,,0.625,,0.0,,0.0,,False,"[""undefined_precision""]"
divergence-horizon-q0.75-h20,20,light,none,combined-rate-plus-incident,20,0,2,1,20,4.5,0.5625,,1.0,,0.0,,0.0,,0.4375,,0.125,,1.0,,1.0,,0.39062499999999994,,0.625,,0.0,,0.19687499999999997,,True,[]
divergence-horizon-q0.75-h20,20,light,none,heterogeneity-only,20,1,3,1,19,5.0,0.625,,1.0,,0.0,,0.0,,0.375,,0.375,,1.0,,1.0,,0.3109375,,0.625,,0.0,,0.043750000000000025,,False,"[""undefined_precision""]"
divergence-horizon-q0.75-h20,20,light,none,incident-knowledge-only,20,1,2,1,19,4.5,0.5625,,1.0,,0.0,,0.0,,0.4375,,1.0,,1.0,,1.0,,0.39062499999999994,,0.625,,0.0,,0.0,,False,"[""undefined_precision""]"
divergence-horizon-q0.75-h20,20,light,none,rate-only,20,0,2,1,20,4.5,0.5625,,1.0,,0.0,,0.0,,0.4375,,0.125,,1.0,,1.0,,0.39062499999999994,,0.625,,0.0,,0.19687499999999997,,True,[]
divergence-horizon-q0.75-h20,20,peak,blocked_ew,aligned-control,20,20,0,0,0,0.0,0.0,,0.0,,0.0,,1.0,,1.0,,1.0,,1.0,,1.0,,1.35,,0.75,,0.75,,0.0,,False,"[""undefined_precision"", ""recommendations"", ""recommending_runs"", ""coverage"", ""precision"", ""abstention""]"
divergence-horizon-q0.75-h20,20,peak,blocked_ew,combined-rate-plus-incident,20,20,0,0,0,0.0,0.0,,0.0,,0.0,,1.0,,1.0,,0.75,,0.0,,0.75,,2.7281250000000004,,0.75,,0.75,,19.124999999999993,,False,"[""undefined_precision"", ""recommendations"", ""recommending_runs"", ""coverage"", ""precision"", ""abstention""]"
divergence-horizon-q0.75-h20,20,peak,blocked_ew,heterogeneity-only,20,20,0,0,0,0.0,0.0,,0.0,,0.0,,1.0,,1.0,,0.125,,1.0,,1.0,,1.2968749999999991,,0.75,,0.75,,1.2125000000000008,,False,"[""undefined_precision"", ""recommendations"", ""recommending_runs"", ""coverage"", ""precision"", ""abstention""]"
divergence-horizon-q0.75-h20,20,peak,blocked_ew,incident-knowledge-only,20,20,0,0,0,0.0,0.0,,0.0,,0.0,,1.0,,1.0,,0.75,,0.25,,1.0,,1.4375000000000004,,0.75,,0.75,,1.3968749999999996,,False,"[""undefined_precision"", ""recommendations"", ""recommending_runs"", ""coverage"", ""precision"", ""abstention""]"
divergence-horizon-q0.75-h20,20,peak,blocked_ew,rate-only,20,20,0,0,0,0.0,0.0,,0.0,,0.0,,1.0,,1.0,,0.125,,1.0,,0.75,,1.35,,0.75,,0.75,,13.693749999999994,,False,"[""undefined_precision"", ""recommendations"", ""recommending_runs"", ""coverage"", ""precision"", ""abstention""]"
divergence-horizon-q0.75-h20,20,peak,none,aligned-control,20,20,0,2,0,0.0,0.0,,0.0,,0.0,,1.0,,1.0,,1.0,,1.0,,1.0,,2.1937499999999996,,0.1875,,0.1875,,0.0,,False,"[""undefined_precision"", ""recommendations"", ""recommending_runs"", ""coverage"", ""precision"", ""abstention""]"
divergence-horizon-q0.75-h20,20,peak,none,combined-rate-plus-incident,20,20,0,2,0,0.0,0.0,,0.0,,0.0,,1.0,,1.0,,0.375,,0.5,,0.375,,2.340625,,0.1875,,0.1875,,11.734375,,False,"[""undefined_precision"", ""recommendations"", ""recommending_runs"", ""coverage"", ""precision"", ""abstention""]"
divergence-horizon-q0.75-h20,20,peak,none,heterogeneity-only,20,19,0,0,1,0.0,0.0,,0.0,,0.0,,1.0,,1.0,,0.625,,1.0,,0.875,,2.0734375,,0.125,,0.125,,1.1093750000000013,,False,"[""undefined_precision"", ""recommendations"", ""recommending_runs"", ""coverage"", ""precision"", ""abstention""]"
divergence-horizon-q0.75-h20,20,peak,none,incident-knowledge-only,20,20,0,2,0,0.0,0.0,,0.0,,0.0,,1.0,,1.0,,1.0,,1.0,,1.0,,2.1937499999999996,,0.1875,,0.1875,,0.0,,False,"[""undefined_precision"", ""recommendations"", ""recommending_runs"", ""coverage"", ""precision"", ""abstention""]"
divergence-horizon-q0.75-h20,20,peak,none,rate-only,20,20,0,2,0,0.0,0.0,,0.0,,0.0,,1.0,,1.0,,0.375,,0.5,,0.375,,2.340625,,0.1875,,0.1875,,11.734375,,False,"[""undefined_precision"", ""recommendations"", ""recommending_runs"", ""coverage"", ""precision"", ""abstention""]"
divergence-q1,2,light,blocked_ew,aligned-control,20,0,9,0,20,7.0,0.875,,1.0,,0.0,,0.0,,0.125,,1.0,,1.0,,1.0,,0.0,,0.875,,0.0,,0.0,,True,[]
divergence-q1,2,light,blocked_ew,combined-rate-plus-incident,20,20,7,0,0,0.0,0.0,,0.0,,0.0,,1.0,,1.0,,1.0,,0.0,,0.875,,0.1875,,0.875,,0.875,,1.625,,False,"[""undefined_precision"", ""recommendations"", ""recommending_runs"", ""coverage"", ""precision"", ""abstention""]"
divergence-q1,2,light,blocked_ew,heterogeneity-only,20,0,5,0,20,7.0,0.875,,1.0,,0.0,,0.0,,0.125,,0.4375,,1.0,,1.0,,0.0,,0.875,,0.0,,0.25,,True,[]
divergence-q1,2,light,blocked_ew,incident-knowledge-only,20,20,9,0,0,0.0,0.0,,0.0,,0.0,,1.0,,1.0,,1.0,,0.0,,0.875,,0.0,,0.875,,0.875,,0.125,,False,"[""undefined_precision"", ""recommendations"", ""recommending_runs"", ""coverage"", ""precision"", ""abstention""]"
divergence-q1,2,light,blocked_ew,rate-only,20,0,9,0,20,7.0,0.875,,1.0,,0.0,,0.0,,0.125,,0.1875,,0.875,,1.0,,0.0,,0.875,,0.0,,1.21875,,True,[]
divergence-q1,2,light,none,aligned-control,20,1,0,1,19,1.0,0.125,,1.0,,0.0,,0.0,,0.875,,1.0,,1.0,,1.0,,0.4375,,0.125,,0.0,,0.0,,False,"[""undefined_precision"", ""recommendations"", ""coverage"", ""abstention""]"
divergence-q1,2,light,none,combined-rate-plus-incident,20,5,0,1,15,1.0,0.125,,1.0,,0.0,,0.0,,0.875,,1.0,,0.75,,0.75,,0.46875,,0.125,,0.0,,0.5,,False,"[""undefined_precision"", ""recommendations"", ""coverage"", ""abstention""]"
divergence-q1,2,light,none,heterogeneity-only,20,4,0,3,16,1.0,0.125,,1.0,,0.0,,0.0,,0.875,,0.875,,0.875,,0.875,,0.4375,,0.125,,0.0,,0.15625,,False,"[""undefined_precision"", ""recommendations"", ""coverage"", ""abstention""]"
divergence-q1,2,light,none,incident-knowledge-only,20,1,0,1,19,1.0,0.125,,1.0,,0.0,,0.0,,0.875,,1.0,,1.0,,1.0,,0.4375,,0.125,,0.0,,0.0,,False,"[""undefined_precision"", ""recommendations"", ""coverage"", ""abstention""]"
divergence-q1,2,light,none,rate-only,20,5,0,1,15,1.0,0.125,,1.0,,0.0,,0.0,,0.875,,1.0,,0.75,,0.75,,0.46875,,0.125,,0.0,,0.5,,False,"[""undefined_precision"", ""recommendations"", ""coverage"", ""abstention""]"
divergence-q1,2,peak,blocked_ew,aligned-control,20,0,0,0,20,4.0,0.5,,1.0,,0.0,,0.0,,0.5,,1.0,,1.0,,1.0,,0.375,,0.5,,0.0,,0.0,,True,[]
divergence-q1,2,peak,blocked_ew,combined-rate-plus-incident,20,20,0,0,0,0.0,0.0,,0.0,,0.0,,1.0,,1.0,,0.75,,0.5,,0.5,,0.59375,,0.5,,0.5,,3.375,,False,"[""undefined_precision"", ""recommendations"", ""recommending_runs"", ""coverage"", ""precision"", ""abstention""]"
divergence-q1,2,peak,blocked_ew,heterogeneity-only,20,0,0,0,20,4.5,0.5625,,1.0,,0.0,,0.0,,0.4375,,0.5,,1.0,,0.875,,0.3125,,0.5625,,0.0,,0.46875,,True,[]
divergence-q1,2,peak,blocked_ew,incident-knowledge-only,20,20,0,0,0,0.0,0.0,,0.0,,0.0,,1.0,,1.0,,0.5,,0.5,,0.75,,0.59375,,0.5,,0.5,,0.84375,,False,"[""undefined_precision"", ""recommendations"", ""recommending_runs"", ""coverage"", ""precision"", ""abstention""]"
divergence-q1,2,peak,blocked_ew,rate-only,20,0,0,0,20,4.0,0.5,,1.0,,0.0,,0.0,,0.5,,0.5,,1.0,,0.5,,0.375,,0.5,,0.0,,1.96875,,True,[]
divergence-q1,2,peak,none,aligned-control,20,0,0,0,20,4.0,0.5,,1.0,,0.0,,0.0,,0.5,,1.0,,1.0,,1.0,,0.21875,,0.5,,0.0,,0.0,,True,[]
divergence-q1,2,peak,none,combined-rate-plus-incident,20,0,0,0,20,4.0,0.5,,1.0,,0.0,,0.0,,0.5,,0.625,,0.875,,0.5,,0.25,,0.5,,0.0,,2.4375,,True,[]
divergence-q1,2,peak,none,heterogeneity-only,20,0,0,0,20,4.0,0.5,,1.0,,0.0,,0.0,,0.5,,0.625,,1.0,,0.8125,,0.3125,,0.5,,0.0,,0.546875,,True,[]
divergence-q1,2,peak,none,incident-knowledge-only,20,0,0,0,20,4.0,0.5,,1.0,,0.0,,0.0,,0.5,,1.0,,1.0,,1.0,,0.21875,,0.5,,0.0,,0.0,,True,[]
divergence-q1,2,peak,none,rate-only,20,0,0,0,20,4.0,0.5,,1.0,,0.0,,0.0,,0.5,,0.625,,0.875,,0.5,,0.25,,0.5,,0.0,,2.4375,,True,[]
divergence-q1,6,light,blocked_ew,aligned-control,20,0,8,0,20,7.0,0.875,,1.0,,0.0,,0.0,,0.125,,1.0,,1.0,,1.0,,0.0,,0.875,,0.0,,0.0,,True,[]
divergence-q1,6,light,blocked_ew,combined-rate-plus-incident,20,20,8,0,0,0.0,0.0,,0.0,,0.0,,1.0,,1.0,,1.0,,0.0,,0.875,,0.7499999999999998,,0.875,,0.875,,4.135416666666666,,False,"[""undefined_precision"", ""recommendations"", ""recommending_runs"", ""coverage"", ""precision"", ""abstention""]"
divergence-q1,6,light,blocked_ew,heterogeneity-only,20,0,9,0,20,7.0,0.875,,1.0,,0.0,,0.0,,0.125,,0.25,,1.0,,1.0,,0.0,,0.875,,0.0,,0.3489583333333336,,True,[]
divergence-q1,6,light,blocked_ew,incident-knowledge-only,20,20,8,0,0,0.0,0.0,,0.0,,0.0,,1.0,,1.0,,1.0,,0.0,,0.875,,0.14583333333333326,,0.875,,0.875,,0.4375000000000001,,False,"[""undefined_precision"", ""recommendations"", ""recommending_runs"", ""coverage"", ""precision"", ""abstention""]"
divergence-q1,6,light,blocked_ew,rate-only,20,0,8,0,20,7.0,0.875,,1.0,,0.0,,0.0,,0.125,,0.125,,0.9375,,1.0,,0.0,,0.875,,0.0,,2.1562499999999996,,True,[]
divergence-q1,6,light,none,aligned-control,20,3,1,3,17,1.5,0.1875,,1.0,,0.0,,0.0,,0.8125,,1.0,,1.0,,1.0,,0.8020833333333334,,0.1875,,0.0,,0.0,,False,"[""undefined_precision"", ""recommendations"", ""coverage"", ""abstention""]"
divergence-q1,6,light,none,combined-rate-plus-incident,20,3,1,3,17,1.5,0.1875,,1.0,,0.0,,0.0,,0.8125,,0.5,,1.0,,0.9375,,0.8020833333333334,,0.1875,,0.0,,0.35416666666666674,,False,"[""undefined_precision"", ""recommendations"", ""coverage"", ""abstention""]"
divergence-q1,6,light,none,heterogeneity-only,20,5,0,5,15,2.0,0.25,,1.0,,0.0,,0.0,,0.75,,0.5,,1.0,,0.875,,0.7916666666666667,,0.25,,0.0,,0.1041666666666667,,False,"[""undefined_precision"", ""abstention""]"
divergence-q1,6,light,none,incident-knowledge-only,20,3,1,3,17,1.5,0.1875,,1.0,,0.0,,0.0,,0.8125,,1.0,,1.0,,1.0,,0.8020833333333334,,0.1875,,0.0,,0.0,,False,"[""undefined_precision"", ""recommendations"", ""coverage"", ""abstention""]"
divergence-q1,6,light,none,rate-only,20,3,1,3,17,1.5,0.1875,,1.0,,0.0,,0.0,,0.8125,,0.5,,1.0,,0.9375,,0.8020833333333334,,0.1875,,0.0,,0.35416666666666674,,False,"[""undefined_precision"", ""recommendations"", ""coverage"", ""abstention""]"
divergence-q1,6,peak,blocked_ew,aligned-control,20,0,0,0,20,5.0,0.625,,1.0,,0.0,,0.0,,0.375,,1.0,,1.0,,1.0,,0.7499999999999999,,0.625,,0.0,,0.0,,True,[]
divergence-q1,6,peak,blocked_ew,combined-rate-plus-incident,20,20,0,0,0,0.0,0.0,,0.0,,0.0,,1.0,,1.0,,0.625,,0.25,,0.625,,1.34375,,0.625,,0.625,,7.364583333333334,,False,"[""undefined_precision"", ""recommendations"", ""recommending_runs"", ""coverage"", ""precision"", ""abstention""]"
divergence-q1,6,peak,blocked_ew,heterogeneity-only,20,0,0,0,20,5.5,0.6875,,1.0,,0.0,,0.0,,0.3125,,0.25,,1.0,,1.0,,0.5729166666666667,,0.6875,,0.0,,0.5937499999999991,,True,[]
divergence-q1,6,peak,blocked_ew,incident-knowledge-only,20,20,0,0,0,0.0,0.0,,0.0,,0.0,,1.0,,1.0,,0.625,,0.375,,0.8125,,1.3437499999999996,,0.625,,0.625,,1.53125,,False,"[""undefined_precision"", ""recommendations"", ""recommending_runs"", ""coverage"", ""precision"", ""abstention""]"
divergence-q1,6,peak,blocked_ew,rate-only,20,0,0,0,20,5.0,0.625,,1.0,,0.0,,0.0,,0.375,,0.3125,,1.0,,0.625,,0.7499999999999999,,0.625,,0.0,,5.041666666666667,,True,[]
divergence-q1,6,peak,none,aligned-control,20,0,0,0,20,4.0,0.5,,1.0,,0.0,,0.0,,0.5,,1.0,,1.0,,1.0,,0.6562499999999999,,0.5,,0.0,,0.0,,True,[]
divergence-q1,6,peak,none,combined-rate-plus-incident,20,0,0,0,20,3.5,0.4375,,1.0,,0.0,,0.2,,0.5625,,0.5625,,0.6875,,0.5,,0.8333333333333344,,0.5,,0.125,,5.28125,,True,[]
divergence-q1,6,peak,none,heterogeneity-only,20,1,0,1,19,3.5,0.4375,,1.0,,0.0,,0.0,,0.5625,,0.625,,1.0,,0.875,,0.6406250000000004,,0.5,,0.0,,0.7187499999999998,,False,"[""undefined_precision""]"
divergence-q1,6,peak,none,incident-knowledge-only,20,0,0,0,20,4.0,0.5,,1.0,,0.0,,0.0,,0.5,,1.0,,1.0,,1.0,,0.6562499999999999,,0.5,,0.0,,0.0,,True,[]
divergence-q1,6,peak,none,rate-only,20,0,0,0,20,3.5,0.4375,,1.0,,0.0,,0.2,,0.5625,,0.5625,,0.6875,,0.5,,0.8333333333333344,,0.5,,0.125,,5.28125,,True,[]
divergence-q1,20,light,blocked_ew,aligned-control,20,0,12,0,20,8.0,1.0,,1.0,,0.0,,0.0,,0.0,,1.0,,1.0,,1.0,,0.0,,1.0,,0.0,,0.0,,True,[]
divergence-q1,20,light,blocked_ew,combined-rate-plus-incident,20,20,11,0,0,0.0,0.0,,0.0,,0.0,,1.0,,1.0,,1.0,,0.0,,1.0,,1.5812499999999998,,1.0,,1.0,,10.671875,,False,"[""undefined_precision"", ""recommendations"", ""recommending_runs"", ""coverage"", ""precision"", ""abstention""]"
divergence-q1,20,light,blocked_ew,heterogeneity-only,20,0,10,0,20,7.5,0.9375,,1.0,,0.0,,0.0,,0.0625,,0.125,,1.0,,1.0,,0.025000000000000022,,0.9375,,0.0,,0.3328125000000002,,True,[]
divergence-q1,20,light,blocked_ew,incident-knowledge-only,20,20,11,0,0,0.0,0.0,,0.0,,0.0,,1.0,,1.0,,1.0,,0.0,,1.0,,1.0562500000000004,,1.0,,1.0,,3.871875,,False,"[""undefined_precision"", ""recommendations"", ""recommending_runs"", ""coverage"", ""precision"", ""abstention""]"
divergence-q1,20,light,blocked_ew,rate-only,20,0,12,0,20,8.0,1.0,,1.0,,0.0,,0.0,,0.0,,0.125,,1.0,,1.0,,0.0,,1.0,,0.0,,2.1343749999999995,,True,[]
divergence-q1,20,light,none,aligned-control,20,1,2,1,19,5.0,0.625,,1.0,,0.0,,0.0,,0.375,,1.0,,1.0,,1.0,,0.39062499999999994,,0.625,,0.0,,0.0,,False,"[""undefined_precision""]"
divergence-q1,20,light,none,combined-rate-plus-incident,20,0,2,1,20,5.0,0.625,,1.0,,0.0,,0.0,,0.375,,0.125,,1.0,,1.0,,0.39062499999999994,,0.625,,0.0,,0.19687499999999997,,True,[]
divergence-q1,20,light,none,heterogeneity-only,20,1,3,1,19,5.5,0.6875,,1.0,,0.0,,0.0,,0.3125,,0.375,,1.0,,1.0,,0.3109375,,0.625,,0.0,,0.043750000000000025,,False,"[""undefined_precision""]"
divergence-q1,20,light,none,incident-knowledge-only,20,1,2,1,19,5.0,0.625,,1.0,,0.0,,0.0,,0.375,,1.0,,1.0,,1.0,,0.39062499999999994,,0.625,,0.0,,0.0,,False,"[""undefined_precision""]"
divergence-q1,20,light,none,rate-only,20,0,2,1,20,5.0,0.625,,1.0,,0.0,,0.0,,0.375,,0.125,,1.0,,1.0,,0.39062499999999994,,0.625,,0.0,,0.19687499999999997,,True,[]
divergence-q1,20,peak,blocked_ew,aligned-control,20,0,0,0,20,6.0,0.75,,1.0,,0.0,,0.0,,0.25,,1.0,,1.0,,1.0,,1.35,,0.75,,0.0,,0.0,,True,[]
divergence-q1,20,peak,blocked_ew,combined-rate-plus-incident,20,20,0,0,0,0.0,0.0,,0.0,,0.0,,1.0,,1.0,,0.75,,0.0,,0.75,,2.7281250000000004,,0.75,,0.75,,19.124999999999993,,False,"[""undefined_precision"", ""recommendations"", ""recommending_runs"", ""coverage"", ""precision"", ""abstention""]"
divergence-q1,20,peak,blocked_ew,heterogeneity-only,20,0,0,0,20,6.0,0.75,,1.0,,0.0,,0.0,,0.25,,0.125,,1.0,,1.0,,1.2968749999999991,,0.75,,0.0,,1.2125000000000008,,True,[]
divergence-q1,20,peak,blocked_ew,incident-knowledge-only,20,20,0,0,0,0.0,0.0,,0.0,,0.0,,1.0,,1.0,,0.75,,0.25,,1.0,,1.4375000000000004,,0.75,,0.75,,1.3968749999999996,,False,"[""undefined_precision"", ""recommendations"", ""recommending_runs"", ""coverage"", ""precision"", ""abstention""]"
divergence-q1,20,peak,blocked_ew,rate-only,20,0,0,0,20,6.0,0.75,,1.0,,0.0,,0.0,,0.25,,0.125,,1.0,,0.75,,1.35,,0.75,,0.0,,13.693749999999994,,True,[]
divergence-q1,20,peak,none,aligned-control,20,2,0,2,18,1.5,0.1875,,1.0,,0.0,,0.0,,0.8125,,1.0,,1.0,,1.0,,2.1937499999999996,,0.1875,,0.0,,0.0,,False,"[""undefined_precision"", ""recommendations"", ""coverage"", ""abstention""]"
divergence-q1,20,peak,none,combined-rate-plus-incident,20,0,0,2,20,5.0,0.625,,0.2,,0.5,,0.0,,0.375,,0.375,,0.5,,0.375,,2.340625,,0.1875,,0.0,,11.734375,,False,"[""precision"", ""fpr""]"
divergence-q1,20,peak,none,heterogeneity-only,20,1,0,0,19,1.0,0.125,,1.0,,0.0,,0.0,,0.875,,0.625,,1.0,,0.875,,2.0734375,,0.125,,0.0,,1.1093750000000013,,False,"[""undefined_precision"", ""recommendations"", ""coverage"", ""abstention""]"
divergence-q1,20,peak,none,incident-knowledge-only,20,2,0,2,18,1.5,0.1875,,1.0,,0.0,,0.0,,0.8125,,1.0,,1.0,,1.0,,2.1937499999999996,,0.1875,,0.0,,0.0,,False,"[""undefined_precision"", ""recommendations"", ""coverage"", ""abstention""]"
divergence-q1,20,peak,none,rate-only,20,0,0,2,20,5.0,0.625,,0.2,,0.5,,0.0,,0.375,,0.375,,0.5,,0.375,,2.340625,,0.1875,,0.0,,11.734375,,False,"[""precision"", ""fpr""]"
divergence-horizon-q1-h2,2,light,blocked_ew,aligned-control,20,0,9,0,20,7.0,0.875,,1.0,,0.0,,0.0,,0.125,,1.0,,1.0,,1.0,,0.0,,0.875,,0.0,,0.0,,True,[]
divergence-horizon-q1-h2,2,light,blocked_ew,combined-rate-plus-incident,20,20,7,0,0,0.0,0.0,,0.0,,0.0,,1.0,,1.0,,1.0,,0.0,,0.875,,0.1875,,0.875,,0.875,,1.625,,False,"[""undefined_precision"", ""recommendations"", ""recommending_runs"", ""coverage"", ""precision"", ""abstention""]"
divergence-horizon-q1-h2,2,light,blocked_ew,heterogeneity-only,20,0,5,0,20,7.0,0.875,,1.0,,0.0,,0.0,,0.125,,0.4375,,1.0,,1.0,,0.0,,0.875,,0.0,,0.25,,True,[]
divergence-horizon-q1-h2,2,light,blocked_ew,incident-knowledge-only,20,20,9,0,0,0.0,0.0,,0.0,,0.0,,1.0,,1.0,,1.0,,0.0,,0.875,,0.0,,0.875,,0.875,,0.125,,False,"[""undefined_precision"", ""recommendations"", ""recommending_runs"", ""coverage"", ""precision"", ""abstention""]"
divergence-horizon-q1-h2,2,light,blocked_ew,rate-only,20,0,9,0,20,7.0,0.875,,1.0,,0.0,,0.0,,0.125,,0.1875,,0.875,,1.0,,0.0,,0.875,,0.0,,1.21875,,True,[]
divergence-horizon-q1-h2,2,light,none,aligned-control,20,1,0,1,19,1.0,0.125,,1.0,,0.0,,0.0,,0.875,,1.0,,1.0,,1.0,,0.4375,,0.125,,0.0,,0.0,,False,"[""undefined_precision"", ""recommendations"", ""coverage"", ""abstention""]"
divergence-horizon-q1-h2,2,light,none,combined-rate-plus-incident,20,5,0,1,15,1.0,0.125,,1.0,,0.0,,0.0,,0.875,,1.0,,0.75,,0.75,,0.46875,,0.125,,0.0,,0.5,,False,"[""undefined_precision"", ""recommendations"", ""coverage"", ""abstention""]"
divergence-horizon-q1-h2,2,light,none,heterogeneity-only,20,4,0,3,16,1.0,0.125,,1.0,,0.0,,0.0,,0.875,,0.875,,0.875,,0.875,,0.4375,,0.125,,0.0,,0.15625,,False,"[""undefined_precision"", ""recommendations"", ""coverage"", ""abstention""]"
divergence-horizon-q1-h2,2,light,none,incident-knowledge-only,20,1,0,1,19,1.0,0.125,,1.0,,0.0,,0.0,,0.875,,1.0,,1.0,,1.0,,0.4375,,0.125,,0.0,,0.0,,False,"[""undefined_precision"", ""recommendations"", ""coverage"", ""abstention""]"
divergence-horizon-q1-h2,2,light,none,rate-only,20,5,0,1,15,1.0,0.125,,1.0,,0.0,,0.0,,0.875,,1.0,,0.75,,0.75,,0.46875,,0.125,,0.0,,0.5,,False,"[""undefined_precision"", ""recommendations"", ""coverage"", ""abstention""]"
divergence-horizon-q1-h2,2,peak,blocked_ew,aligned-control,20,0,0,0,20,4.0,0.5,,1.0,,0.0,,0.0,,0.5,,1.0,,1.0,,1.0,,0.375,,0.5,,0.0,,0.0,,True,[]
divergence-horizon-q1-h2,2,peak,blocked_ew,combined-rate-plus-incident,20,20,0,0,0,0.0,0.0,,0.0,,0.0,,1.0,,1.0,,0.75,,0.5,,0.5,,0.59375,,0.5,,0.5,,3.375,,False,"[""undefined_precision"", ""recommendations"", ""recommending_runs"", ""coverage"", ""precision"", ""abstention""]"
divergence-horizon-q1-h2,2,peak,blocked_ew,heterogeneity-only,20,0,0,0,20,4.5,0.5625,,1.0,,0.0,,0.0,,0.4375,,0.5,,1.0,,0.875,,0.3125,,0.5625,,0.0,,0.46875,,True,[]
divergence-horizon-q1-h2,2,peak,blocked_ew,incident-knowledge-only,20,20,0,0,0,0.0,0.0,,0.0,,0.0,,1.0,,1.0,,0.5,,0.5,,0.75,,0.59375,,0.5,,0.5,,0.84375,,False,"[""undefined_precision"", ""recommendations"", ""recommending_runs"", ""coverage"", ""precision"", ""abstention""]"
divergence-horizon-q1-h2,2,peak,blocked_ew,rate-only,20,0,0,0,20,4.0,0.5,,1.0,,0.0,,0.0,,0.5,,0.5,,1.0,,0.5,,0.375,,0.5,,0.0,,1.96875,,True,[]
divergence-horizon-q1-h2,2,peak,none,aligned-control,20,0,0,0,20,4.0,0.5,,1.0,,0.0,,0.0,,0.5,,1.0,,1.0,,1.0,,0.21875,,0.5,,0.0,,0.0,,True,[]
divergence-horizon-q1-h2,2,peak,none,combined-rate-plus-incident,20,0,0,0,20,4.0,0.5,,1.0,,0.0,,0.0,,0.5,,0.625,,0.875,,0.5,,0.25,,0.5,,0.0,,2.4375,,True,[]
divergence-horizon-q1-h2,2,peak,none,heterogeneity-only,20,0,0,0,20,4.0,0.5,,1.0,,0.0,,0.0,,0.5,,0.625,,1.0,,0.8125,,0.3125,,0.5,,0.0,,0.546875,,True,[]
divergence-horizon-q1-h2,2,peak,none,incident-knowledge-only,20,0,0,0,20,4.0,0.5,,1.0,,0.0,,0.0,,0.5,,1.0,,1.0,,1.0,,0.21875,,0.5,,0.0,,0.0,,True,[]
divergence-horizon-q1-h2,2,peak,none,rate-only,20,0,0,0,20,4.0,0.5,,1.0,,0.0,,0.0,,0.5,,0.625,,0.875,,0.5,,0.25,,0.5,,0.0,,2.4375,,True,[]
divergence-horizon-q1-h2,6,light,blocked_ew,aligned-control,20,20,8,0,0,0.0,0.0,,0.0,,0.0,,1.0,,1.0,,1.0,,1.0,,1.0,,0.0,,0.875,,0.875,,0.0,,False,"[""undefined_precision"", ""recommendations"", ""recommending_runs"", ""coverage"", ""precision"", ""abstention""]"
divergence-horizon-q1-h2,6,light,blocked_ew,combined-rate-plus-incident,20,20,8,0,0,0.0,0.0,,0.0,,0.0,,1.0,,1.0,,1.0,,0.0,,0.875,,0.7499999999999998,,0.875,,0.875,,4.135416666666666,,False,"[""undefined_precision"", ""recommendations"", ""recommending_runs"", ""coverage"", ""precision"", ""abstention""]"
divergence-horizon-q1-h2,6,light,blocked_ew,heterogeneity-only,20,20,9,0,0,0.0,0.0,,0.0,,0.0,,1.0,,1.0,,0.25,,1.0,,1.0,,0.0,,0.875,,0.875,,0.3489583333333336,,False,"[""undefined_precision"", ""recommendations"", ""recommending_runs"", ""coverage"", ""precision"", ""abstention""]"
divergence-horizon-q1-h2,6,light,blocked_ew,incident-knowledge-only,20,20,8,0,0,0.0,0.0,,0.0,,0.0,,1.0,,1.0,,1.0,,0.0,,0.875,,0.14583333333333326,,0.875,,0.875,,0.4375000000000001,,False,"[""undefined_precision"", ""recommendations"", ""recommending_runs"", ""coverage"", ""precision"", ""abstention""]"
divergence-horizon-q1-h2,6,light,blocked_ew,rate-only,20,20,8,0,0,0.0,0.0,,0.0,,0.0,,1.0,,1.0,,0.125,,0.9375,,1.0,,0.0,,0.875,,0.875,,2.1562499999999996,,False,"[""undefined_precision"", ""recommendations"", ""recommending_runs"", ""coverage"", ""precision"", ""abstention""]"
divergence-horizon-q1-h2,6,light,none,aligned-control,20,20,1,3,0,0.0,0.0,,0.0,,0.0,,1.0,,1.0,,1.0,,1.0,,1.0,,0.8020833333333334,,0.1875,,0.1875,,0.0,,False,"[""undefined_precision"", ""recommendations"", ""recommending_runs"", ""coverage"", ""precision"", ""abstention""]"
divergence-horizon-q1-h2,6,light,none,combined-rate-plus-incident,20,20,1,3,0,0.0,0.0,,0.0,,0.0,,1.0,,1.0,,0.5,,1.0,,0.9375,,0.8020833333333334,,0.1875,,0.1875,,0.35416666666666674,,False,"[""undefined_precision"", ""recommendations"", ""recommending_runs"", ""coverage"", ""precision"", ""abstention""]"
divergence-horizon-q1-h2,6,light,none,heterogeneity-only,20,20,0,5,0,0.0,0.0,,0.0,,0.0,,1.0,,1.0,,0.5,,1.0,,0.875,,0.7916666666666667,,0.25,,0.25,,0.1041666666666667,,False,"[""undefined_precision"", ""recommendations"", ""recommending_runs"", ""coverage"", ""precision"", ""abstention""]"
divergence-horizon-q1-h2,6,light,none,incident-knowledge-only,20,20,1,3,0,0.0,0.0,,0.0,,0.0,,1.0,,1.0,,1.0,,1.0,,1.0,,0.8020833333333334,,0.1875,,0.1875,,0.0,,False,"[""undefined_precision"", ""recommendations"", ""recommending_runs"", ""coverage"", ""precision"", ""abstention""]"
divergence-horizon-q1-h2,6,light,none,rate-only,20,20,1,3,0,0.0,0.0,,0.0,,0.0,,1.0,,1.0,,0.5,,1.0,,0.9375,,0.8020833333333334,,0.1875,,0.1875,,0.35416666666666674,,False,"[""undefined_precision"", ""recommendations"", ""recommending_runs"", ""coverage"", ""precision"", ""abstention""]"
divergence-horizon-q1-h2,6,peak,blocked_ew,aligned-control,20,20,0,0,0,0.0,0.0,,0.0,,0.0,,1.0,,1.0,,1.0,,1.0,,1.0,,0.7499999999999999,,0.625,,0.625,,0.0,,False,"[""undefined_precision"", ""recommendations"", ""recommending_runs"", ""coverage"", ""precision"", ""abstention""]"
divergence-horizon-q1-h2,6,peak,blocked_ew,combined-rate-plus-incident,20,20,0,0,0,0.0,0.0,,0.0,,0.0,,1.0,,1.0,,0.625,,0.25,,0.625,,1.34375,,0.625,,0.625,,7.364583333333334,,False,"[""undefined_precision"", ""recommendations"", ""recommending_runs"", ""coverage"", ""precision"", ""abstention""]"
divergence-horizon-q1-h2,6,peak,blocked_ew,heterogeneity-only,20,20,0,0,0,0.0,0.0,,0.0,,0.0,,1.0,,1.0,,0.25,,1.0,,1.0,,0.5729166666666667,,0.6875,,0.6875,,0.5937499999999991,,False,"[""undefined_precision"", ""recommendations"", ""recommending_runs"", ""coverage"", ""precision"", ""abstention""]"
divergence-horizon-q1-h2,6,peak,blocked_ew,incident-knowledge-only,20,20,0,0,0,0.0,0.0,,0.0,,0.0,,1.0,,1.0,,0.625,,0.375,,0.8125,,1.3437499999999996,,0.625,,0.625,,1.53125,,False,"[""undefined_precision"", ""recommendations"", ""recommending_runs"", ""coverage"", ""precision"", ""abstention""]"
divergence-horizon-q1-h2,6,peak,blocked_ew,rate-only,20,20,0,0,0,0.0,0.0,,0.0,,0.0,,1.0,,1.0,,0.3125,,1.0,,0.625,,0.7499999999999999,,0.625,,0.625,,5.041666666666667,,False,"[""undefined_precision"", ""recommendations"", ""recommending_runs"", ""coverage"", ""precision"", ""abstention""]"
divergence-horizon-q1-h2,6,peak,none,aligned-control,20,20,0,0,0,0.0,0.0,,0.0,,0.0,,1.0,,1.0,,1.0,,1.0,,1.0,,0.6562499999999999,,0.5,,0.5,,0.0,,False,"[""undefined_precision"", ""recommendations"", ""recommending_runs"", ""coverage"", ""precision"", ""abstention""]"
divergence-horizon-q1-h2,6,peak,none,combined-rate-plus-incident,20,20,0,0,0,0.0,0.0,,0.0,,0.0,,1.0,,1.0,,0.5625,,0.6875,,0.5,,0.8333333333333344,,0.5,,0.5,,5.28125,,False,"[""undefined_precision"", ""recommendations"", ""recommending_runs"", ""coverage"", ""precision"", ""abstention""]"
divergence-horizon-q1-h2,6,peak,none,heterogeneity-only,20,20,0,1,0,0.0,0.0,,0.0,,0.0,,1.0,,1.0,,0.625,,1.0,,0.875,,0.6406250000000004,,0.5,,0.5,,0.7187499999999998,,False,"[""undefined_precision"", ""recommendations"", ""recommending_runs"", ""coverage"", ""precision"", ""abstention""]"
divergence-horizon-q1-h2,6,peak,none,incident-knowledge-only,20,20,0,0,0,0.0,0.0,,0.0,,0.0,,1.0,,1.0,,1.0,,1.0,,1.0,,0.6562499999999999,,0.5,,0.5,,0.0,,False,"[""undefined_precision"", ""recommendations"", ""recommending_runs"", ""coverage"", ""precision"", ""abstention""]"
divergence-horizon-q1-h2,6,peak,none,rate-only,20,20,0,0,0,0.0,0.0,,0.0,,0.0,,1.0,,1.0,,0.5625,,0.6875,,0.5,,0.8333333333333344,,0.5,,0.5,,5.28125,,False,"[""undefined_precision"", ""recommendations"", ""recommending_runs"", ""coverage"", ""precision"", ""abstention""]"
divergence-horizon-q1-h2,20,light,blocked_ew,aligned-control,20,20,12,0,0,0.0,0.0,,0.0,,0.0,,1.0,,1.0,,1.0,,1.0,,1.0,,0.0,,1.0,,1.0,,0.0,,False,"[""undefined_precision"", ""recommendations"", ""recommending_runs"", ""coverage"", ""precision"", ""abstention""]"
divergence-horizon-q1-h2,20,light,blocked_ew,combined-rate-plus-incident,20,20,11,0,0,0.0,0.0,,0.0,,0.0,,1.0,,1.0,,1.0,,0.0,,1.0,,1.5812499999999998,,1.0,,1.0,,10.671875,,False,"[""undefined_precision"", ""recommendations"", ""recommending_runs"", ""coverage"", ""precision"", ""abstention""]"
divergence-horizon-q1-h2,20,light,blocked_ew,heterogeneity-only,20,20,10,0,0,0.0,0.0,,0.0,,0.0,,1.0,,1.0,,0.125,,1.0,,1.0,,0.025000000000000022,,0.9375,,0.9375,,0.3328125000000002,,False,"[""undefined_precision"", ""recommendations"", ""recommending_runs"", ""coverage"", ""precision"", ""abstention""]"
divergence-horizon-q1-h2,20,light,blocked_ew,incident-knowledge-only,20,20,11,0,0,0.0,0.0,,0.0,,0.0,,1.0,,1.0,,1.0,,0.0,,1.0,,1.0562500000000004,,1.0,,1.0,,3.871875,,False,"[""undefined_precision"", ""recommendations"", ""recommending_runs"", ""coverage"", ""precision"", ""abstention""]"
divergence-horizon-q1-h2,20,light,blocked_ew,rate-only,20,20,12,0,0,0.0,0.0,,0.0,,0.0,,1.0,,1.0,,0.125,,1.0,,1.0,,0.0,,1.0,,1.0,,2.1343749999999995,,False,"[""undefined_precision"", ""recommendations"", ""recommending_runs"", ""coverage"", ""precision"", ""abstention""]"
divergence-horizon-q1-h2,20,light,none,aligned-control,20,20,2,1,0,0.0,0.0,,0.0,,0.0,,1.0,,1.0,,1.0,,1.0,,1.0,,0.39062499999999994,,0.625,,0.625,,0.0,,False,"[""undefined_precision"", ""recommendations"", ""recommending_runs"", ""coverage"", ""precision"", ""abstention""]"
divergence-horizon-q1-h2,20,light,none,combined-rate-plus-incident,20,20,2,1,0,0.0,0.0,,0.0,,0.0,,1.0,,1.0,,0.125,,1.0,,1.0,,0.39062499999999994,,0.625,,0.625,,0.19687499999999997,,False,"[""undefined_precision"", ""recommendations"", ""recommending_runs"", ""coverage"", ""precision"", ""abstention""]"
divergence-horizon-q1-h2,20,light,none,heterogeneity-only,20,20,3,1,0,0.0,0.0,,0.0,,0.0,,1.0,,1.0,,0.375,,1.0,,1.0,,0.3109375,,0.625,,0.625,,0.043750000000000025,,False,"[""undefined_precision"", ""recommendations"", ""recommending_runs"", ""coverage"", ""precision"", ""abstention""]"
divergence-horizon-q1-h2,20,light,none,incident-knowledge-only,20,20,2,1,0,0.0,0.0,,0.0,,0.0,,1.0,,1.0,,1.0,,1.0,,1.0,,0.39062499999999994,,0.625,,0.625,,0.0,,False,"[""undefined_precision"", ""recommendations"", ""recommending_runs"", ""coverage"", ""precision"", ""abstention""]"
divergence-horizon-q1-h2,20,light,none,rate-only,20,20,2,1,0,0.0,0.0,,0.0,,0.0,,1.0,,1.0,,0.125,,1.0,,1.0,,0.39062499999999994,,0.625,,0.625,,0.19687499999999997,,False,"[""undefined_precision"", ""recommendations"", ""recommending_runs"", ""coverage"", ""precision"", ""abstention""]"
divergence-horizon-q1-h2,20,peak,blocked_ew,aligned-control,20,20,0,0,0,0.0,0.0,,0.0,,0.0,,1.0,,1.0,,1.0,,1.0,,1.0,,1.35,,0.75,,0.75,,0.0,,False,"[""undefined_precision"", ""recommendations"", ""recommending_runs"", ""coverage"", ""precision"", ""abstention""]"
divergence-horizon-q1-h2,20,peak,blocked_ew,combined-rate-plus-incident,20,20,0,0,0,0.0,0.0,,0.0,,0.0,,1.0,,1.0,,0.75,,0.0,,0.75,,2.7281250000000004,,0.75,,0.75,,19.124999999999993,,False,"[""undefined_precision"", ""recommendations"", ""recommending_runs"", ""coverage"", ""precision"", ""abstention""]"
divergence-horizon-q1-h2,20,peak,blocked_ew,heterogeneity-only,20,20,0,0,0,0.0,0.0,,0.0,,0.0,,1.0,,1.0,,0.125,,1.0,,1.0,,1.2968749999999991,,0.75,,0.75,,1.2125000000000008,,False,"[""undefined_precision"", ""recommendations"", ""recommending_runs"", ""coverage"", ""precision"", ""abstention""]"
divergence-horizon-q1-h2,20,peak,blocked_ew,incident-knowledge-only,20,20,0,0,0,0.0,0.0,,0.0,,0.0,,1.0,,1.0,,0.75,,0.25,,1.0,,1.4375000000000004,,0.75,,0.75,,1.3968749999999996,,False,"[""undefined_precision"", ""recommendations"", ""recommending_runs"", ""coverage"", ""precision"", ""abstention""]"
divergence-horizon-q1-h2,20,peak,blocked_ew,rate-only,20,20,0,0,0,0.0,0.0,,0.0,,0.0,,1.0,,1.0,,0.125,,1.0,,0.75,,1.35,,0.75,,0.75,,13.693749999999994,,False,"[""undefined_precision"", ""recommendations"", ""recommending_runs"", ""coverage"", ""precision"", ""abstention""]"
divergence-horizon-q1-h2,20,peak,none,aligned-control,20,20,0,2,0,0.0,0.0,,0.0,,0.0,,1.0,,1.0,,1.0,,1.0,,1.0,,2.1937499999999996,,0.1875,,0.1875,,0.0,,False,"[""undefined_precision"", ""recommendations"", ""recommending_runs"", ""coverage"", ""precision"", ""abstention""]"
divergence-horizon-q1-h2,20,peak,none,combined-rate-plus-incident,20,20,0,2,0,0.0,0.0,,0.0,,0.0,,1.0,,1.0,,0.375,,0.5,,0.375,,2.340625,,0.1875,,0.1875,,11.734375,,False,"[""undefined_precision"", ""recommendations"", ""recommending_runs"", ""coverage"", ""precision"", ""abstention""]"
divergence-horizon-q1-h2,20,peak,none,heterogeneity-only,20,20,0,0,0,0.0,0.0,,0.0,,0.0,,1.0,,1.0,,0.625,,1.0,,0.875,,2.0734375,,0.125,,0.125,,1.1093750000000013,,False,"[""undefined_precision"", ""recommendations"", ""recommending_runs"", ""coverage"", ""precision"", ""abstention""]"
divergence-horizon-q1-h2,20,peak,none,incident-knowledge-only,20,20,0,2,0,0.0,0.0,,0.0,,0.0,,1.0,,1.0,,1.0,,1.0,,1.0,,2.1937499999999996,,0.1875,,0.1875,,0.0,,False,"[""undefined_precision"", ""recommendations"", ""recommending_runs"", ""coverage"", ""precision"", ""abstention""]"
divergence-horizon-q1-h2,20,peak,none,rate-only,20,20,0,2,0,0.0,0.0,,0.0,,0.0,,1.0,,1.0,,0.375,,0.5,,0.375,,2.340625,,0.1875,,0.1875,,11.734375,,False,"[""undefined_precision"", ""recommendations"", ""recommending_runs"", ""coverage"", ""precision"", ""abstention""]"
divergence-horizon-q1-h6,2,light,blocked_ew,aligned-control,20,0,9,0,20,7.0,0.875,,1.0,,0.0,,0.0,,0.125,,1.0,,1.0,,1.0,,0.0,,0.875,,0.0,,0.0,,True,[]
divergence-horizon-q1-h6,2,light,blocked_ew,combined-rate-plus-incident,20,20,7,0,0,0.0,0.0,,0.0,,0.0,,1.0,,1.0,,1.0,,0.0,,0.875,,0.1875,,0.875,,0.875,,1.625,,False,"[""undefined_precision"", ""recommendations"", ""recommending_runs"", ""coverage"", ""precision"", ""abstention""]"
divergence-horizon-q1-h6,2,light,blocked_ew,heterogeneity-only,20,0,5,0,20,7.0,0.875,,1.0,,0.0,,0.0,,0.125,,0.4375,,1.0,,1.0,,0.0,,0.875,,0.0,,0.25,,True,[]
divergence-horizon-q1-h6,2,light,blocked_ew,incident-knowledge-only,20,20,9,0,0,0.0,0.0,,0.0,,0.0,,1.0,,1.0,,1.0,,0.0,,0.875,,0.0,,0.875,,0.875,,0.125,,False,"[""undefined_precision"", ""recommendations"", ""recommending_runs"", ""coverage"", ""precision"", ""abstention""]"
divergence-horizon-q1-h6,2,light,blocked_ew,rate-only,20,0,9,0,20,7.0,0.875,,1.0,,0.0,,0.0,,0.125,,0.1875,,0.875,,1.0,,0.0,,0.875,,0.0,,1.21875,,True,[]
divergence-horizon-q1-h6,2,light,none,aligned-control,20,1,0,1,19,1.0,0.125,,1.0,,0.0,,0.0,,0.875,,1.0,,1.0,,1.0,,0.4375,,0.125,,0.0,,0.0,,False,"[""undefined_precision"", ""recommendations"", ""coverage"", ""abstention""]"
divergence-horizon-q1-h6,2,light,none,combined-rate-plus-incident,20,5,0,1,15,1.0,0.125,,1.0,,0.0,,0.0,,0.875,,1.0,,0.75,,0.75,,0.46875,,0.125,,0.0,,0.5,,False,"[""undefined_precision"", ""recommendations"", ""coverage"", ""abstention""]"
divergence-horizon-q1-h6,2,light,none,heterogeneity-only,20,4,0,3,16,1.0,0.125,,1.0,,0.0,,0.0,,0.875,,0.875,,0.875,,0.875,,0.4375,,0.125,,0.0,,0.15625,,False,"[""undefined_precision"", ""recommendations"", ""coverage"", ""abstention""]"
divergence-horizon-q1-h6,2,light,none,incident-knowledge-only,20,1,0,1,19,1.0,0.125,,1.0,,0.0,,0.0,,0.875,,1.0,,1.0,,1.0,,0.4375,,0.125,,0.0,,0.0,,False,"[""undefined_precision"", ""recommendations"", ""coverage"", ""abstention""]"
divergence-horizon-q1-h6,2,light,none,rate-only,20,5,0,1,15,1.0,0.125,,1.0,,0.0,,0.0,,0.875,,1.0,,0.75,,0.75,,0.46875,,0.125,,0.0,,0.5,,False,"[""undefined_precision"", ""recommendations"", ""coverage"", ""abstention""]"
divergence-horizon-q1-h6,2,peak,blocked_ew,aligned-control,20,0,0,0,20,4.0,0.5,,1.0,,0.0,,0.0,,0.5,,1.0,,1.0,,1.0,,0.375,,0.5,,0.0,,0.0,,True,[]
divergence-horizon-q1-h6,2,peak,blocked_ew,combined-rate-plus-incident,20,20,0,0,0,0.0,0.0,,0.0,,0.0,,1.0,,1.0,,0.75,,0.5,,0.5,,0.59375,,0.5,,0.5,,3.375,,False,"[""undefined_precision"", ""recommendations"", ""recommending_runs"", ""coverage"", ""precision"", ""abstention""]"
divergence-horizon-q1-h6,2,peak,blocked_ew,heterogeneity-only,20,0,0,0,20,4.5,0.5625,,1.0,,0.0,,0.0,,0.4375,,0.5,,1.0,,0.875,,0.3125,,0.5625,,0.0,,0.46875,,True,[]
divergence-horizon-q1-h6,2,peak,blocked_ew,incident-knowledge-only,20,20,0,0,0,0.0,0.0,,0.0,,0.0,,1.0,,1.0,,0.5,,0.5,,0.75,,0.59375,,0.5,,0.5,,0.84375,,False,"[""undefined_precision"", ""recommendations"", ""recommending_runs"", ""coverage"", ""precision"", ""abstention""]"
divergence-horizon-q1-h6,2,peak,blocked_ew,rate-only,20,0,0,0,20,4.0,0.5,,1.0,,0.0,,0.0,,0.5,,0.5,,1.0,,0.5,,0.375,,0.5,,0.0,,1.96875,,True,[]
divergence-horizon-q1-h6,2,peak,none,aligned-control,20,0,0,0,20,4.0,0.5,,1.0,,0.0,,0.0,,0.5,,1.0,,1.0,,1.0,,0.21875,,0.5,,0.0,,0.0,,True,[]
divergence-horizon-q1-h6,2,peak,none,combined-rate-plus-incident,20,0,0,0,20,4.0,0.5,,1.0,,0.0,,0.0,,0.5,,0.625,,0.875,,0.5,,0.25,,0.5,,0.0,,2.4375,,True,[]
divergence-horizon-q1-h6,2,peak,none,heterogeneity-only,20,0,0,0,20,4.0,0.5,,1.0,,0.0,,0.0,,0.5,,0.625,,1.0,,0.8125,,0.3125,,0.5,,0.0,,0.546875,,True,[]
divergence-horizon-q1-h6,2,peak,none,incident-knowledge-only,20,0,0,0,20,4.0,0.5,,1.0,,0.0,,0.0,,0.5,,1.0,,1.0,,1.0,,0.21875,,0.5,,0.0,,0.0,,True,[]
divergence-horizon-q1-h6,2,peak,none,rate-only,20,0,0,0,20,4.0,0.5,,1.0,,0.0,,0.0,,0.5,,0.625,,0.875,,0.5,,0.25,,0.5,,0.0,,2.4375,,True,[]
divergence-horizon-q1-h6,6,light,blocked_ew,aligned-control,20,0,8,0,20,7.0,0.875,,1.0,,0.0,,0.0,,0.125,,1.0,,1.0,,1.0,,0.0,,0.875,,0.0,,0.0,,True,[]
divergence-horizon-q1-h6,6,light,blocked_ew,combined-rate-plus-incident,20,20,8,0,0,0.0,0.0,,0.0,,0.0,,1.0,,1.0,,1.0,,0.0,,0.875,,0.7499999999999998,,0.875,,0.875,,4.135416666666666,,False,"[""undefined_precision"", ""recommendations"", ""recommending_runs"", ""coverage"", ""precision"", ""abstention""]"
divergence-horizon-q1-h6,6,light,blocked_ew,heterogeneity-only,20,0,9,0,20,7.0,0.875,,1.0,,0.0,,0.0,,0.125,,0.25,,1.0,,1.0,,0.0,,0.875,,0.0,,0.3489583333333336,,True,[]
divergence-horizon-q1-h6,6,light,blocked_ew,incident-knowledge-only,20,20,8,0,0,0.0,0.0,,0.0,,0.0,,1.0,,1.0,,1.0,,0.0,,0.875,,0.14583333333333326,,0.875,,0.875,,0.4375000000000001,,False,"[""undefined_precision"", ""recommendations"", ""recommending_runs"", ""coverage"", ""precision"", ""abstention""]"
divergence-horizon-q1-h6,6,light,blocked_ew,rate-only,20,0,8,0,20,7.0,0.875,,1.0,,0.0,,0.0,,0.125,,0.125,,0.9375,,1.0,,0.0,,0.875,,0.0,,2.1562499999999996,,True,[]
divergence-horizon-q1-h6,6,light,none,aligned-control,20,3,1,3,17,1.5,0.1875,,1.0,,0.0,,0.0,,0.8125,,1.0,,1.0,,1.0,,0.8020833333333334,,0.1875,,0.0,,0.0,,False,"[""undefined_precision"", ""recommendations"", ""coverage"", ""abstention""]"
divergence-horizon-q1-h6,6,light,none,combined-rate-plus-incident,20,3,1,3,17,1.5,0.1875,,1.0,,0.0,,0.0,,0.8125,,0.5,,1.0,,0.9375,,0.8020833333333334,,0.1875,,0.0,,0.35416666666666674,,False,"[""undefined_precision"", ""recommendations"", ""coverage"", ""abstention""]"
divergence-horizon-q1-h6,6,light,none,heterogeneity-only,20,5,0,5,15,2.0,0.25,,1.0,,0.0,,0.0,,0.75,,0.5,,1.0,,0.875,,0.7916666666666667,,0.25,,0.0,,0.1041666666666667,,False,"[""undefined_precision"", ""abstention""]"
divergence-horizon-q1-h6,6,light,none,incident-knowledge-only,20,3,1,3,17,1.5,0.1875,,1.0,,0.0,,0.0,,0.8125,,1.0,,1.0,,1.0,,0.8020833333333334,,0.1875,,0.0,,0.0,,False,"[""undefined_precision"", ""recommendations"", ""coverage"", ""abstention""]"
divergence-horizon-q1-h6,6,light,none,rate-only,20,3,1,3,17,1.5,0.1875,,1.0,,0.0,,0.0,,0.8125,,0.5,,1.0,,0.9375,,0.8020833333333334,,0.1875,,0.0,,0.35416666666666674,,False,"[""undefined_precision"", ""recommendations"", ""coverage"", ""abstention""]"
divergence-horizon-q1-h6,6,peak,blocked_ew,aligned-control,20,0,0,0,20,5.0,0.625,,1.0,,0.0,,0.0,,0.375,,1.0,,1.0,,1.0,,0.7499999999999999,,0.625,,0.0,,0.0,,True,[]
divergence-horizon-q1-h6,6,peak,blocked_ew,combined-rate-plus-incident,20,20,0,0,0,0.0,0.0,,0.0,,0.0,,1.0,,1.0,,0.625,,0.25,,0.625,,1.34375,,0.625,,0.625,,7.364583333333334,,False,"[""undefined_precision"", ""recommendations"", ""recommending_runs"", ""coverage"", ""precision"", ""abstention""]"
divergence-horizon-q1-h6,6,peak,blocked_ew,heterogeneity-only,20,0,0,0,20,5.5,0.6875,,1.0,,0.0,,0.0,,0.3125,,0.25,,1.0,,1.0,,0.5729166666666667,,0.6875,,0.0,,0.5937499999999991,,True,[]
divergence-horizon-q1-h6,6,peak,blocked_ew,incident-knowledge-only,20,20,0,0,0,0.0,0.0,,0.0,,0.0,,1.0,,1.0,,0.625,,0.375,,0.8125,,1.3437499999999996,,0.625,,0.625,,1.53125,,False,"[""undefined_precision"", ""recommendations"", ""recommending_runs"", ""coverage"", ""precision"", ""abstention""]"
divergence-horizon-q1-h6,6,peak,blocked_ew,rate-only,20,0,0,0,20,5.0,0.625,,1.0,,0.0,,0.0,,0.375,,0.3125,,1.0,,0.625,,0.7499999999999999,,0.625,,0.0,,5.041666666666667,,True,[]
divergence-horizon-q1-h6,6,peak,none,aligned-control,20,0,0,0,20,4.0,0.5,,1.0,,0.0,,0.0,,0.5,,1.0,,1.0,,1.0,,0.6562499999999999,,0.5,,0.0,,0.0,,True,[]
divergence-horizon-q1-h6,6,peak,none,combined-rate-plus-incident,20,0,0,0,20,3.5,0.4375,,1.0,,0.0,,0.2,,0.5625,,0.5625,,0.6875,,0.5,,0.8333333333333344,,0.5,,0.125,,5.28125,,True,[]
divergence-horizon-q1-h6,6,peak,none,heterogeneity-only,20,1,0,1,19,3.5,0.4375,,1.0,,0.0,,0.0,,0.5625,,0.625,,1.0,,0.875,,0.6406250000000004,,0.5,,0.0,,0.7187499999999998,,False,"[""undefined_precision""]"
divergence-horizon-q1-h6,6,peak,none,incident-knowledge-only,20,0,0,0,20,4.0,0.5,,1.0,,0.0,,0.0,,0.5,,1.0,,1.0,,1.0,,0.6562499999999999,,0.5,,0.0,,0.0,,True,[]
divergence-horizon-q1-h6,6,peak,none,rate-only,20,0,0,0,20,3.5,0.4375,,1.0,,0.0,,0.2,,0.5625,,0.5625,,0.6875,,0.5,,0.8333333333333344,,0.5,,0.125,,5.28125,,True,[]
divergence-horizon-q1-h6,20,light,blocked_ew,aligned-control,20,20,12,0,0,0.0,0.0,,0.0,,0.0,,1.0,,1.0,,1.0,,1.0,,1.0,,0.0,,1.0,,1.0,,0.0,,False,"[""undefined_precision"", ""recommendations"", ""recommending_runs"", ""coverage"", ""precision"", ""abstention""]"
divergence-horizon-q1-h6,20,light,blocked_ew,combined-rate-plus-incident,20,20,11,0,0,0.0,0.0,,0.0,,0.0,,1.0,,1.0,,1.0,,0.0,,1.0,,1.5812499999999998,,1.0,,1.0,,10.671875,,False,"[""undefined_precision"", ""recommendations"", ""recommending_runs"", ""coverage"", ""precision"", ""abstention""]"
divergence-horizon-q1-h6,20,light,blocked_ew,heterogeneity-only,20,20,10,0,0,0.0,0.0,,0.0,,0.0,,1.0,,1.0,,0.125,,1.0,,1.0,,0.025000000000000022,,0.9375,,0.9375,,0.3328125000000002,,False,"[""undefined_precision"", ""recommendations"", ""recommending_runs"", ""coverage"", ""precision"", ""abstention""]"
divergence-horizon-q1-h6,20,light,blocked_ew,incident-knowledge-only,20,20,11,0,0,0.0,0.0,,0.0,,0.0,,1.0,,1.0,,1.0,,0.0,,1.0,,1.0562500000000004,,1.0,,1.0,,3.871875,,False,"[""undefined_precision"", ""recommendations"", ""recommending_runs"", ""coverage"", ""precision"", ""abstention""]"
divergence-horizon-q1-h6,20,light,blocked_ew,rate-only,20,20,12,0,0,0.0,0.0,,0.0,,0.0,,1.0,,1.0,,0.125,,1.0,,1.0,,0.0,,1.0,,1.0,,2.1343749999999995,,False,"[""undefined_precision"", ""recommendations"", ""recommending_runs"", ""coverage"", ""precision"", ""abstention""]"
divergence-horizon-q1-h6,20,light,none,aligned-control,20,20,2,1,0,0.0,0.0,,0.0,,0.0,,1.0,,1.0,,1.0,,1.0,,1.0,,0.39062499999999994,,0.625,,0.625,,0.0,,False,"[""undefined_precision"", ""recommendations"", ""recommending_runs"", ""coverage"", ""precision"", ""abstention""]"
divergence-horizon-q1-h6,20,light,none,combined-rate-plus-incident,20,20,2,1,0,0.0,0.0,,0.0,,0.0,,1.0,,1.0,,0.125,,1.0,,1.0,,0.39062499999999994,,0.625,,0.625,,0.19687499999999997,,False,"[""undefined_precision"", ""recommendations"", ""recommending_runs"", ""coverage"", ""precision"", ""abstention""]"
divergence-horizon-q1-h6,20,light,none,heterogeneity-only,20,20,3,1,0,0.0,0.0,,0.0,,0.0,,1.0,,1.0,,0.375,,1.0,,1.0,,0.3109375,,0.625,,0.625,,0.043750000000000025,,False,"[""undefined_precision"", ""recommendations"", ""recommending_runs"", ""coverage"", ""precision"", ""abstention""]"
divergence-horizon-q1-h6,20,light,none,incident-knowledge-only,20,20,2,1,0,0.0,0.0,,0.0,,0.0,,1.0,,1.0,,1.0,,1.0,,1.0,,0.39062499999999994,,0.625,,0.625,,0.0,,False,"[""undefined_precision"", ""recommendations"", ""recommending_runs"", ""coverage"", ""precision"", ""abstention""]"
divergence-horizon-q1-h6,20,light,none,rate-only,20,20,2,1,0,0.0,0.0,,0.0,,0.0,,1.0,,1.0,,0.125,,1.0,,1.0,,0.39062499999999994,,0.625,,0.625,,0.19687499999999997,,False,"[""undefined_precision"", ""recommendations"", ""recommending_runs"", ""coverage"", ""precision"", ""abstention""]"
divergence-horizon-q1-h6,20,peak,blocked_ew,aligned-control,20,20,0,0,0,0.0,0.0,,0.0,,0.0,,1.0,,1.0,,1.0,,1.0,,1.0,,1.35,,0.75,,0.75,,0.0,,False,"[""undefined_precision"", ""recommendations"", ""recommending_runs"", ""coverage"", ""precision"", ""abstention""]"
divergence-horizon-q1-h6,20,peak,blocked_ew,combined-rate-plus-incident,20,20,0,0,0,0.0,0.0,,0.0,,0.0,,1.0,,1.0,,0.75,,0.0,,0.75,,2.7281250000000004,,0.75,,0.75,,19.124999999999993,,False,"[""undefined_precision"", ""recommendations"", ""recommending_runs"", ""coverage"", ""precision"", ""abstention""]"
divergence-horizon-q1-h6,20,peak,blocked_ew,heterogeneity-only,20,20,0,0,0,0.0,0.0,,0.0,,0.0,,1.0,,1.0,,0.125,,1.0,,1.0,,1.2968749999999991,,0.75,,0.75,,1.2125000000000008,,False,"[""undefined_precision"", ""recommendations"", ""recommending_runs"", ""coverage"", ""precision"", ""abstention""]"
divergence-horizon-q1-h6,20,peak,blocked_ew,incident-knowledge-only,20,20,0,0,0,0.0,0.0,,0.0,,0.0,,1.0,,1.0,,0.75,,0.25,,1.0,,1.4375000000000004,,0.75,,0.75,,1.3968749999999996,,False,"[""undefined_precision"", ""recommendations"", ""recommending_runs"", ""coverage"", ""precision"", ""abstention""]"
divergence-horizon-q1-h6,20,peak,blocked_ew,rate-only,20,20,0,0,0,0.0,0.0,,0.0,,0.0,,1.0,,1.0,,0.125,,1.0,,0.75,,1.35,,0.75,,0.75,,13.693749999999994,,False,"[""undefined_precision"", ""recommendations"", ""recommending_runs"", ""coverage"", ""precision"", ""abstention""]"
divergence-horizon-q1-h6,20,peak,none,aligned-control,20,20,0,2,0,0.0,0.0,,0.0,,0.0,,1.0,,1.0,,1.0,,1.0,,1.0,,2.1937499999999996,,0.1875,,0.1875,,0.0,,False,"[""undefined_precision"", ""recommendations"", ""recommending_runs"", ""coverage"", ""precision"", ""abstention""]"
divergence-horizon-q1-h6,20,peak,none,combined-rate-plus-incident,20,20,0,2,0,0.0,0.0,,0.0,,0.0,,1.0,,1.0,,0.375,,0.5,,0.375,,2.340625,,0.1875,,0.1875,,11.734375,,False,"[""undefined_precision"", ""recommendations"", ""recommending_runs"", ""coverage"", ""precision"", ""abstention""]"
divergence-horizon-q1-h6,20,peak,none,heterogeneity-only,20,20,0,0,0,0.0,0.0,,0.0,,0.0,,1.0,,1.0,,0.625,,1.0,,0.875,,2.0734375,,0.125,,0.125,,1.1093750000000013,,False,"[""undefined_precision"", ""recommendations"", ""recommending_runs"", ""coverage"", ""precision"", ""abstention""]"
divergence-horizon-q1-h6,20,peak,none,incident-knowledge-only,20,20,0,2,0,0.0,0.0,,0.0,,0.0,,1.0,,1.0,,1.0,,1.0,,1.0,,2.1937499999999996,,0.1875,,0.1875,,0.0,,False,"[""undefined_precision"", ""recommendations"", ""recommending_runs"", ""coverage"", ""precision"", ""abstention""]"
divergence-horizon-q1-h6,20,peak,none,rate-only,20,20,0,2,0,0.0,0.0,,0.0,,0.0,,1.0,,1.0,,0.375,,0.5,,0.375,,2.340625,,0.1875,,0.1875,,11.734375,,False,"[""undefined_precision"", ""recommendations"", ""recommending_runs"", ""coverage"", ""precision"", ""abstention""]"
divergence-horizon-q1-h20,2,light,blocked_ew,aligned-control,20,0,9,0,20,7.0,0.875,,1.0,,0.0,,0.0,,0.125,,1.0,,1.0,,1.0,,0.0,,0.875,,0.0,,0.0,,True,[]
divergence-horizon-q1-h20,2,light,blocked_ew,combined-rate-plus-incident,20,20,7,0,0,0.0,0.0,,0.0,,0.0,,1.0,,1.0,,1.0,,0.0,,0.875,,0.1875,,0.875,,0.875,,1.625,,False,"[""undefined_precision"", ""recommendations"", ""recommending_runs"", ""coverage"", ""precision"", ""abstention""]"
divergence-horizon-q1-h20,2,light,blocked_ew,heterogeneity-only,20,0,5,0,20,7.0,0.875,,1.0,,0.0,,0.0,,0.125,,0.4375,,1.0,,1.0,,0.0,,0.875,,0.0,,0.25,,True,[]
divergence-horizon-q1-h20,2,light,blocked_ew,incident-knowledge-only,20,20,9,0,0,0.0,0.0,,0.0,,0.0,,1.0,,1.0,,1.0,,0.0,,0.875,,0.0,,0.875,,0.875,,0.125,,False,"[""undefined_precision"", ""recommendations"", ""recommending_runs"", ""coverage"", ""precision"", ""abstention""]"
divergence-horizon-q1-h20,2,light,blocked_ew,rate-only,20,0,9,0,20,7.0,0.875,,1.0,,0.0,,0.0,,0.125,,0.1875,,0.875,,1.0,,0.0,,0.875,,0.0,,1.21875,,True,[]
divergence-horizon-q1-h20,2,light,none,aligned-control,20,1,0,1,19,1.0,0.125,,1.0,,0.0,,0.0,,0.875,,1.0,,1.0,,1.0,,0.4375,,0.125,,0.0,,0.0,,False,"[""undefined_precision"", ""recommendations"", ""coverage"", ""abstention""]"
divergence-horizon-q1-h20,2,light,none,combined-rate-plus-incident,20,5,0,1,15,1.0,0.125,,1.0,,0.0,,0.0,,0.875,,1.0,,0.75,,0.75,,0.46875,,0.125,,0.0,,0.5,,False,"[""undefined_precision"", ""recommendations"", ""coverage"", ""abstention""]"
divergence-horizon-q1-h20,2,light,none,heterogeneity-only,20,4,0,3,16,1.0,0.125,,1.0,,0.0,,0.0,,0.875,,0.875,,0.875,,0.875,,0.4375,,0.125,,0.0,,0.15625,,False,"[""undefined_precision"", ""recommendations"", ""coverage"", ""abstention""]"
divergence-horizon-q1-h20,2,light,none,incident-knowledge-only,20,1,0,1,19,1.0,0.125,,1.0,,0.0,,0.0,,0.875,,1.0,,1.0,,1.0,,0.4375,,0.125,,0.0,,0.0,,False,"[""undefined_precision"", ""recommendations"", ""coverage"", ""abstention""]"
divergence-horizon-q1-h20,2,light,none,rate-only,20,5,0,1,15,1.0,0.125,,1.0,,0.0,,0.0,,0.875,,1.0,,0.75,,0.75,,0.46875,,0.125,,0.0,,0.5,,False,"[""undefined_precision"", ""recommendations"", ""coverage"", ""abstention""]"
divergence-horizon-q1-h20,2,peak,blocked_ew,aligned-control,20,0,0,0,20,4.0,0.5,,1.0,,0.0,,0.0,,0.5,,1.0,,1.0,,1.0,,0.375,,0.5,,0.0,,0.0,,True,[]
divergence-horizon-q1-h20,2,peak,blocked_ew,combined-rate-plus-incident,20,20,0,0,0,0.0,0.0,,0.0,,0.0,,1.0,,1.0,,0.75,,0.5,,0.5,,0.59375,,0.5,,0.5,,3.375,,False,"[""undefined_precision"", ""recommendations"", ""recommending_runs"", ""coverage"", ""precision"", ""abstention""]"
divergence-horizon-q1-h20,2,peak,blocked_ew,heterogeneity-only,20,0,0,0,20,4.5,0.5625,,1.0,,0.0,,0.0,,0.4375,,0.5,,1.0,,0.875,,0.3125,,0.5625,,0.0,,0.46875,,True,[]
divergence-horizon-q1-h20,2,peak,blocked_ew,incident-knowledge-only,20,20,0,0,0,0.0,0.0,,0.0,,0.0,,1.0,,1.0,,0.5,,0.5,,0.75,,0.59375,,0.5,,0.5,,0.84375,,False,"[""undefined_precision"", ""recommendations"", ""recommending_runs"", ""coverage"", ""precision"", ""abstention""]"
divergence-horizon-q1-h20,2,peak,blocked_ew,rate-only,20,0,0,0,20,4.0,0.5,,1.0,,0.0,,0.0,,0.5,,0.5,,1.0,,0.5,,0.375,,0.5,,0.0,,1.96875,,True,[]
divergence-horizon-q1-h20,2,peak,none,aligned-control,20,0,0,0,20,4.0,0.5,,1.0,,0.0,,0.0,,0.5,,1.0,,1.0,,1.0,,0.21875,,0.5,,0.0,,0.0,,True,[]
divergence-horizon-q1-h20,2,peak,none,combined-rate-plus-incident,20,0,0,0,20,4.0,0.5,,1.0,,0.0,,0.0,,0.5,,0.625,,0.875,,0.5,,0.25,,0.5,,0.0,,2.4375,,True,[]
divergence-horizon-q1-h20,2,peak,none,heterogeneity-only,20,0,0,0,20,4.0,0.5,,1.0,,0.0,,0.0,,0.5,,0.625,,1.0,,0.8125,,0.3125,,0.5,,0.0,,0.546875,,True,[]
divergence-horizon-q1-h20,2,peak,none,incident-knowledge-only,20,0,0,0,20,4.0,0.5,,1.0,,0.0,,0.0,,0.5,,1.0,,1.0,,1.0,,0.21875,,0.5,,0.0,,0.0,,True,[]
divergence-horizon-q1-h20,2,peak,none,rate-only,20,0,0,0,20,4.0,0.5,,1.0,,0.0,,0.0,,0.5,,0.625,,0.875,,0.5,,0.25,,0.5,,0.0,,2.4375,,True,[]
divergence-horizon-q1-h20,6,light,blocked_ew,aligned-control,20,0,8,0,20,7.0,0.875,,1.0,,0.0,,0.0,,0.125,,1.0,,1.0,,1.0,,0.0,,0.875,,0.0,,0.0,,True,[]
divergence-horizon-q1-h20,6,light,blocked_ew,combined-rate-plus-incident,20,20,8,0,0,0.0,0.0,,0.0,,0.0,,1.0,,1.0,,1.0,,0.0,,0.875,,0.7499999999999998,,0.875,,0.875,,4.135416666666666,,False,"[""undefined_precision"", ""recommendations"", ""recommending_runs"", ""coverage"", ""precision"", ""abstention""]"
divergence-horizon-q1-h20,6,light,blocked_ew,heterogeneity-only,20,0,9,0,20,7.0,0.875,,1.0,,0.0,,0.0,,0.125,,0.25,,1.0,,1.0,,0.0,,0.875,,0.0,,0.3489583333333336,,True,[]
divergence-horizon-q1-h20,6,light,blocked_ew,incident-knowledge-only,20,20,8,0,0,0.0,0.0,,0.0,,0.0,,1.0,,1.0,,1.0,,0.0,,0.875,,0.14583333333333326,,0.875,,0.875,,0.4375000000000001,,False,"[""undefined_precision"", ""recommendations"", ""recommending_runs"", ""coverage"", ""precision"", ""abstention""]"
divergence-horizon-q1-h20,6,light,blocked_ew,rate-only,20,0,8,0,20,7.0,0.875,,1.0,,0.0,,0.0,,0.125,,0.125,,0.9375,,1.0,,0.0,,0.875,,0.0,,2.1562499999999996,,True,[]
divergence-horizon-q1-h20,6,light,none,aligned-control,20,3,1,3,17,1.5,0.1875,,1.0,,0.0,,0.0,,0.8125,,1.0,,1.0,,1.0,,0.8020833333333334,,0.1875,,0.0,,0.0,,False,"[""undefined_precision"", ""recommendations"", ""coverage"", ""abstention""]"
divergence-horizon-q1-h20,6,light,none,combined-rate-plus-incident,20,3,1,3,17,1.5,0.1875,,1.0,,0.0,,0.0,,0.8125,,0.5,,1.0,,0.9375,,0.8020833333333334,,0.1875,,0.0,,0.35416666666666674,,False,"[""undefined_precision"", ""recommendations"", ""coverage"", ""abstention""]"
divergence-horizon-q1-h20,6,light,none,heterogeneity-only,20,5,0,5,15,2.0,0.25,,1.0,,0.0,,0.0,,0.75,,0.5,,1.0,,0.875,,0.7916666666666667,,0.25,,0.0,,0.1041666666666667,,False,"[""undefined_precision"", ""abstention""]"
divergence-horizon-q1-h20,6,light,none,incident-knowledge-only,20,3,1,3,17,1.5,0.1875,,1.0,,0.0,,0.0,,0.8125,,1.0,,1.0,,1.0,,0.8020833333333334,,0.1875,,0.0,,0.0,,False,"[""undefined_precision"", ""recommendations"", ""coverage"", ""abstention""]"
divergence-horizon-q1-h20,6,light,none,rate-only,20,3,1,3,17,1.5,0.1875,,1.0,,0.0,,0.0,,0.8125,,0.5,,1.0,,0.9375,,0.8020833333333334,,0.1875,,0.0,,0.35416666666666674,,False,"[""undefined_precision"", ""recommendations"", ""coverage"", ""abstention""]"
divergence-horizon-q1-h20,6,peak,blocked_ew,aligned-control,20,0,0,0,20,5.0,0.625,,1.0,,0.0,,0.0,,0.375,,1.0,,1.0,,1.0,,0.7499999999999999,,0.625,,0.0,,0.0,,True,[]
divergence-horizon-q1-h20,6,peak,blocked_ew,combined-rate-plus-incident,20,20,0,0,0,0.0,0.0,,0.0,,0.0,,1.0,,1.0,,0.625,,0.25,,0.625,,1.34375,,0.625,,0.625,,7.364583333333334,,False,"[""undefined_precision"", ""recommendations"", ""recommending_runs"", ""coverage"", ""precision"", ""abstention""]"
divergence-horizon-q1-h20,6,peak,blocked_ew,heterogeneity-only,20,0,0,0,20,5.5,0.6875,,1.0,,0.0,,0.0,,0.3125,,0.25,,1.0,,1.0,,0.5729166666666667,,0.6875,,0.0,,0.5937499999999991,,True,[]
divergence-horizon-q1-h20,6,peak,blocked_ew,incident-knowledge-only,20,20,0,0,0,0.0,0.0,,0.0,,0.0,,1.0,,1.0,,0.625,,0.375,,0.8125,,1.3437499999999996,,0.625,,0.625,,1.53125,,False,"[""undefined_precision"", ""recommendations"", ""recommending_runs"", ""coverage"", ""precision"", ""abstention""]"
divergence-horizon-q1-h20,6,peak,blocked_ew,rate-only,20,0,0,0,20,5.0,0.625,,1.0,,0.0,,0.0,,0.375,,0.3125,,1.0,,0.625,,0.7499999999999999,,0.625,,0.0,,5.041666666666667,,True,[]
divergence-horizon-q1-h20,6,peak,none,aligned-control,20,0,0,0,20,4.0,0.5,,1.0,,0.0,,0.0,,0.5,,1.0,,1.0,,1.0,,0.6562499999999999,,0.5,,0.0,,0.0,,True,[]
divergence-horizon-q1-h20,6,peak,none,combined-rate-plus-incident,20,0,0,0,20,3.5,0.4375,,1.0,,0.0,,0.2,,0.5625,,0.5625,,0.6875,,0.5,,0.8333333333333344,,0.5,,0.125,,5.28125,,True,[]
divergence-horizon-q1-h20,6,peak,none,heterogeneity-only,20,1,0,1,19,3.5,0.4375,,1.0,,0.0,,0.0,,0.5625,,0.625,,1.0,,0.875,,0.6406250000000004,,0.5,,0.0,,0.7187499999999998,,False,"[""undefined_precision""]"
divergence-horizon-q1-h20,6,peak,none,incident-knowledge-only,20,0,0,0,20,4.0,0.5,,1.0,,0.0,,0.0,,0.5,,1.0,,1.0,,1.0,,0.6562499999999999,,0.5,,0.0,,0.0,,True,[]
divergence-horizon-q1-h20,6,peak,none,rate-only,20,0,0,0,20,3.5,0.4375,,1.0,,0.0,,0.2,,0.5625,,0.5625,,0.6875,,0.5,,0.8333333333333344,,0.5,,0.125,,5.28125,,True,[]
divergence-horizon-q1-h20,20,light,blocked_ew,aligned-control,20,0,12,0,20,8.0,1.0,,1.0,,0.0,,0.0,,0.0,,1.0,,1.0,,1.0,,0.0,,1.0,,0.0,,0.0,,True,[]
divergence-horizon-q1-h20,20,light,blocked_ew,combined-rate-plus-incident,20,20,11,0,0,0.0,0.0,,0.0,,0.0,,1.0,,1.0,,1.0,,0.0,,1.0,,1.5812499999999998,,1.0,,1.0,,10.671875,,False,"[""undefined_precision"", ""recommendations"", ""recommending_runs"", ""coverage"", ""precision"", ""abstention""]"
divergence-horizon-q1-h20,20,light,blocked_ew,heterogeneity-only,20,0,10,0,20,7.5,0.9375,,1.0,,0.0,,0.0,,0.0625,,0.125,,1.0,,1.0,,0.025000000000000022,,0.9375,,0.0,,0.3328125000000002,,True,[]
divergence-horizon-q1-h20,20,light,blocked_ew,incident-knowledge-only,20,20,11,0,0,0.0,0.0,,0.0,,0.0,,1.0,,1.0,,1.0,,0.0,,1.0,,1.0562500000000004,,1.0,,1.0,,3.871875,,False,"[""undefined_precision"", ""recommendations"", ""recommending_runs"", ""coverage"", ""precision"", ""abstention""]"
divergence-horizon-q1-h20,20,light,blocked_ew,rate-only,20,0,12,0,20,8.0,1.0,,1.0,,0.0,,0.0,,0.0,,0.125,,1.0,,1.0,,0.0,,1.0,,0.0,,2.1343749999999995,,True,[]
divergence-horizon-q1-h20,20,light,none,aligned-control,20,1,2,1,19,5.0,0.625,,1.0,,0.0,,0.0,,0.375,,1.0,,1.0,,1.0,,0.39062499999999994,,0.625,,0.0,,0.0,,False,"[""undefined_precision""]"
divergence-horizon-q1-h20,20,light,none,combined-rate-plus-incident,20,0,2,1,20,5.0,0.625,,1.0,,0.0,,0.0,,0.375,,0.125,,1.0,,1.0,,0.39062499999999994,,0.625,,0.0,,0.19687499999999997,,True,[]
divergence-horizon-q1-h20,20,light,none,heterogeneity-only,20,1,3,1,19,5.5,0.6875,,1.0,,0.0,,0.0,,0.3125,,0.375,,1.0,,1.0,,0.3109375,,0.625,,0.0,,0.043750000000000025,,False,"[""undefined_precision""]"
divergence-horizon-q1-h20,20,light,none,incident-knowledge-only,20,1,2,1,19,5.0,0.625,,1.0,,0.0,,0.0,,0.375,,1.0,,1.0,,1.0,,0.39062499999999994,,0.625,,0.0,,0.0,,False,"[""undefined_precision""]"
divergence-horizon-q1-h20,20,light,none,rate-only,20,0,2,1,20,5.0,0.625,,1.0,,0.0,,0.0,,0.375,,0.125,,1.0,,1.0,,0.39062499999999994,,0.625,,0.0,,0.19687499999999997,,True,[]
divergence-horizon-q1-h20,20,peak,blocked_ew,aligned-control,20,0,0,0,20,6.0,0.75,,1.0,,0.0,,0.0,,0.25,,1.0,,1.0,,1.0,,1.35,,0.75,,0.0,,0.0,,True,[]
divergence-horizon-q1-h20,20,peak,blocked_ew,combined-rate-plus-incident,20,20,0,0,0,0.0,0.0,,0.0,,0.0,,1.0,,1.0,,0.75,,0.0,,0.75,,2.7281250000000004,,0.75,,0.75,,19.124999999999993,,False,"[""undefined_precision"", ""recommendations"", ""recommending_runs"", ""coverage"", ""precision"", ""abstention""]"
divergence-horizon-q1-h20,20,peak,blocked_ew,heterogeneity-only,20,0,0,0,20,6.0,0.75,,1.0,,0.0,,0.0,,0.25,,0.125,,1.0,,1.0,,1.2968749999999991,,0.75,,0.0,,1.2125000000000008,,True,[]
divergence-horizon-q1-h20,20,peak,blocked_ew,incident-knowledge-only,20,20,0,0,0,0.0,0.0,,0.0,,0.0,,1.0,,1.0,,0.75,,0.25,,1.0,,1.4375000000000004,,0.75,,0.75,,1.3968749999999996,,False,"[""undefined_precision"", ""recommendations"", ""recommending_runs"", ""coverage"", ""precision"", ""abstention""]"
divergence-horizon-q1-h20,20,peak,blocked_ew,rate-only,20,0,0,0,20,6.0,0.75,,1.0,,0.0,,0.0,,0.25,,0.125,,1.0,,0.75,,1.35,,0.75,,0.0,,13.693749999999994,,True,[]
divergence-horizon-q1-h20,20,peak,none,aligned-control,20,2,0,2,18,1.5,0.1875,,1.0,,0.0,,0.0,,0.8125,,1.0,,1.0,,1.0,,2.1937499999999996,,0.1875,,0.0,,0.0,,False,"[""undefined_precision"", ""recommendations"", ""coverage"", ""abstention""]"
divergence-horizon-q1-h20,20,peak,none,combined-rate-plus-incident,20,0,0,2,20,5.0,0.625,,0.2,,0.5,,0.0,,0.375,,0.375,,0.5,,0.375,,2.340625,,0.1875,,0.0,,11.734375,,False,"[""precision"", ""fpr""]"
divergence-horizon-q1-h20,20,peak,none,heterogeneity-only,20,1,0,0,19,1.0,0.125,,1.0,,0.0,,0.0,,0.875,,0.625,,1.0,,0.875,,2.0734375,,0.125,,0.0,,1.1093750000000013,,False,"[""undefined_precision"", ""recommendations"", ""coverage"", ""abstention""]"
divergence-horizon-q1-h20,20,peak,none,incident-knowledge-only,20,2,0,2,18,1.5,0.1875,,1.0,,0.0,,0.0,,0.8125,,1.0,,1.0,,1.0,,2.1937499999999996,,0.1875,,0.0,,0.0,,False,"[""undefined_precision"", ""recommendations"", ""coverage"", ""abstention""]"
divergence-horizon-q1-h20,20,peak,none,rate-only,20,0,0,2,20,5.0,0.625,,0.2,,0.5,,0.0,,0.375,,0.375,,0.5,,0.375,,2.340625,,0.1875,,0.0,,11.734375,,False,"[""precision"", ""fpr""]"
